1.4667,1.243,0.68385,1.6125,2.3538,1.2333,2.0363,1.3546,1.1107,0.7884,1.8389,2.0545,1.7825,1.369,1.4554,1.1226,1.8581,1.1058,1.6487,1.8059,1.717,0.91966,2.0343,1.6843,1.3836,1.4124,1.5796,1.4351,1.1979,1.2383
0.8809,0.84156,0.68385,1.3983,1.2189,1.1008,1.8436,1.1642,1.1107,0.62908,1.8389,2.0545,1.7825,1.3135,0.71498,0.96693,1.2951,1.1058,1.3076,1.5885,1.1435,0.83594,1.1555,1.6843,1.0155,0.99285,1.5796,1.435,1.1093,0.90529
0.83131,0.84156,0.68385,1.1322,0.7121,1.1008,0.9493,0.90978,1.1107,0.62908,1.2788,1.2607,1.7825,1.2898,0.71498,0.91188,1.2424,0.8369,0.95494,1.2378,0.77973,0.83594,1.0205,1.6843,1.0155,0.67355,1.1579,0.95521,0.96357,0.90529
0.83131,0.84156,0.68385,0.83075,0.7121,0.81787,0.9493,0.88262,1.1107,0.62908,0.95425,1.043,1.7825,1.2898,0.71498,0.78348,0.87666,0.8369,0.95494,1.2378,0.77973,0.83594,1.0205,1.2457,1.0155,0.67355,1.1579,0.95521,0.96357,0.90529
0.83131,0.84156,0.68385,0.83075,0.7121,0.81787,0.86695,0.82353,0.86661,0.62908,0.80387,1.043,0.83724,0.92263,0.71498,0.78348,0.78525,0.74825,0.69561,1.2378,0.77973,0.79251,0.90178,1.2457,0.93444,0.67112,0.88043,0.95521,0.85519,0.90529
0.83131,0.84156,0.68385,0.76278,0.7121,0.81787,0.86695,0.74388,0.78983,0.62908,0.80387,1.043,0.83724,0.9192,0.46648,0.78348,0.71055,0.65922,0.69561,0.97806,0.77417,0.79251,0.62994,1.0854,0.93444,0.67112,0.88043,0.78522,0.66037,0.90529
0.62702,0.84156,0.68385,0.76278,0.7121,0.77297,0.86695,0.67689,0.78983,0.62908,0.80387,1.043,0.83724,0.68328,0.46648,0.78348,0.71055,0.65922,0.69561,0.97806,0.70546,0.684,0.60118,1.0854,0.78846,0.67112,0.78108,0.78522,0.66037,0.58556
0.62702,0.57703,0.68385,0.76278,0.7121,0.77297,0.86466,0.63063,0.75445,0.60462,0.80387,0.7776,0.83724,0.68328,0.46648,0.78348,0.71055,0.65922,0.66461,0.91321,0.65923,0.67651,0.60118,0.79584,0.78846,0.67112,0.50099,0.73054,0.66037,0.58556
0.62702,0.57703,0.68385,0.73483,0.7121,0.68553,0.86466,0.63063,0.75445,0.60462,0.75749,0.7696,0.83724,0.68328,0.46648,0.63129,0.64799,0.65922,0.66461,0.79911,0.65923,0.58903,0.60118,0.79584,0.68306,0.67112,0.47292,0.73054,0.66037,0.57686
0.62702,0.57703,0.68385,0.73483,0.7121,0.59152,0.86466,0.63063,0.75445,0.60462,0.75749,0.63982,0.83724,0.68328,0.46648,0.63129,0.64799,0.65922,0.66461,0.79911,0.61236,0.58903,0.59949,0.79584,0.68306,0.67112,0.44292,0.69486,0.66037,0.57686
0.62702,0.57703,0.68385,0.73483,0.70188,0.59152,0.76403,0.63063,0.68033,0.60462,0.75749,0.63982,0.83724,0.68328,0.46648,0.63129,0.64799,0.65922,0.66461,0.79911,0.61236,0.58903,0.55942,0.76852,0.68306,0.67112,0.44292,0.69486,0.66037,0.57686
0.62702,0.57703,0.68385,0.73483,0.62955,0.59152,0.69882,0.63063,0.68033,0.60462,0.75749,0.63982,0.83724,0.68328,0.46648,0.63129,0.64799,0.64197,0.66461,0.79911,0.61236,0.58903,0.55942,0.76852,0.55871,0.67112,0.44292,0.69486,0.66037,0.57686
0.62702,0.57703,0.68385,0.71152,0.62955,0.59152,0.69882,0.45506,0.58423,0.52118,0.75749,0.56169,0.83724,0.68328,0.46648,0.63129,0.64799,0.64197,0.66461,0.74686,0.61236,0.58367,0.55942,0.76852,0.55871,0.67112,0.44292,0.69486,0.64574,0.57686
0.62702,0.57703,0.68385,0.71152,0.62882,0.59152,0.69882,0.45506,0.58423,0.52118,0.75323,0.56169,0.83724,0.57206,0.46648,0.62035,0.64799,0.64197,0.66461,0.74686,0.61236,0.58367,0.55942,0.66165,0.55871,0.67112,0.44292,0.58511,0.64574,0.57686
0.61062,0.57703,0.68385,0.71152,0.62882,0.59152,0.67292,0.45506,0.58423,0.52118,0.66067,0.56169,0.83724,0.57206,0.46648,0.56382,0.64799,0.641,0.66461,0.73401,0.61236,0.58367,0.5572,0.66165,0.55871,0.64286,0.44292,0.58511,0.62421,0.57686
0.60447,0.57703,0.65478,0.62138,0.62882,0.58591,0.67292,0.45506,0.58423,0.52118,0.60692,0.56169,0.83724,0.57206,0.46648,0.56382,0.64799,0.62465,0.66461,0.67403,0.61236,0.58367,0.5572,0.66165,0.55871,0.59579,0.44292,0.54263,0.62421,0.57686
0.60447,0.57703,0.62911,0.62138,0.62882,0.58591,0.66402,0.45506,0.58423,0.52118,0.55762,0.5527,0.83724,0.57206,0.46648,0.56382,0.64799,0.59978,0.66461,0.67403,0.61236,0.58367,0.5572,0.66165,0.55871,0.58056,0.44292,0.54263,0.62421,0.57686
0.60447,0.57703,0.59922,0.62138,0.62882,0.57154,0.65983,0.45506,0.47421,0.52118,0.55762,0.5527,0.83724,0.57206,0.46648,0.56382,0.64799,0.59978,0.6085,0.65853,0.61236,0.55373,0.5572,0.5482,0.55871,0.58056,0.44292,0.54263,0.60313,0.57686
0.60447,0.57703,0.56702,0.62138,0.62882,0.53894,0.65983,0.45506,0.47421,0.52118,0.55762,0.5527,0.83724,0.57206,0.46648,0.56382,0.60856,0.56702,0.6085,0.65853,0.61236,0.55373,0.5572,0.5482,0.55871,0.58056,0.44292,0.54263,0.52872,0.57686
0.60447,0.57703,0.56702,0.62138,0.62882,0.53894,0.65983,0.44791,0.47421,0.52118,0.55762,0.52635,0.83724,0.57077,0.46648,0.56382,0.60856,0.55191,0.56107,0.58642,0.61236,0.53356,0.5572,0.5482,0.55871,0.58056,0.44292,0.54263,0.52872,0.57686
0.60447,0.54505,0.56702,0.62138,0.62882,0.51115,0.65983,0.44767,0.43234,0.52118,0.53692,0.52635,0.83724,0.57077,0.46648,0.56382,0.60856,0.55191,0.56107,0.58642,0.61236,0.53356,0.5572,0.5482,0.55871,0.58056,0.44292,0.54199,0.51028,0.57686
0.57824,0.54505,0.56331,0.62138,0.62882,0.51115,0.65561,0.44767,0.43234,0.52118,0.53692,0.52635,0.83724,0.57077,0.46648,0.56382,0.60856,0.55191,0.56107,0.56793,0.61236,0.50747,0.5572,0.5482,0.53536,0.58056,0.44292,0.54199,0.51028,0.57686
0.57824,0.54505,0.56331,0.62138,0.62882,0.51115,0.65561,0.44767,0.43234,0.52118,0.53692,0.52635,0.83724,0.57077,0.46648,0.53377,0.60856,0.55191,0.56107,0.56793,0.61236,0.50747,0.5572,0.5482,0.53536,0.58056,0.44292,0.52829,0.51028,0.57686
0.57824,0.54505,0.56331,0.54527,0.57932,0.51115,0.65561,0.44767,0.43234,0.52118,0.53429,0.52635,0.83724,0.56214,0.46648,0.53377,0.60856,0.55191,0.56107,0.56793,0.61236,0.50747,0.5572,0.5482,0.53536,0.58056,0.44292,0.44974,0.51028,0.57686
0.57824,0.53714,0.56317,0.54527,0.57932,0.51115,0.65561,0.44767,0.42584,0.52118,0.53429,0.52635,0.83724,0.56214,0.46648,0.53377,0.56739,0.55191,0.56107,0.52386,0.61236,0.50747,0.5572,0.5482,0.53536,0.58056,0.44292,0.44974,0.51028,0.57686
0.57824,0.53714,0.56317,0.54527,0.57932,0.48172,0.65561,0.44767,0.40541,0.52118,0.5262,0.52635,0.83724,0.56187,0.46648,0.53377,0.56191,0.55191,0.56107,0.51193,0.61236,0.50747,0.5572,0.5482,0.53536,0.58056,0.44292,0.44974,0.51028,0.57686
0.57771,0.53714,0.5542,0.54527,0.57932,0.48172,0.64142,0.44767,0.40541,0.52118,0.5262,0.52635,0.83724,0.56187,0.46648,0.53377,0.56191,0.55191,0.56107,0.51193,0.61236,0.50747,0.5572,0.5482,0.51279,0.58056,0.44292,0.44974,0.51028,0.57686
0.57771,0.53421,0.5542,0.53496,0.57932,0.48172,0.64142,0.44767,0.40541,0.52118,0.5262,0.52635,0.83724,0.54566,0.46648,0.53377,0.56191,0.55191,0.56107,0.51193,0.61236,0.50747,0.5572,0.5482,0.51279,0.58056,0.44292,0.42862,0.51028,0.57686
0.57771,0.53421,0.5542,0.53496,0.57932,0.45375,0.64142,0.44767,0.40541,0.52118,0.5262,0.52635,0.83724,0.54566,0.46648,0.53377,0.56191,0.55191,0.56107,0.51193,0.61236,0.50747,0.5572,0.5482,0.51279,0.58056,0.44292,0.42862,0.51028,0.57686
0.57771,0.53421,0.52709,0.53496,0.57932,0.45375,0.60253,0.44767,0.40541,0.52118,0.51813,0.503,0.7844,0.54566,0.46648,0.53377,0.56191,0.55191,0.56107,0.51193,0.61236,0.50747,0.5572,0.5482,0.51279,0.58056,0.44292,0.41409,0.51028,0.54659
0.57771,0.53421,0.52709,0.53496,0.56536,0.45375,0.60253,0.44767,0.40541,0.52118,0.51813,0.503,0.7844,0.54566,0.46648,0.53377,0.56191,0.55191,0.56107,0.51193,0.61236,0.50747,0.5572,0.5482,0.51279,0.55682,0.44292,0.41409,0.49776,0.53024
0.57771,0.53421,0.52709,0.53496,0.56536,0.45375,0.60253,0.44286,0.40541,0.52118,0.51813,0.503,0.7844,0.54566,0.46648,0.53282,0.56078,0.55191,0.56107,0.507,0.61236,0.50747,0.5572,0.5482,0.51279,0.55682,0.44292,0.41409,0.49776,0.53024
0.57771,0.53421,0.52709,0.53496,0.55087,0.45375,0.60253,0.44286,0.40541,0.52118,0.51813,0.503,0.65187,0.54566,0.46648,0.53282,0.56078,0.55191,0.56107,0.507,0.61236,0.50747,0.5572,0.5482,0.50695,0.55682,0.44292,0.41409,0.49776,0.53024
0.57771,0.53421,0.52709,0.53496,0.55087,0.45375,0.60253,0.44286,0.40281,0.52118,0.51813,0.503,0.60072,0.54566,0.46648,0.50022,0.55683,0.55191,0.56107,0.507,0.61236,0.50747,0.5572,0.5482,0.50695,0.55682,0.44292,0.41409,0.49776,0.53024
0.57771,0.44927,0.52709,0.53496,0.55087,0.45375,0.60253,0.44286,0.40281,0.52118,0.51274,0.503,0.60072,0.54566,0.46648,0.50022,0.55121,0.55191,0.56107,0.507,0.61236,0.49707,0.5572,0.5482,0.50695,0.55682,0.44292,0.41409,0.49776,0.53024
0.48538,0.40594,0.52709,0.53496,0.55087,0.45375,0.60253,0.43344,0.40281,0.52118,0.51274,0.503,0.60072,0.54566,0.46648,0.50022,0.55121,0.55191,0.56107,0.50666,0.61236,0.49707,0.5572,0.5482,0.50695,0.55682,0.44292,0.41409,0.49776,0.53024
0.46827,0.40594,0.52709,0.52838,0.55087,0.45375,0.60253,0.43344,0.40281,0.52118,0.51274,0.503,0.60072,0.54566,0.46648,0.50022,0.55121,0.55191,0.56107,0.50666,0.61236,0.49707,0.43151,0.5482,0.50695,0.52967,0.44292,0.41409,0.49776,0.52267
0.46827,0.40594,0.52709,0.52838,0.55087,0.45375,0.60253,0.43344,0.40281,0.52118,0.51274,0.503,0.50047,0.54566,0.46648,0.50022,0.55121,0.55191,0.56107,0.50666,0.61236,0.49707,0.42501,0.5482,0.5062,0.52967,0.44292,0.41409,0.49776,0.52267
0.46827,0.40594,0.52709,0.52838,0.55087,0.45375,0.60253,0.41338,0.40281,0.52118,0.51274,0.503,0.50047,0.53131,0.46648,0.50022,0.55121,0.55191,0.56107,0.50615,0.61236,0.49707,0.42501,0.5482,0.5062,0.52967,0.44292,0.41409,0.49776,0.52267
0.46827,0.40594,0.52709,0.52838,0.54964,0.44417,0.60253,0.40998,0.40281,0.52118,0.51011,0.503,0.50047,0.53131,0.46648,0.44688,0.55121,0.55191,0.56107,0.50615,0.6084,0.49707,0.42501,0.5482,0.5062,0.52967,0.44292,0.41409,0.49776,0.52267
0.46827,0.40594,0.52709,0.52838,0.53723,0.44417,0.60253,0.40998,0.40281,0.52118,0.51011,0.503,0.50047,0.52777,0.46648,0.44688,0.55121,0.55191,0.56107,0.50615,0.56937,0.49707,0.42501,0.5482,0.5062,0.52967,0.44292,0.41409,0.49776,0.52267
0.46827,0.40594,0.52709,0.52838,0.53265,0.44417,0.59879,0.40998,0.40281,0.52118,0.51011,0.503,0.50047,0.5199,0.46648,0.44688,0.55121,0.55191,0.56107,0.50615,0.56937,0.49707,0.42501,0.5482,0.5062,0.52967,0.44292,0.41409,0.49776,0.52267
0.45161,0.40594,0.52709,0.52838,0.52489,0.44417,0.59879,0.40998,0.40281,0.52118,0.51011,0.503,0.43634,0.51383,0.46648,0.44688,0.55121,0.55191,0.56107,0.50615,0.56679,0.49707,0.42501,0.5482,0.5062,0.52967,0.44292,0.41409,0.49776,0.52267
0.44316,0.40594,0.52709,0.52838,0.52489,0.44417,0.59879,0.40998,0.40281,0.52118,0.51011,0.503,0.43634,0.51383,0.46648,0.44688,0.55121,0.55191,0.56107,0.50615,0.56679,0.49707,0.42501,0.5482,0.5062,0.52967,0.44292,0.41409,0.49776,0.52267
0.42726,0.40594,0.52709,0.52838,0.51768,0.44417,0.59879,0.40998,0.40281,0.52118,0.51011,0.503,0.43634,0.51383,0.46648,0.44688,0.55121,0.55191,0.56107,0.50615,0.56679,0.49707,0.42501,0.5482,0.5062,0.52967,0.44292,0.41409,0.49776,0.52267
0.42726,0.40594,0.52709,0.52838,0.51768,0.44417,0.59879,0.40998,0.40281,0.52118,0.51011,0.503,0.43634,0.51383,0.46648,0.44688,0.55121,0.55191,0.56107,0.50615,0.56679,0.49556,0.42501,0.5482,0.5062,0.52967,0.44292,0.41409,0.49776,0.52267
0.42726,0.40594,0.52709,0.52838,0.51768,0.44417,0.58116,0.40998,0.40281,0.52118,0.50653,0.503,0.43634,0.51383,0.46648,0.44688,0.54008,0.55191,0.56107,0.50615,0.56679,0.4943,0.42501,0.5482,0.50213,0.52967,0.44292,0.41409,0.49776,0.52267
0.42726,0.40594,0.52709,0.52838,0.51768,0.44417,0.58116,0.40998,0.40281,0.52118,0.50623,0.503,0.43634,0.48892,0.46648,0.44688,0.54008,0.55191,0.56107,0.50615,0.56679,0.4943,0.40362,0.5482,0.50213,0.52967,0.44292,0.41409,0.49776,0.52267
0.42726,0.40594,0.52709,0.52838,0.51768,0.44417,0.58116,0.40998,0.40281,0.52118,0.50623,0.503,0.43634,0.48892,0.46648,0.44688,0.53911,0.55067,0.54117,0.50615,0.55984,0.4943,0.40362,0.5482,0.50213,0.52967,0.44292,0.41409,0.49776,0.52267
0.42726,0.40594,0.52709,0.52685,0.51768,0.44417,0.58116,0.40998,0.40281,0.52118,0.50623,0.503,0.43634,0.48892,0.46648,0.44688,0.53911,0.55067,0.54117,0.50615,0.54983,0.45071,0.40362,0.54008,0.49463,0.52967,0.44292,0.41409,0.49776,0.52267
0.41828,0.40594,0.52171,0.52685,0.51768,0.44417,0.44847,0.40998,0.40281,0.52118,0.50623,0.503,0.43634,0.48892,0.46648,0.44688,0.53411,0.55067,0.54117,0.50615,0.54983,0.45071,0.40362,0.54008,0.49463,0.52967,0.44292,0.41409,0.49776,0.50653
0.41828,0.40594,0.52171,0.52685,0.51768,0.44417,0.44847,0.40998,0.40281,0.52118,0.50623,0.503,0.43634,0.48892,0.46648,0.44688,0.53411,0.55067,0.54117,0.50615,0.53143,0.45071,0.40362,0.54008,0.49463,0.52967,0.44292,0.41409,0.49776,0.50653
0.41828,0.40594,0.52171,0.52685,0.51768,0.44417,0.44847,0.40998,0.40281,0.52118,0.50432,0.503,0.43634,0.48892,0.46648,0.44688,0.53411,0.55067,0.54117,0.50615,0.53143,0.45071,0.40362,0.54008,0.49463,0.52967,0.44292,0.41409,0.49776,0.50653
0.41828,0.40594,0.52171,0.52685,0.51768,0.44417,0.44847,0.40998,0.40281,0.52118,0.50432,0.503,0.43634,0.48892,0.46648,0.44688,0.53411,0.55067,0.54117,0.50615,0.53143,0.45071,0.40362,0.54008,0.49463,0.52967,0.44292,0.41409,0.49776,0.50653
0.41828,0.40594,0.52171,0.52685,0.51768,0.44417,0.44847,0.40998,0.40281,0.52118,0.44958,0.503,0.43634,0.48892,0.46648,0.44688,0.53411,0.5472,0.54117,0.50615,0.53143,0.45071,0.40362,0.54008,0.49463,0.52967,0.44292,0.41409,0.49776,0.50653
0.41828,0.40594,0.52171,0.52685,0.51768,0.44417,0.44847,0.40998,0.40281,0.52118,0.44958,0.503,0.43634,0.48892,0.46648,0.44688,0.53411,0.5472,0.54117,0.50615,0.50543,0.44942,0.40362,0.54008,0.49463,0.52967,0.44292,0.41409,0.49776,0.50653
0.41828,0.40594,0.52171,0.52685,0.51768,0.44417,0.44847,0.40998,0.40281,0.52118,0.42043,0.503,0.43634,0.48892,0.46648,0.44688,0.53411,0.5472,0.54117,0.50615,0.50543,0.44942,0.40362,0.54008,0.49463,0.52967,0.44292,0.41409,0.49776,0.50653
0.41828,0.40594,0.52171,0.52685,0.51768,0.44417,0.44847,0.40998,0.40281,0.52118,0.42043,0.503,0.43634,0.48892,0.46648,0.44688,0.47543,0.5472,0.54117,0.50615,0.50543,0.44942,0.40362,0.54008,0.49463,0.52967,0.44292,0.41409,0.49776,0.50653
0.41828,0.40594,0.52171,0.51748,0.51768,0.43597,0.44847,0.40998,0.40281,0.52118,0.42043,0.503,0.43634,0.48892,0.46648,0.44688,0.47543,0.53877,0.54117,0.50615,0.50543,0.44942,0.40362,0.54008,0.49463,0.52679,0.44292,0.41409,0.49776,0.50653
0.41828,0.40594,0.52171,0.46755,0.51768,0.43597,0.44847,0.40998,0.40281,0.52118,0.41928,0.503,0.43634,0.48892,0.46648,0.44688,0.47543,0.53877,0.54117,0.50615,0.50543,0.44942,0.40362,0.54008,0.49463,0.52679,0.44292,0.41409,0.49776,0.50653
0.41828,0.40594,0.52171,0.46755,0.51768,0.43597,0.44847,0.40998,0.40281,0.52118,0.41928,0.503,0.43634,0.48892,0.46648,0.44688,0.47543,0.53877,0.54117,0.50615,0.50543,0.44942,0.40362,0.54008,0.49463,0.52679,0.44292,0.41409,0.49776,0.50653
0.41828,0.40594,0.52171,0.46755,0.51768,0.43597,0.44847,0.40998,0.40281,0.52118,0.41928,0.503,0.43634,0.48892,0.46648,0.44688,0.47543,0.53877,0.54117,0.50615,0.50543,0.44942,0.40362,0.52555,0.49463,0.52679,0.44292,0.41409,0.49776,0.50653
0.41828,0.40594,0.52171,0.44932,0.51768,0.43597,0.44847,0.40998,0.40281,0.52118,0.41928,0.503,0.43634,0.48892,0.46648,0.44688,0.47543,0.53877,0.54117,0.50615,0.50543,0.44942,0.40362,0.52555,0.49463,0.52679,0.44292,0.41409,0.49776,0.50653
0.41828,0.40594,0.52171,0.43458,0.51628,0.43597,0.44847,0.40998,0.40281,0.51504,0.41928,0.503,0.43634,0.48892,0.46648,0.44688,0.47543,0.53877,0.54117,0.50615,0.50543,0.44942,0.40362,0.52555,0.49463,0.52679,0.44292,0.41409,0.49776,0.50653
0.41828,0.40594,0.52171,0.43458,0.51628,0.43597,0.44847,0.40998,0.40281,0.51504,0.41928,0.503,0.43634,0.48892,0.46648,0.44688,0.47543,0.52357,0.54117,0.50615,0.50543,0.44942,0.40362,0.52555,0.49463,0.52679,0.44292,0.41409,0.49776,0.50653
0.41828,0.40594,0.52171,0.43458,0.51628,0.43597,0.44847,0.40998,0.40281,0.51504,0.41928,0.503,0.43634,0.48892,0.46648,0.44688,0.47543,0.52357,0.54117,0.50615,0.50543,0.44942,0.40362,0.52555,0.49463,0.52679,0.44292,0.41409,0.49776,0.50653
0.41828,0.40594,0.52053,0.43458,0.51628,0.43597,0.44847,0.40998,0.40281,0.51504,0.41928,0.503,0.43634,0.48892,0.46648,0.44688,0.47543,0.52357,0.54117,0.50615,0.50543,0.44942,0.40362,0.52555,0.49463,0.52679,0.44292,0.41409,0.49776,0.50653
0.41332,0.40594,0.52053,0.43458,0.51628,0.43597,0.44847,0.40998,0.40281,0.51504,0.41928,0.503,0.43634,0.48892,0.46648,0.44688,0.47543,0.52357,0.54117,0.50615,0.50543,0.44942,0.40362,0.52555,0.49463,0.52679,0.44292,0.41409,0.49776,0.50653
0.41332,0.40594,0.52053,0.43458,0.51628,0.43597,0.44847,0.40998,0.40281,0.51504,0.41928,0.503,0.43634,0.48892,0.46648,0.44688,0.47543,0.52357,0.54117,0.50615,0.50543,0.44942,0.40362,0.52555,0.49463,0.52679,0.44292,0.41409,0.49776,0.50549
0.41332,0.40594,0.52053,0.43458,0.51628,0.43597,0.44847,0.40998,0.40281,0.51504,0.41928,0.503,0.43634,0.48892,0.46648,0.44688,0.47543,0.52357,0.54117,0.50615,0.50543,0.44942,0.40362,0.52555,0.49463,0.52679,0.44292,0.41409,0.49776,0.50549
0.41332,0.40594,0.52053,0.43458,0.51628,0.43597,0.44847,0.40998,0.40281,0.51504,0.41928,0.503,0.43634,0.48892,0.46648,0.44688,0.47543,0.52357,0.52938,0.50615,0.50543,0.44942,0.40362,0.52555,0.49463,0.52679,0.44292,0.41409,0.49776,0.50549
0.41332,0.40594,0.52053,0.43458,0.51628,0.43597,0.44847,0.40998,0.40281,0.51504,0.41928,0.46676,0.43634,0.48892,0.46648,0.44688,0.47543,0.52357,0.52938,0.50615,0.50543,0.44942,0.40362,0.52555,0.49463,0.52679,0.44292,0.41409,0.49776,0.50549
0.41332,0.40594,0.52053,0.43458,0.51628,0.43597,0.44847,0.40998,0.40281,0.51504,0.41928,0.46676,0.43634,0.48892,0.46648,0.44688,0.47543,0.52357,0.52938,0.50615,0.50543,0.44942,0.40362,0.52555,0.49463,0.52679,0.44292,0.41409,0.49776,0.50549
0.41332,0.40594,0.52007,0.43458,0.51628,0.43597,0.44847,0.40998,0.40281,0.51504,0.41928,0.46676,0.43634,0.48892,0.46648,0.44688,0.47543,0.52357,0.52938,0.50615,0.50543,0.44942,0.40362,0.52555,0.49463,0.52679,0.44292,0.41409,0.49776,0.50549
0.41332,0.40594,0.51737,0.43458,0.51628,0.43597,0.44847,0.40998,0.40281,0.47611,0.41928,0.4305,0.43634,0.48892,0.46648,0.44688,0.47543,0.52357,0.52938,0.50615,0.50543,0.44942,0.40362,0.52555,0.49463,0.52679,0.44292,0.41409,0.49776,0.50549
0.41332,0.40594,0.51737,0.43458,0.51628,0.43597,0.44847,0.40998,0.40281,0.47611,0.41928,0.4305,0.43634,0.48892,0.46648,0.44688,0.47543,0.52357,0.52938,0.50615,0.50543,0.44942,0.40362,0.52555,0.49463,0.52679,0.44292,0.41409,0.49776,0.50549
0.41332,0.40594,0.51737,0.43458,0.51628,0.43597,0.44847,0.40998,0.40281,0.47611,0.41928,0.40529,0.43634,0.48892,0.46648,0.44688,0.47543,0.52357,0.52938,0.50615,0.50543,0.44942,0.40362,0.52555,0.49463,0.52679,0.44292,0.41409,0.49776,0.50549
0.41332,0.40594,0.51303,0.43458,0.51628,0.43597,0.44847,0.40998,0.40281,0.47611,0.41928,0.40529,0.43634,0.48892,0.46648,0.44688,0.47543,0.50513,0.52938,0.50615,0.50543,0.44942,0.40362,0.52555,0.49463,0.52679,0.44292,0.41409,0.49776,0.50549
0.41332,0.40594,0.51303,0.43458,0.51628,0.43597,0.44847,0.40998,0.40281,0.47611,0.41928,0.40529,0.43634,0.48892,0.46648,0.44688,0.47543,0.50513,0.52938,0.50615,0.50543,0.44942,0.40362,0.52555,0.49463,0.52679,0.44292,0.41409,0.49776,0.50549
0.41332,0.40594,0.51303,0.43458,0.51628,0.43597,0.44847,0.40998,0.40281,0.47611,0.41928,0.40529,0.43634,0.48892,0.46648,0.44688,0.47543,0.50513,0.52938,0.50615,0.50543,0.44942,0.40362,0.52555,0.49463,0.52446,0.44292,0.41409,0.49776,0.50549
0.41332,0.40594,0.51143,0.43458,0.51628,0.43597,0.44847,0.40998,0.40227,0.47611,0.41928,0.40529,0.43634,0.48892,0.46648,0.44688,0.4752,0.50513,0.52938,0.50615,0.50543,0.44942,0.40362,0.52555,0.49463,0.52446,0.44292,0.41409,0.49776,0.50549
0.41201,0.40594,0.51143,0.43458,0.51628,0.43597,0.44847,0.40998,0.40227,0.47611,0.41928,0.40529,0.43634,0.48892,0.46648,0.44688,0.4752,0.50513,0.52938,0.50615,0.50543,0.44942,0.40362,0.52555,0.49463,0.52446,0.44292,0.41409,0.49776,0.50549
0.41201,0.40594,0.51143,0.43458,0.51628,0.43597,0.44847,0.40998,0.40227,0.47611,0.41928,0.40529,0.43634,0.48892,0.46648,0.44688,0.4752,0.50513,0.52938,0.50615,0.50543,0.44942,0.40362,0.52555,0.49463,0.52446,0.44292,0.41409,0.49776,0.50549
0.41201,0.40594,0.51143,0.43458,0.51628,0.43597,0.44847,0.40998,0.40227,0.47611,0.41928,0.40529,0.43634,0.48892,0.46648,0.44688,0.4752,0.50513,0.52938,0.50455,0.46749,0.44942,0.40362,0.52555,0.49463,0.52446,0.44292,0.41409,0.49776,0.50549
0.41201,0.40594,0.51143,0.43458,0.51628,0.43597,0.44847,0.40855,0.40227,0.47611,0.41928,0.40529,0.43634,0.48892,0.46648,0.44688,0.47425,0.50513,0.52938,0.50455,0.46749,0.44942,0.40362,0.52555,0.49463,0.52446,0.44292,0.41409,0.49776,0.50549
0.41201,0.40594,0.51143,0.43458,0.51628,0.43597,0.44847,0.40574,0.40227,0.47611,0.41928,0.40529,0.43634,0.48892,0.46648,0.44688,0.47425,0.50513,0.52938,0.50455,0.4268,0.44942,0.40362,0.52555,0.49463,0.52446,0.44292,0.41409,0.49776,0.50549
0.41201,0.40594,0.51143,0.43458,0.45008,0.43597,0.44847,0.40507,0.40227,0.47611,0.41928,0.40529,0.43634,0.48892,0.46648,0.44688,0.47425,0.50513,0.52938,0.50455,0.4268,0.44942,0.40362,0.52555,0.49463,0.52446,0.44292,0.41409,0.49776,0.49872
0.41201,0.40594,0.51143,0.43458,0.45008,0.43597,0.44847,0.40507,0.40227,0.47273,0.41928,0.40529,0.43634,0.44815,0.46648,0.44688,0.47425,0.50513,0.52938,0.50455,0.4268,0.44942,0.40362,0.52555,0.49463,0.52446,0.44292,0.41409,0.49776,0.49872
0.41201,0.40594,0.51143,0.43458,0.45008,0.43597,0.44847,0.40507,0.40227,0.47273,0.41928,0.40529,0.43634,0.44815,0.46648,0.44688,0.47425,0.50513,0.52938,0.50455,0.4268,0.44942,0.40362,0.52555,0.49463,0.51837,0.44292,0.41409,0.49776,0.49872
0.41201,0.40594,0.51143,0.43458,0.45008,0.43597,0.44847,0.4041,0.40227,0.47273,0.41928,0.40529,0.43634,0.44815,0.46648,0.44688,0.47425,0.50513,0.52938,0.50455,0.4268,0.44942,0.40362,0.52555,0.49463,0.51837,0.44292,0.41409,0.49776,0.49872
0.41201,0.40594,0.51143,0.43458,0.45008,0.43597,0.44847,0.40189,0.40227,0.47273,0.41928,0.40529,0.43634,0.44815,0.46648,0.44688,0.47425,0.50513,0.52938,0.50455,0.4268,0.44942,0.40362,0.52555,0.49463,0.51837,0.44292,0.41409,0.49776,0.49872
0.41201,0.40594,0.51143,0.43458,0.45008,0.43597,0.44847,0.40067,0.40227,0.4697,0.41928,0.40529,0.43634,0.44815,0.46648,0.44688,0.47425,0.50513,0.52938,0.50455,0.4268,0.44942,0.40362,0.52555,0.49463,0.51837,0.44292,0.41409,0.49776,0.49872
0.41201,0.40594,0.51143,0.43458,0.45008,0.43597,0.44847,0.39946,0.40227,0.4697,0.41928,0.40529,0.43634,0.44815,0.46648,0.44688,0.47425,0.50513,0.52938,0.50455,0.4268,0.44942,0.40362,0.52555,0.49463,0.51837,0.44292,0.41409,0.49776,0.49872
0.41201,0.40594,0.51143,0.43458,0.45008,0.43597,0.44847,0.39946,0.40227,0.4697,0.41928,0.40529,0.43634,0.44815,0.46648,0.44688,0.47425,0.50513,0.52938,0.50455,0.4268,0.44942,0.40362,0.52555,0.49463,0.51837,0.44292,0.41409,0.49776,0.49872
0.41201,0.40594,0.51143,0.43458,0.45008,0.43597,0.44847,0.39946,0.40227,0.4697,0.41928,0.40529,0.43634,0.44815,0.46648,0.44688,0.47358,0.50513,0.52938,0.50455,0.4268,0.44942,0.40362,0.52555,0.49463,0.51837,0.44292,0.41409,0.49776,0.49872
0.41201,0.40594,0.51143,0.43458,0.45008,0.43597,0.44847,0.39946,0.40227,0.4697,0.41928,0.40529,0.43634,0.44815,0.46648,0.44688,0.47358,0.50513,0.52938,0.50455,0.4268,0.44942,0.40362,0.52555,0.49463,0.51837,0.44292,0.41409,0.49776,0.49872
0.41201,0.40594,0.51143,0.43458,0.45008,0.43597,0.44847,0.39946,0.40227,0.4697,0.41928,0.40529,0.43634,0.44709,0.46648,0.44688,0.47272,0.50513,0.52938,0.50455,0.4268,0.44942,0.40362,0.52555,0.49463,0.51837,0.44292,0.41409,0.49776,0.49872
0.41138,0.40594,0.51143,0.43458,0.45008,0.43597,0.44847,0.39574,0.40227,0.4697,0.41928,0.40529,0.43634,0.44709,0.46648,0.44688,0.47272,0.50513,0.52938,0.50455,0.4268,0.44942,0.40362,0.52555,0.49463,0.51837,0.44292,0.41409,0.49776,0.49872
0.41138,0.40594,0.51143,0.43458,0.45008,0.43597,0.44847,0.39536,0.40227,0.4697,0.41928,0.40529,0.43634,0.44709,0.46648,0.44688,0.47272,0.50513,0.52938,0.50455,0.4268,0.44942,0.40362,0.52555,0.49463,0.51837,0.44292,0.41409,0.49776,0.49872
0.41138,0.40594,0.51143,0.43458,0.45008,0.43597,0.44847,0.39536,0.40227,0.4697,0.41928,0.40529,0.43634,0.44709,0.46648,0.44688,0.47272,0.50513,0.52938,0.50455,0.4268,0.44942,0.40362,0.52555,0.46402,0.51837,0.44292,0.41409,0.49776,0.49836
0.41138,0.40594,0.51143,0.43458,0.45008,0.43597,0.44847,0.39536,0.40227,0.4697,0.41928,0.40529,0.43634,0.44709,0.46648,0.44688,0.47272,0.50513,0.52938,0.50455,0.4268,0.44942,0.40362,0.52555,0.46402,0.51268,0.44292,0.41409,0.49776,0.49836
0.41138,0.40594,0.51143,0.43458,0.45008,0.43597,0.44847,0.39536,0.40227,0.45617,0.41928,0.40529,0.43634,0.44709,0.46648,0.44688,0.47272,0.50513,0.52938,0.50455,0.4268,0.44942,0.40362,0.52555,0.46402,0.49751,0.43462,0.41409,0.49776,0.49836
0.41138,0.40594,0.51143,0.43458,0.45008,0.43597,0.44847,0.39536,0.40227,0.45483,0.41928,0.40529,0.43634,0.44709,0.46648,0.44688,0.47272,0.50513,0.52938,0.50455,0.4268,0.44942,0.40362,0.52555,0.46402,0.49751,0.43462,0.41409,0.49776,0.49836
0.41138,0.40594,0.51143,0.43458,0.45008,0.43597,0.44847,0.39035,0.40227,0.45483,0.41928,0.40529,0.43634,0.44709,0.46648,0.44688,0.47272,0.50513,0.52938,0.50455,0.4268,0.44942,0.40362,0.52555,0.46402,0.49751,0.43462,0.41409,0.49776,0.49836
0.41138,0.40594,0.51143,0.43458,0.45008,0.43597,0.44847,0.39035,0.40227,0.44721,0.41928,0.40529,0.43634,0.44709,0.46648,0.44688,0.47272,0.50513,0.52938,0.50455,0.4268,0.44942,0.40362,0.52555,0.46402,0.49751,0.43462,0.41409,0.49776,0.49836
0.41138,0.40594,0.51143,0.43458,0.45008,0.43597,0.44847,0.39035,0.40227,0.44063,0.41928,0.40529,0.43634,0.44709,0.46648,0.44688,0.47272,0.50513,0.52938,0.50455,0.4268,0.44942,0.40362,0.52555,0.46402,0.49751,0.43462,0.41409,0.49776,0.49836
0.41138,0.40594,0.51143,0.43458,0.45008,0.43597,0.44847,0.39035,0.39768,0.44063,0.41928,0.40529,0.43634,0.44709,0.46648,0.44688,0.46158,0.50513,0.52938,0.50455,0.4268,0.44942,0.40362,0.50112,0.46402,0.49751,0.43462,0.41409,0.49776,0.49836
0.41138,0.40594,0.51143,0.43458,0.45008,0.43597,0.44847,0.39035,0.39768,0.44063,0.41928,0.40529,0.43634,0.44709,0.46648,0.44688,0.46158,0.50513,0.52938,0.50455,0.4268,0.44942,0.40362,0.50112,0.46402,0.49751,0.43462,0.41409,0.49776,0.49836
0.41138,0.40594,0.51143,0.43458,0.45008,0.43597,0.44847,0.39035,0.39768,0.44063,0.41928,0.40529,0.43634,0.44709,0.46648,0.44688,0.46158,0.50513,0.52938,0.50455,0.4268,0.44942,0.40362,0.50112,0.46402,0.49751,0.43462,0.41409,0.49776,0.49836
0.41138,0.40594,0.51143,0.43458,0.45008,0.43597,0.44847,0.39035,0.39768,0.44063,0.41928,0.40529,0.43634,0.44004,0.46648,0.44688,0.46158,0.50513,0.52938,0.50455,0.4268,0.44942,0.40362,0.50112,0.46402,0.44412,0.43462,0.41409,0.49776,0.49836
0.41138,0.40594,0.51143,0.43458,0.45008,0.43597,0.44847,0.39035,0.39768,0.44063,0.41928,0.40529,0.43634,0.44004,0.46648,0.44688,0.46158,0.50513,0.52938,0.50455,0.4268,0.44942,0.40362,0.50112,0.46402,0.44412,0.43462,0.41409,0.49776,0.49836
0.41138,0.40594,0.51143,0.43458,0.45008,0.43597,0.44847,0.39035,0.39768,0.44063,0.41928,0.40529,0.43634,0.44004,0.46648,0.44688,0.46158,0.50513,0.52938,0.50344,0.4268,0.44399,0.40362,0.50112,0.46402,0.44412,0.43462,0.41409,0.49776,0.49836
0.41138,0.40594,0.51143,0.43458,0.45008,0.43597,0.44847,0.39035,0.39768,0.44063,0.41928,0.40529,0.43634,0.44004,0.46648,0.44688,0.46158,0.50513,0.52938,0.50344,0.4268,0.44399,0.40362,0.50112,0.46402,0.44412,0.43462,0.41409,0.49776,0.49836
0.41138,0.40594,0.51143,0.43458,0.45008,0.43597,0.44847,0.39035,0.39768,0.44063,0.41928,0.40529,0.43634,0.43225,0.46648,0.44688,0.46158,0.50513,0.5276,0.50344,0.4268,0.44399,0.40362,0.50112,0.46402,0.44412,0.43462,0.41409,0.49776,0.49836
0.41138,0.40594,0.51143,0.43458,0.45008,0.43597,0.44847,0.39035,0.39768,0.44063,0.41928,0.40529,0.43092,0.43225,0.46648,0.44688,0.46158,0.50032,0.5276,0.50344,0.4268,0.44399,0.40362,0.50112,0.46402,0.44412,0.43462,0.41409,0.49776,0.49836
0.41138,0.40594,0.50947,0.43458,0.45008,0.43597,0.44847,0.39035,0.39768,0.44063,0.41928,0.40529,0.43092,0.43225,0.46648,0.44688,0.46158,0.49491,0.5276,0.50344,0.4268,0.44399,0.40362,0.49981,0.46402,0.44412,0.43462,0.41409,0.49776,0.49836
0.41138,0.40594,0.50947,0.43458,0.45008,0.43597,0.44847,0.39035,0.39594,0.44063,0.41928,0.40529,0.43092,0.43225,0.46648,0.44688,0.46158,0.49491,0.5276,0.50344,0.4268,0.44399,0.40362,0.49981,0.46402,0.44412,0.43462,0.41409,0.49776,0.49836
0.41138,0.40594,0.50947,0.43458,0.45008,0.43597,0.44847,0.39035,0.39594,0.44063,0.41928,0.40529,0.42273,0.42967,0.46648,0.44688,0.46158,0.49491,0.5276,0.50344,0.4268,0.44399,0.40362,0.49981,0.46402,0.44412,0.43462,0.41409,0.49776,0.49836
0.41138,0.40594,0.50922,0.43458,0.45008,0.43597,0.44847,0.39035,0.39594,0.44063,0.41928,0.40529,0.42273,0.42967,0.46648,0.44688,0.46158,0.49491,0.5276,0.50344,0.4268,0.44399,0.40362,0.49981,0.46402,0.44412,0.43462,0.41409,0.49776,0.49836
0.41138,0.40594,0.50878,0.43458,0.45008,0.43597,0.44847,0.39035,0.39594,0.44063,0.41928,0.40529,0.42273,0.42967,0.46648,0.44688,0.46158,0.49491,0.5276,0.50344,0.4268,0.44399,0.40362,0.49981,0.46402,0.43671,0.43462,0.41409,0.49653,0.49836
0.41138,0.40594,0.50878,0.43458,0.45008,0.43597,0.44847,0.39035,0.39594,0.44063,0.41928,0.40529,0.42273,0.42967,0.46648,0.44688,0.46158,0.49491,0.5276,0.50344,0.4268,0.44399,0.40362,0.49981,0.46402,0.43671,0.43462,0.41409,0.49653,0.49836
0.41138,0.40594,0.50832,0.43458,0.45008,0.43597,0.44847,0.39035,0.39594,0.44063,0.41928,0.40529,0.42273,0.42967,0.46648,0.44688,0.46158,0.49491,0.5276,0.50344,0.4268,0.44399,0.40362,0.49981,0.46402,0.42821,0.43462,0.41409,0.49653,0.49836
0.41138,0.40594,0.50832,0.43458,0.45008,0.43597,0.44847,0.39035,0.39594,0.44063,0.41928,0.40529,0.42273,0.42967,0.46648,0.44688,0.46158,0.49491,0.5276,0.50344,0.40313,0.44399,0.40362,0.49981,0.46402,0.42821,0.43462,0.41409,0.49653,0.49836
0.41138,0.40594,0.50832,0.43458,0.45008,0.43597,0.44847,0.39035,0.39594,0.44063,0.41928,0.40529,0.42273,0.42967,0.46648,0.44688,0.46158,0.49491,0.5276,0.50344,0.40313,0.44399,0.40362,0.49981,0.46402,0.42821,0.43462,0.41409,0.49653,0.49836
0.41138,0.40594,0.50832,0.43458,0.45008,0.43597,0.44847,0.39035,0.39594,0.44063,0.41928,0.40529,0.42273,0.42875,0.46648,0.44688,0.46158,0.49491,0.5276,0.50344,0.40313,0.44399,0.40362,0.49981,0.46402,0.42821,0.43462,0.41409,0.49653,0.48406
0.41138,0.40594,0.50832,0.43458,0.45008,0.43597,0.44847,0.39035,0.39594,0.44063,0.41928,0.40529,0.42273,0.42875,0.46648,0.44688,0.46158,0.49491,0.5276,0.50344,0.40313,0.44399,0.40362,0.49981,0.46402,0.42821,0.43462,0.41409,0.49109,0.48406
0.41138,0.40594,0.50832,0.43458,0.45008,0.43597,0.44847,0.39035,0.39594,0.44063,0.41928,0.40529,0.42273,0.42875,0.46648,0.44688,0.46158,0.49491,0.5276,0.50344,0.40313,0.44399,0.40362,0.49981,0.46402,0.42821,0.43462,0.41409,0.49109,0.48406
0.41138,0.40594,0.50832,0.43458,0.45008,0.43597,0.44847,0.39035,0.39594,0.44063,0.41928,0.40529,0.42273,0.42875,0.46648,0.44688,0.46158,0.49491,0.5276,0.50344,0.40313,0.44399,0.40362,0.49981,0.46402,0.42821,0.43462,0.41409,0.49109,0.48406
0.41138,0.40594,0.50832,0.43458,0.45008,0.43597,0.44847,0.39035,0.39594,0.44063,0.41928,0.40529,0.42273,0.42875,0.46648,0.44688,0.46158,0.49491,0.5276,0.50344,0.40313,0.44399,0.40362,0.49981,0.46402,0.42821,0.43462,0.41409,0.49109,0.48406
0.41138,0.40594,0.50832,0.43458,0.45008,0.43597,0.44847,0.39035,0.39594,0.44063,0.41928,0.40529,0.42273,0.42875,0.46648,0.44688,0.46158,0.49491,0.5276,0.50344,0.40313,0.44399,0.40362,0.49578,0.46402,0.42821,0.43462,0.41409,0.49109,0.48406
0.41138,0.40594,0.50832,0.43458,0.45008,0.43597,0.44847,0.39035,0.39594,0.44063,0.41928,0.40529,0.42273,0.42875,0.46648,0.44688,0.46158,0.49491,0.5276,0.50344,0.40313,0.44399,0.40362,0.49578,0.46402,0.42821,0.43462,0.41409,0.49109,0.48406
0.41138,0.40594,0.50832,0.43458,0.45008,0.43597,0.44847,0.39035,0.39594,0.44063,0.41928,0.40529,0.42273,0.42875,0.46648,0.44688,0.46158,0.49491,0.5276,0.49844,0.40313,0.44399,0.40362,0.49578,0.46402,0.42821,0.43462,0.41409,0.49109,0.48406
0.41138,0.40594,0.50832,0.43458,0.45008,0.43597,0.44847,0.39035,0.39594,0.44063,0.41928,0.40529,0.42273,0.42875,0.46648,0.446,0.46158,0.49491,0.5276,0.49641,0.40313,0.44399,0.40362,0.49578,0.46402,0.42821,0.43462,0.41409,0.49109,0.48406
0.41138,0.40594,0.50832,0.43458,0.45008,0.43597,0.44847,0.39035,0.39594,0.44063,0.41928,0.40529,0.42273,0.42875,0.46648,0.446,0.46158,0.49491,0.52729,0.49641,0.39958,0.44399,0.40362,0.49578,0.46402,0.42821,0.43462,0.41409,0.49109,0.48406
0.41138,0.40594,0.50832,0.43458,0.45008,0.43597,0.44847,0.39033,0.39594,0.43299,0.41928,0.40529,0.42273,0.42875,0.46648,0.446,0.46158,0.49491,0.52729,0.49473,0.39958,0.44399,0.40362,0.48611,0.46402,0.42821,0.43462,0.41409,0.49109,0.48406
0.41138,0.40594,0.50832,0.43458,0.45008,0.43597,0.44847,0.39033,0.39594,0.43299,0.41928,0.40529,0.42273,0.42875,0.46648,0.446,0.46158,0.49491,0.52729,0.49473,0.39958,0.44399,0.40362,0.48611,0.46402,0.42821,0.43462,0.41409,0.49109,0.48406
0.41138,0.40594,0.50832,0.43458,0.45008,0.43597,0.44847,0.39033,0.39594,0.43299,0.41928,0.40529,0.42273,0.42875,0.46648,0.446,0.46158,0.49491,0.52729,0.49473,0.39958,0.44399,0.40362,0.48611,0.46402,0.42821,0.43462,0.41409,0.49109,0.48406
0.40803,0.40594,0.50832,0.43458,0.45008,0.43597,0.44847,0.3879,0.39594,0.43299,0.41928,0.40529,0.42273,0.42875,0.46648,0.446,0.46158,0.49491,0.52729,0.49473,0.39958,0.44399,0.40362,0.48611,0.46402,0.42821,0.43462,0.41409,0.49109,0.48406
0.40803,0.40594,0.50832,0.43458,0.45008,0.43597,0.44847,0.3879,0.39594,0.43299,0.41928,0.40529,0.42273,0.42875,0.46648,0.446,0.46158,0.49491,0.52729,0.49473,0.39958,0.44399,0.40362,0.48611,0.46402,0.42821,0.43462,0.41409,0.49109,0.48406
0.40803,0.40594,0.50832,0.43458,0.45008,0.43597,0.44847,0.3879,0.39594,0.43299,0.41928,0.40529,0.42273,0.42875,0.46648,0.446,0.46158,0.49491,0.52729,0.49473,0.39958,0.44399,0.40362,0.48611,0.46402,0.42821,0.43462,0.41409,0.49109,0.48406
0.40803,0.40594,0.50832,0.43458,0.45008,0.43597,0.44033,0.3879,0.39594,0.43299,0.41928,0.40529,0.42273,0.42875,0.46648,0.446,0.46158,0.49491,0.52729,0.49473,0.39958,0.44399,0.40362,0.48611,0.46402,0.42821,0.43462,0.41409,0.49066,0.48406
0.40803,0.40594,0.50832,0.43458,0.45008,0.43597,0.44033,0.3879,0.39594,0.43299,0.41928,0.40529,0.42273,0.42875,0.46648,0.446,0.46158,0.49491,0.52729,0.49471,0.39958,0.44399,0.40362,0.48611,0.46402,0.42821,0.43462,0.41409,0.49066,0.48406
0.40803,0.40594,0.50832,0.43458,0.45008,0.43597,0.44033,0.3879,0.39594,0.43299,0.41928,0.40529,0.42273,0.42875,0.46648,0.446,0.46158,0.49491,0.52729,0.49471,0.39958,0.44399,0.40362,0.48491,0.46402,0.42821,0.43462,0.41409,0.49066,0.48406
0.40803,0.40594,0.50832,0.43458,0.45008,0.43597,0.44033,0.3879,0.39594,0.43299,0.41928,0.40529,0.42273,0.42875,0.46648,0.446,0.46158,0.49491,0.52729,0.49471,0.39958,0.44399,0.40362,0.48491,0.46402,0.42821,0.43462,0.41409,0.49066,0.48406
0.40803,0.40594,0.50832,0.43458,0.45008,0.43597,0.4162,0.3879,0.39594,0.43299,0.41928,0.40529,0.42273,0.42875,0.46648,0.446,0.46158,0.49491,0.52729,0.49471,0.39958,0.44399,0.40362,0.45102,0.46402,0.42821,0.43462,0.41409,0.49066,0.48406
0.40803,0.40594,0.50832,0.43458,0.45008,0.43597,0.4162,0.38729,0.39594,0.43299,0.41928,0.40529,0.42273,0.42875,0.46648,0.446,0.46158,0.49491,0.52729,0.49471,0.39958,0.44399,0.40362,0.42036,0.46402,0.42821,0.43462,0.41409,0.49066,0.48406
0.40803,0.40594,0.50832,0.43458,0.45008,0.43597,0.4162,0.38623,0.39594,0.43299,0.41928,0.40529,0.42273,0.42875,0.46648,0.446,0.46158,0.49491,0.52729,0.49471,0.38862,0.44399,0.40362,0.42036,0.46402,0.42821,0.43462,0.41409,0.49066,0.48406
0.40803,0.40594,0.50832,0.43458,0.45008,0.43597,0.4162,0.38621,0.39594,0.43299,0.41928,0.40529,0.42273,0.42875,0.46648,0.446,0.46158,0.49491,0.52729,0.49471,0.38862,0.44399,0.40362,0.42036,0.46402,0.42821,0.43462,0.41409,0.49066,0.48406
0.40803,0.40594,0.50832,0.43458,0.45008,0.43597,0.4162,0.38621,0.39594,0.43299,0.41928,0.40529,0.42273,0.42875,0.46648,0.446,0.46158,0.49491,0.52729,0.49471,0.38862,0.44399,0.40362,0.42036,0.46402,0.42821,0.43462,0.41409,0.49066,0.48406
0.40803,0.40594,0.50832,0.43458,0.45008,0.43597,0.4162,0.38621,0.39594,0.43299,0.41928,0.40529,0.42273,0.42875,0.46648,0.446,0.46158,0.49491,0.52729,0.47247,0.38862,0.44399,0.40362,0.42036,0.46402,0.42821,0.43462,0.41409,0.49066,0.48406
0.40803,0.40594,0.50832,0.43458,0.45008,0.43597,0.4162,0.38621,0.39594,0.43299,0.41928,0.40529,0.42273,0.42875,0.46648,0.446,0.46158,0.49491,0.52729,0.47247,0.38862,0.44399,0.40362,0.42036,0.46402,0.42821,0.43462,0.41409,0.49066,0.48406
0.40803,0.40594,0.50832,0.43458,0.45008,0.43597,0.4162,0.38621,0.39594,0.43299,0.41928,0.40529,0.42273,0.42875,0.46648,0.446,0.46158,0.49491,0.52729,0.47247,0.38862,0.44399,0.40362,0.42036,0.46402,0.42821,0.43462,0.41409,0.49066,0.48406
0.40803,0.40594,0.50831,0.43458,0.45008,0.43597,0.4162,0.38621,0.39594,0.43299,0.41928,0.40529,0.42273,0.42875,0.46648,0.446,0.46158,0.49491,0.52729,0.47247,0.38862,0.44399,0.40362,0.40782,0.46402,0.42821,0.43462,0.41409,0.49066,0.48406
0.40803,0.40594,0.50831,0.43458,0.45008,0.43597,0.4162,0.38621,0.39594,0.43299,0.41928,0.40529,0.42273,0.42875,0.46648,0.446,0.46158,0.49491,0.52729,0.47247,0.38862,0.44399,0.40362,0.40782,0.46402,0.42821,0.43462,0.41409,0.49066,0.48406
0.40803,0.40594,0.49815,0.43458,0.45008,0.43597,0.4162,0.38621,0.39594,0.43299,0.41928,0.40529,0.42273,0.42875,0.46648,0.446,0.46158,0.49491,0.52729,0.47247,0.38862,0.44399,0.40362,0.40782,0.46402,0.42821,0.43462,0.41409,0.49066,0.48406
0.40803,0.40594,0.49815,0.43458,0.45008,0.43597,0.4162,0.38621,0.39594,0.43299,0.41928,0.40529,0.42273,0.42875,0.46648,0.446,0.46158,0.49491,0.52729,0.47247,0.38862,0.44399,0.40362,0.40782,0.46402,0.42821,0.43462,0.41409,0.49066,0.48406
0.40803,0.40594,0.49815,0.43458,0.45008,0.43597,0.4162,0.38621,0.39594,0.43299,0.41928,0.40529,0.42273,0.42875,0.46648,0.446,0.46158,0.49491,0.52729,0.47247,0.38862,0.44399,0.40362,0.40782,0.46402,0.42821,0.43462,0.41409,0.49066,0.48406
0.40803,0.40594,0.49815,0.43458,0.45008,0.43597,0.4162,0.38621,0.39594,0.43299,0.41928,0.40529,0.42273,0.42875,0.46648,0.446,0.46158,0.49491,0.52729,0.47247,0.38862,0.44399,0.40362,0.40782,0.46402,0.42821,0.43462,0.41409,0.49066,0.48406
0.40803,0.40594,0.49815,0.43458,0.45008,0.43597,0.4162,0.38621,0.39594,0.43299,0.41928,0.40529,0.42273,0.42875,0.46648,0.446,0.46158,0.49491,0.52729,0.47247,0.38862,0.44399,0.40362,0.40782,0.46402,0.42821,0.43462,0.41409,0.49066,0.48406
0.40803,0.40594,0.49815,0.43458,0.45008,0.43597,0.4162,0.38621,0.39594,0.43299,0.41928,0.40529,0.42273,0.42875,0.46648,0.446,0.4389,0.49491,0.52729,0.47247,0.38862,0.44399,0.40362,0.40782,0.46402,0.42821,0.43462,0.41409,0.49066,0.48406
0.40803,0.40594,0.49815,0.43458,0.45008,0.43597,0.4162,0.38621,0.39594,0.43299,0.41928,0.40529,0.42273,0.42875,0.46648,0.446,0.4389,0.49491,0.52729,0.47247,0.38251,0.44399,0.40362,0.40782,0.46402,0.42821,0.43462,0.41409,0.49066,0.48406
0.40803,0.40594,0.49815,0.43458,0.45008,0.43597,0.4162,0.38539,0.39594,0.43299,0.41928,0.40529,0.42273,0.42875,0.46648,0.446,0.4389,0.49491,0.52729,0.47247,0.38251,0.44399,0.40362,0.40782,0.46402,0.42821,0.43462,0.41409,0.49066,0.48406
0.40803,0.40594,0.49815,0.43458,0.45008,0.43597,0.4162,0.38496,0.39594,0.43299,0.41928,0.40529,0.42273,0.42875,0.46648,0.446,0.4389,0.49491,0.52729,0.47247,0.38251,0.44399,0.40362,0.40782,0.46402,0.42821,0.43462,0.41409,0.49066,0.48406
0.40803,0.40594,0.49815,0.43458,0.45008,0.43597,0.4162,0.38475,0.39594,0.43299,0.41928,0.40529,0.42273,0.42875,0.44012,0.446,0.4389,0.49491,0.52729,0.47247,0.38251,0.44399,0.40362,0.40782,0.46402,0.42821,0.43462,0.41409,0.49066,0.48406
0.40803,0.40594,0.49815,0.43458,0.45008,0.43597,0.4162,0.38475,0.39594,0.43299,0.41928,0.40529,0.42273,0.42875,0.44012,0.446,0.4389,0.49491,0.52729,0.47247,0.38251,0.44399,0.40362,0.40782,0.46402,0.42821,0.43462,0.41409,0.49066,0.48406
0.40803,0.40594,0.49815,0.43458,0.45008,0.43597,0.4162,0.38475,0.39594,0.43299,0.41928,0.40529,0.42273,0.42875,0.44012,0.446,0.4389,0.49491,0.52729,0.47247,0.38251,0.44399,0.40362,0.40782,0.46402,0.42821,0.43462,0.41409,0.49066,0.48406
0.40803,0.40594,0.49815,0.43458,0.45008,0.43597,0.4162,0.38475,0.39594,0.43299,0.41928,0.40529,0.42273,0.42875,0.44012,0.446,0.4389,0.49491,0.52729,0.47247,0.38251,0.44399,0.40362,0.40782,0.46402,0.42821,0.43462,0.41409,0.49066,0.48406
0.40803,0.40594,0.49815,0.43458,0.45008,0.43597,0.4162,0.38475,0.39594,0.43299,0.41111,0.40529,0.42273,0.42875,0.44012,0.446,0.41855,0.49491,0.52729,0.47247,0.38251,0.44399,0.40362,0.40782,0.46402,0.42821,0.43462,0.41409,0.49066,0.48406
0.40803,0.40594,0.49815,0.43458,0.45008,0.43597,0.4162,0.38475,0.39594,0.43299,0.41111,0.40529,0.42273,0.42875,0.44012,0.446,0.41717,0.49491,0.52729,0.47247,0.38251,0.44399,0.40362,0.40782,0.46402,0.42821,0.43462,0.41409,0.49066,0.48406
0.40803,0.40594,0.49815,0.43458,0.45008,0.43597,0.4162,0.38475,0.39594,0.43299,0.41111,0.40529,0.42273,0.42875,0.44012,0.446,0.41318,0.49491,0.52729,0.47247,0.38251,0.44399,0.40362,0.40782,0.46402,0.42821,0.43462,0.41409,0.4327,0.48406
0.40803,0.40594,0.49815,0.43458,0.45008,0.43597,0.4162,0.38475,0.39594,0.43299,0.41111,0.40529,0.42273,0.42875,0.44012,0.446,0.41318,0.49491,0.52729,0.47247,0.38251,0.44399,0.40362,0.40782,0.46402,0.42821,0.43462,0.41409,0.4327,0.48406
0.40803,0.40594,0.48902,0.43458,0.45008,0.43597,0.4162,0.38475,0.39594,0.43299,0.41111,0.40529,0.42273,0.42875,0.44012,0.446,0.40103,0.49491,0.52729,0.47247,0.38251,0.44399,0.40362,0.40782,0.46402,0.42821,0.43462,0.41409,0.4327,0.48406
0.40803,0.40594,0.48902,0.43458,0.45008,0.43597,0.4162,0.38475,0.39594,0.43299,0.41111,0.40529,0.42273,0.42875,0.44012,0.446,0.40103,0.49491,0.52729,0.47247,0.38251,0.44399,0.40362,0.40782,0.46402,0.42821,0.43462,0.41409,0.4327,0.48406
0.40803,0.40594,0.48902,0.43458,0.45008,0.43597,0.4162,0.38317,0.39594,0.43299,0.41111,0.40529,0.42273,0.42875,0.44012,0.446,0.40103,0.49491,0.52729,0.47247,0.38251,0.44399,0.40362,0.40782,0.46402,0.42821,0.43462,0.41409,0.4327,0.48406
0.40803,0.40594,0.48902,0.43458,0.45008,0.43597,0.4162,0.38317,0.39594,0.43299,0.41111,0.40529,0.42273,0.42875,0.44012,0.446,0.40103,0.49491,0.52729,0.47247,0.38251,0.44399,0.40362,0.40782,0.46402,0.42821,0.43462,0.41409,0.4327,0.48406
0.40803,0.40594,0.48902,0.43458,0.45008,0.43597,0.4162,0.38317,0.39594,0.43299,0.41111,0.40529,0.42273,0.42875,0.44012,0.446,0.40103,0.49491,0.4855,0.47247,0.38251,0.44399,0.40362,0.40782,0.46402,0.42821,0.43462,0.41409,0.4327,0.48406
0.40803,0.40594,0.48254,0.43458,0.45008,0.43597,0.4162,0.37866,0.39594,0.43299,0.41111,0.40529,0.42273,0.42875,0.44012,0.446,0.40103,0.49491,0.4855,0.47247,0.38251,0.44399,0.40362,0.40782,0.46402,0.42821,0.43462,0.41409,0.41756,0.48406
0.40803,0.40594,0.48254,0.43458,0.45008,0.43597,0.4162,0.37866,0.39594,0.43299,0.41111,0.40529,0.42273,0.42875,0.44012,0.446,0.40103,0.49491,0.4855,0.47247,0.38251,0.44399,0.40362,0.40782,0.46402,0.42821,0.43462,0.41409,0.41756,0.48406
0.40803,0.40594,0.48098,0.43386,0.45008,0.43597,0.4162,0.37866,0.39594,0.43299,0.41111,0.40529,0.42273,0.42875,0.44012,0.446,0.40103,0.49491,0.4855,0.47247,0.38251,0.44399,0.40362,0.40782,0.46402,0.42821,0.43462,0.41409,0.41756,0.48406
0.40803,0.40594,0.48098,0.43386,0.45008,0.43597,0.4162,0.37866,0.39594,0.43299,0.41111,0.40529,0.42273,0.42875,0.44012,0.446,0.40103,0.49491,0.4855,0.47247,0.38251,0.44399,0.40362,0.40782,0.46402,0.42821,0.43462,0.41409,0.41756,0.48406
0.40803,0.40594,0.48098,0.43268,0.45008,0.43597,0.4162,0.37866,0.39594,0.43299,0.41111,0.40529,0.42273,0.42875,0.44012,0.446,0.40103,0.49491,0.4855,0.47247,0.38251,0.44399,0.40362,0.40782,0.46402,0.42821,0.43462,0.41409,0.41756,0.48406
0.40803,0.40594,0.48098,0.42633,0.45008,0.43597,0.4162,0.37866,0.39594,0.43299,0.41111,0.40529,0.42273,0.42875,0.39505,0.446,0.40103,0.49491,0.4855,0.47247,0.38251,0.44399,0.40362,0.40782,0.46402,0.42821,0.43462,0.41409,0.41756,0.48406
0.40803,0.40594,0.4602,0.42633,0.45008,0.43597,0.4162,0.37866,0.39594,0.43299,0.41111,0.40529,0.42273,0.42875,0.39505,0.446,0.40103,0.49491,0.4855,0.47247,0.38251,0.44399,0.40362,0.40782,0.46402,0.42821,0.43462,0.41409,0.41756,0.48406
0.40803,0.40594,0.4602,0.42633,0.45008,0.43597,0.4162,0.37866,0.39594,0.43299,0.41111,0.40529,0.42273,0.42875,0.39505,0.446,0.40103,0.49491,0.4855,0.47247,0.38251,0.44399,0.40362,0.40782,0.46402,0.42821,0.43462,0.41409,0.41756,0.48406
0.40803,0.40594,0.4602,0.42633,0.45008,0.43597,0.4162,0.37866,0.39594,0.43299,0.41111,0.40529,0.42273,0.42875,0.39505,0.446,0.40103,0.49491,0.4855,0.47247,0.38251,0.44399,0.40362,0.40782,0.46402,0.42821,0.43462,0.41409,0.41756,0.48406
0.40803,0.40594,0.4602,0.42633,0.45008,0.43597,0.4162,0.37866,0.39594,0.43299,0.41111,0.40529,0.42273,0.42875,0.39505,0.446,0.40103,0.49491,0.4855,0.47247,0.38251,0.44399,0.40362,0.40782,0.46402,0.42821,0.43462,0.41409,0.41756,0.48406
0.40803,0.40594,0.4602,0.42633,0.45008,0.43597,0.4162,0.37866,0.39594,0.43299,0.41111,0.40529,0.42273,0.42875,0.39505,0.446,0.40103,0.49491,0.4855,0.47247,0.38251,0.44399,0.40362,0.40782,0.46402,0.42821,0.43462,0.41409,0.41756,0.48406
0.40803,0.40594,0.4602,0.42633,0.45008,0.43597,0.4162,0.37866,0.39594,0.43299,0.4111,0.40529,0.42273,0.42875,0.39505,0.446,0.40103,0.49491,0.4855,0.47247,0.38251,0.44399,0.40362,0.40782,0.46402,0.42821,0.43462,0.41409,0.41756,0.48406
0.40803,0.40594,0.4602,0.42633,0.45008,0.43597,0.4162,0.37866,0.39594,0.43299,0.4111,0.40529,0.42273,0.42875,0.39505,0.446,0.40103,0.49491,0.4855,0.47247,0.38251,0.44399,0.39807,0.40782,0.46402,0.42821,0.43462,0.41409,0.41756,0.48406
0.40803,0.40594,0.4602,0.42633,0.45008,0.43597,0.4162,0.37866,0.39594,0.43299,0.4111,0.40529,0.42273,0.42875,0.39505,0.446,0.40103,0.49491,0.4855,0.47247,0.38251,0.44399,0.39807,0.40782,0.46402,0.42821,0.43462,0.41409,0.41756,0.48406
0.40803,0.40594,0.4602,0.42633,0.45008,0.43597,0.4162,0.37866,0.39594,0.43299,0.4111,0.40529,0.42273,0.42875,0.39505,0.446,0.40103,0.49491,0.4855,0.47247,0.38251,0.44399,0.39807,0.40782,0.46402,0.42821,0.43462,0.41409,0.41756,0.48406
0.40803,0.40594,0.4602,0.42633,0.45008,0.43597,0.4162,0.37866,0.39594,0.43299,0.4111,0.40529,0.42273,0.42875,0.39505,0.446,0.40103,0.49491,0.4855,0.47247,0.38251,0.44399,0.39807,0.40782,0.46402,0.42821,0.43462,0.41409,0.41756,0.48406
0.40803,0.40594,0.4602,0.42633,0.45008,0.43597,0.4162,0.37866,0.39594,0.43299,0.4111,0.40529,0.42273,0.42875,0.39505,0.446,0.40103,0.49491,0.4855,0.47247,0.38251,0.44399,0.39807,0.40782,0.46402,0.42821,0.43462,0.41409,0.41756,0.48406
0.40803,0.40594,0.4602,0.42633,0.45008,0.43597,0.4162,0.37866,0.39594,0.43299,0.4111,0.40529,0.42273,0.42875,0.39505,0.446,0.40103,0.49491,0.4855,0.47247,0.38251,0.44399,0.39807,0.40782,0.46402,0.42821,0.43462,0.41409,0.41756,0.48406
0.40803,0.40594,0.4602,0.42633,0.45008,0.43597,0.4162,0.37866,0.39594,0.43299,0.4111,0.40529,0.42273,0.42875,0.39505,0.42871,0.40103,0.49491,0.4855,0.47247,0.38251,0.44399,0.39807,0.40782,0.46402,0.42821,0.43462,0.41409,0.41756,0.48406
0.40803,0.40594,0.4602,0.42633,0.45008,0.43597,0.4162,0.37866,0.39594,0.43299,0.4111,0.40529,0.42273,0.42875,0.39505,0.42871,0.40103,0.49491,0.4855,0.47247,0.38251,0.44399,0.39807,0.40782,0.46402,0.42821,0.43462,0.41409,0.41756,0.48406
0.40803,0.40594,0.4602,0.42633,0.45008,0.43597,0.4162,0.37866,0.39594,0.43299,0.4111,0.40529,0.42273,0.42875,0.39505,0.41968,0.40103,0.49491,0.4855,0.47247,0.38251,0.44399,0.39807,0.40782,0.46402,0.42821,0.43462,0.41409,0.41756,0.48406
0.40803,0.40594,0.4602,0.42633,0.45008,0.43597,0.4162,0.37866,0.39594,0.43299,0.4111,0.40529,0.42273,0.42875,0.39505,0.40733,0.40103,0.49491,0.4855,0.47247,0.38251,0.44399,0.39807,0.40782,0.46402,0.42821,0.43462,0.41409,0.41756,0.48406
0.40803,0.40594,0.4602,0.42633,0.45008,0.43597,0.4162,0.37866,0.39594,0.43299,0.4111,0.40529,0.42273,0.42875,0.39505,0.40733,0.40103,0.49491,0.4855,0.47247,0.38251,0.44399,0.39807,0.40782,0.46402,0.42821,0.43462,0.41409,0.41756,0.48406
0.40803,0.40594,0.4602,0.42633,0.45008,0.43597,0.4162,0.37866,0.39594,0.43299,0.4111,0.40529,0.42273,0.42875,0.39505,0.40733,0.40103,0.49491,0.4855,0.47247,0.38251,0.44399,0.39807,0.40782,0.46402,0.42821,0.43462,0.41409,0.41756,0.48406
0.40803,0.40594,0.4602,0.42633,0.45008,0.43597,0.4162,0.37866,0.39594,0.43299,0.4111,0.40529,0.42273,0.42875,0.39505,0.40733,0.40103,0.49491,0.4855,0.47247,0.38251,0.44399,0.39807,0.40782,0.46402,0.42821,0.43462,0.41409,0.41756,0.48406
