0.010244,0.011966,0.010163,0.0096518,0.013844,0.01376,0.0096805,0.011011,0.015043,0.011366,0.0093136,0.010945,0.01295,0.011129,0.0093866,0.010694,0.011151,0.011002,0.010001,0.01276,0.010906,0.010808,0.011072,0.010802,0.012044,0.014565,0.013293,0.012376,0.011509,0.0098735
0.010244,0.011665,0.010163,0.0096518,0.013844,0.011524,0.0096805,0.011011,0.014747,0.011366,0.0093136,0.010945,0.01295,0.0095029,0.0093866,0.010694,0.011151,0.0094997,0.0097753,0.01276,0.0099614,0.010808,0.011072,0.010802,0.011848,0.012375,0.011137,0.010102,0.01043,0.0098526
0.010244,0.011665,0.010163,0.0096518,0.012655,0.011524,0.0096805,0.0097221,0.011011,0.011366,0.0093136,0.010945,0.010326,0.0095029,0.0093866,0.010694,0.011151,0.0094997,0.0097753,0.01276,0.0099614,0.010808,0.011072,0.010802,0.0096876,0.012375,0.011137,0.010102,0.01043,0.0098526
0.010244,0.011665,0.010163,0.0096518,0.010184,0.011524,0.0096805,0.0097221,0.011011,0.011366,0.0093136,0.010742,0.010131,0.0095029,0.0093866,0.010694,0.011151,0.0094997,0.0097753,0.01276,0.0099614,0.010808,0.011072,0.0089629,0.0096655,0.012375,0.011137,0.010102,0.010427,0.0098526
0.010244,0.009312,0.010163,0.0096518,0.010184,0.011524,0.0096805,0.0097221,0.011011,0.011366,0.0093136,0.010742,0.010131,0.0095029,0.0093866,0.010694,0.011151,0.0094997,0.0097753,0.01276,0.0092638,0.010808,0.010195,0.0085945,0.0096606,0.011341,0.011137,0.010102,0.010422,0.0085577
0.010216,0.009312,0.010163,0.0096518,0.010184,0.010405,0.0096805,0.0097221,0.010802,0.011366,0.0093136,0.010742,0.0088602,0.0095029,0.0093866,0.010694,0.011151,0.0094997,0.0097753,0.010193,0.0088285,0.010808,0.0099626,0.0084468,0.0096606,0.011341,0.010291,0.010102,0.010394,0.0085577
0.010216,0.009312,0.010163,0.0088402,0.010184,0.0096084,0.0096805,0.0097221,0.010574,0.011366,0.0093136,0.010655,0.0088602,0.009172,0.0093866,0.010694,0.011151,0.0093199,0.0097753,0.010105,0.0086549,0.009629,0.009949,0.0084326,0.0096606,0.011341,0.0097328,0.010102,0.0095746,0.0085377
0.009699,0.009312,0.010163,0.0088402,0.0097094,0.0096084,0.0096805,0.0097221,0.010574,0.011366,0.0093136,0.010529,0.0085343,0.009172,0.0093866,0.010562,0.0093056,0.0093199,0.0097753,0.0099326,0.0083726,0.0094501,0.0093995,0.0077877,0.0083958,0.011341,0.0090546,0.010102,0.0095612,0.0084492
0.0092621,0.009312,0.010163,0.0088402,0.0097094,0.0095677,0.0096805,0.0097221,0.010539,0.011366,0.0093136,0.010025,0.0085236,0.009172,0.0093866,0.010416,0.0093056,0.0093199,0.0097753,0.0099326,0.0082284,0.0094501,0.0092794,0.0077877,0.0083923,0.011341,0.0083765,0.010102,0.0094979,0.0084492
0.0088309,0.009312,0.0091402,0.008514,0.0095615,0.008563,0.0088115,0.0097221,0.0090173,0.011366,0.0093136,0.0088067,0.0085236,0.0084604,0.0093866,0.010061,0.0093056,0.0093199,0.0097753,0.0099326,0.0082284,0.0089001,0.0087565,0.0077877,0.0083683,0.011341,0.0083765,0.010102,0.0094979,0.0084492
0.0088309,0.009312,0.0089191,0.0084842,0.008712,0.0084957,0.0086648,0.0097221,0.0090173,0.011366,0.0093136,0.0088067,0.0085236,0.0084604,0.0093866,0.010061,0.0093056,0.0093199,0.0097753,0.0088366,0.0082284,0.0088069,0.0087276,0.0077877,0.0083683,0.011341,0.0083765,0.0088924,0.0087145,0.0084492
0.0088309,0.009312,0.0089191,0.0084749,0.008712,0.0084143,0.0081701,0.0097221,0.0090173,0.011366,0.0088597,0.0087778,0.0085236,0.0083873,0.0093866,0.0096441,0.0093056,0.0093199,0.0097753,0.0084346,0.0082284,0.0087678,0.0087276,0.0076958,0.0083683,0.011341,0.0083765,0.0088924,0.008654,0.0084402
0.0087698,0.0087206,0.0086726,0.0084484,0.008712,0.0079505,0.0081151,0.0097221,0.0090126,0.011366,0.0088597,0.0087732,0.0085236,0.0083789,0.0093866,0.0095881,0.0093056,0.0093199,0.0097753,0.008381,0.0082284,0.0085154,0.0087276,0.0076958,0.0083683,0.010057,0.0083765,0.0088924,0.008654,0.008435
0.00861,0.0087206,0.0086607,0.0084484,0.008712,0.0078602,0.0081151,0.0089242,0.0090116,0.010714,0.0088554,0.0085234,0.0085236,0.0080238,0.0093866,0.008825,0.0093056,0.0093199,0.0097753,0.0083767,0.008134,0.0085154,0.0087276,0.0076958,0.0081817,0.010057,0.0083765,0.0088924,0.0085596,0.0084261
0.0085915,0.0083731,0.0086607,0.0083552,0.008712,0.0078602,0.0081151,0.0089242,0.0084639,0.010465,0.0086812,0.0083491,0.0085227,0.0079777,0.0093866,0.0086686,0.0093056,0.0091838,0.0097753,0.008376,0.008134,0.0084991,0.0087238,0.0076958,0.0081763,0.010057,0.0083765,0.0087731,0.0084763,0.0084261
0.0084751,0.0083731,0.0086607,0.0083021,0.008712,0.0078602,0.0081151,0.0089242,0.0084639,0.01032,0.0086812,0.0083095,0.0085114,0.0079777,0.0093866,0.0084162,0.0086776,0.0086388,0.0097753,0.0080343,0.008134,0.0084991,0.0087238,0.0076958,0.0081744,0.010057,0.0083765,0.0087731,0.0082379,0.0084261
0.0084751,0.0083731,0.0086607,0.0080848,0.008712,0.0078602,0.0081151,0.0087772,0.0084639,0.0090602,0.0084451,0.008304,0.0085114,0.0079447,0.0093866,0.0084162,0.0086425,0.0084547,0.0097753,0.0080343,0.008134,0.0084991,0.0087238,0.0076958,0.0081744,0.0086214,0.0083765,0.0087514,0.0082379,0.0084124
0.0084751,0.0083731,0.00865,0.0080848,0.008712,0.007804,0.0081149,0.0087052,0.0084639,0.008993,0.0080282,0.0083039,0.0084898,0.0079447,0.0093866,0.0084162,0.0083771,0.0083654,0.0097753,0.0080343,0.0080905,0.0084991,0.0086409,0.0076958,0.0081744,0.008266,0.0083765,0.0087514,0.0082379,0.0084124
0.0084751,0.0083731,0.0086499,0.0080848,0.008712,0.007804,0.0081118,0.0087043,0.0084639,0.0088978,0.0080282,0.0082537,0.0084789,0.0079447,0.0093866,0.0084162,0.0082386,0.0083654,0.0097753,0.0080322,0.0080905,0.0084991,0.0086409,0.0076958,0.0081744,0.008266,0.0083765,0.0087504,0.0082379,0.0084037
0.0084751,0.0083731,0.0086147,0.0080848,0.0086498,0.0077942,0.0081118,0.0087043,0.0084639,0.0087543,0.0080282,0.0082291,0.0083483,0.0079447,0.0092596,0.0082701,0.0082386,0.0083605,0.0097753,0.0080322,0.0080766,0.0084991,0.0086409,0.0076958,0.0081744,0.008265,0.0083765,0.0087183,0.0082379,0.0084037
0.0084751,0.0083731,0.0086147,0.0080848,0.0085564,0.0077778,0.0081118,0.0085782,0.0084516,0.0086669,0.0078768,0.0082291,0.0083483,0.0079446,0.0092254,0.0081538,0.0082156,0.0083374,0.0097753,0.0080322,0.0080766,0.0084991,0.0086409,0.0076958,0.0081744,0.0082641,0.0083765,0.0087183,0.008139,0.0083794
0.0084595,0.0083731,0.0086147,0.0080848,0.0085478,0.0077778,0.0081118,0.0085782,0.0084516,0.0086669,0.0078768,0.0081188,0.0083483,0.0079446,0.0091706,0.0081488,0.0081801,0.0083374,0.0097753,0.0080322,0.0080675,0.0084991,0.0086409,0.0076748,0.0081742,0.0082641,0.0083765,0.0087058,0.0081382,0.0083794
0.0083297,0.0083659,0.0086147,0.0080848,0.0084714,0.0077136,0.0081118,0.0084221,0.0084516,0.0086669,0.0078768,0.0079527,0.0083483,0.0079446,0.0091417,0.0081404,0.0081801,0.0083374,0.0097753,0.008032,0.0079812,0.0084991,0.0086409,0.0075884,0.0079145,0.0082641,0.0083765,0.0087058,0.0081382,0.0083316
0.0083279,0.0083659,0.0086147,0.0080848,0.0084714,0.0077136,0.0081118,0.0084221,0.0084516,0.0086669,0.0078602,0.0079527,0.0083458,0.0079446,0.0088034,0.0081404,0.0081252,0.0083374,0.0097753,0.0079896,0.0079812,0.008417,0.0086409,0.0075884,0.0079145,0.0082641,0.0083765,0.0087058,0.0081382,0.0083316
0.0082559,0.0083659,0.0086147,0.0080848,0.0084714,0.0077136,0.0081118,0.0083462,0.0084088,0.0086669,0.0078602,0.0078862,0.0083458,0.0079059,0.0087437,0.0081404,0.0081252,0.0083374,0.0097753,0.0079896,0.007942,0.008417,0.0085262,0.0075884,0.0079145,0.0082641,0.0083765,0.0086951,0.0081382,0.0083316
0.0082559,0.0083659,0.0085199,0.0080848,0.0084038,0.0077136,0.0081118,0.0083186,0.0083597,0.0086669,0.007805,0.0078862,0.0083458,0.0079054,0.0086468,0.0081404,0.0081243,0.0083374,0.0097753,0.0079896,0.007942,0.008417,0.0085258,0.0075884,0.0079145,0.0082641,0.0083765,0.0086951,0.0081382,0.0083316
0.0082559,0.0083659,0.0085199,0.0080848,0.0082886,0.0077136,0.0081118,0.0081508,0.0083597,0.0086669,0.007805,0.0078862,0.0083458,0.0079054,0.0086459,0.0081404,0.008113,0.0083374,0.0097753,0.0079896,0.0079419,0.008417,0.0085258,0.0075884,0.0079145,0.0082632,0.0083765,0.0086951,0.0081382,0.0083316
0.0082485,0.0083659,0.0085199,0.0080599,0.0082717,0.0077136,0.0081118,0.0081508,0.0083447,0.0086669,0.007805,0.007879,0.0083458,0.0079017,0.0085649,0.0080217,0.008113,0.0082723,0.0097753,0.0079844,0.0079419,0.008417,0.0084228,0.0075884,0.0079145,0.0082632,0.0083765,0.0086951,0.0081382,0.0083316
0.0081233,0.0083659,0.0085199,0.0080599,0.0082717,0.0076771,0.0081118,0.0081508,0.0083358,0.0086669,0.007805,0.007879,0.0083458,0.0079017,0.0085649,0.0080165,0.008113,0.0082667,0.0097753,0.0078779,0.0079226,0.008417,0.0084228,0.0075884,0.0078826,0.0082593,0.0083187,0.0086951,0.0081382,0.0083316
0.0081233,0.0083659,0.0084784,0.0080599,0.0081855,0.0076771,0.008021,0.0081508,0.0082496,0.0086669,0.0077826,0.007879,0.0083458,0.0078511,0.0085002,0.0080165,0.0080468,0.0082667,0.0097753,0.0078779,0.0079226,0.008417,0.0084228,0.0075884,0.0077925,0.0082504,0.0083187,0.0085804,0.0081382,0.0083316
0.0081233,0.0083659,0.0084391,0.0080599,0.0081855,0.007651,0.008021,0.0081508,0.0082496,0.0086669,0.0077826,0.0077484,0.008341,0.0078511,0.0080355,0.0080165,0.0080468,0.0082667,0.0097753,0.0078779,0.0078541,0.008417,0.0084228,0.0075884,0.0077893,0.0082504,0.0083187,0.0085568,0.0081382,0.0083316
0.0081233,0.0083659,0.0084391,0.0080599,0.0081855,0.007651,0.008021,0.0081508,0.0082496,0.0086669,0.0077826,0.0077484,0.008341,0.0078511,0.0080355,0.0080165,0.0078222,0.0082445,0.0097753,0.0078779,0.0078066,0.008417,0.0084228,0.0075884,0.0077893,0.0082504,0.0083187,0.0085568,0.0081382,0.0083316
0.0081233,0.0083659,0.0084391,0.0080599,0.0081855,0.0076343,0.008021,0.0081508,0.0082496,0.0086669,0.0077826,0.0077484,0.008288,0.0077908,0.0080355,0.0080165,0.0077938,0.0082445,0.0097753,0.0078779,0.0077308,0.008417,0.008209,0.0075884,0.0077509,0.0082504,0.0083187,0.0085398,0.0081382,0.0083316
0.0081233,0.0083659,0.0084391,0.0077003,0.0081855,0.0076343,0.008021,0.0081508,0.0082496,0.0085791,0.0077826,0.0077484,0.008288,0.0077908,0.0080325,0.0080165,0.0077938,0.0082266,0.0097753,0.0078779,0.0077308,0.008417,0.008209,0.0075884,0.0077032,0.0082504,0.0083187,0.0085311,0.0081382,0.0082965
0.0079301,0.0083659,0.0084391,0.0077003,0.0081855,0.0076343,0.008021,0.008051,0.0082496,0.0085791,0.0077826,0.0077484,0.008288,0.0077908,0.0080325,0.0080165,0.0077938,0.0082266,0.0097753,0.0078779,0.0077308,0.008417,0.008209,0.0075884,0.0077032,0.0082504,0.0083187,0.0085311,0.0081382,0.0082956
0.0079301,0.0083659,0.0082896,0.0077003,0.0081855,0.0076277,0.008021,0.0080453,0.0082496,0.0085791,0.0077675,0.0077431,0.008288,0.0077908,0.0080325,0.0080165,0.0077938,0.00822,0.0097753,0.0078779,0.0077308,0.008417,0.008209,0.0075884,0.0077032,0.0082504,0.0083187,0.0085311,0.0081382,0.0082956
0.0079301,0.0083659,0.0082896,0.0077003,0.0081855,0.0075697,0.0079883,0.0080261,0.0082496,0.0085098,0.0077675,0.0077431,0.008288,0.0077908,0.0080325,0.0080165,0.0077938,0.00822,0.0097753,0.0078779,0.0077308,0.008417,0.008209,0.0075884,0.0076921,0.0082504,0.0083187,0.0085311,0.0081382,0.0082937
0.0079301,0.0083659,0.0082442,0.0077003,0.0081855,0.0075697,0.0079883,0.0079611,0.0082496,0.0084372,0.0077321,0.0077431,0.008288,0.0077908,0.0080325,0.0080165,0.0077938,0.0081465,0.0097753,0.0078779,0.0077308,0.008417,0.008209,0.0075884,0.0076921,0.0082504,0.0083187,0.0085148,0.0081382,0.0082937
0.0079301,0.0083659,0.0082442,0.0077003,0.0081261,0.0075591,0.007952,0.0078769,0.0082496,0.0084372,0.0076908,0.0077431,0.008288,0.0077906,0.0080325,0.0080165,0.0077938,0.0081465,0.0097753,0.0078779,0.0077308,0.008417,0.008209,0.0075884,0.0076921,0.0082504,0.0083187,0.0085148,0.0081382,0.008268
0.0079301,0.0083659,0.0082442,0.0077003,0.0081243,0.0075168,0.007618,0.007848,0.0082496,0.0084354,0.0076908,0.0077431,0.008288,0.0077906,0.0080325,0.0080165,0.0077938,0.0081465,0.0097753,0.0078762,0.0077308,0.008417,0.008209,0.0075884,0.0076921,0.0082504,0.0083187,0.0083515,0.0081382,0.008268
0.0079301,0.0083659,0.0082442,0.0077003,0.0081243,0.0075168,0.007618,0.007848,0.0082496,0.0084354,0.0076908,0.0077431,0.008288,0.0077896,0.0080325,0.0080165,0.0077938,0.0081465,0.0097753,0.0078762,0.0077308,0.008417,0.008209,0.0075884,0.0076921,0.0082504,0.0083187,0.0083515,0.0081382,0.0082674
0.0079301,0.0083659,0.0081736,0.0077003,0.0081243,0.0075167,0.007618,0.007848,0.0082496,0.0083381,0.0076908,0.0077431,0.008288,0.0077896,0.0080325,0.0080165,0.0077938,0.0081465,0.0097753,0.0078762,0.0077308,0.008417,0.008209,0.0075884,0.0076921,0.0082504,0.0083187,0.0083515,0.0081382,0.0079006
0.0079301,0.0083659,0.0081712,0.0077003,0.0081243,0.0075167,0.007618,0.0078471,0.0082496,0.0083313,0.0076908,0.0077426,0.008288,0.0077896,0.0080325,0.0080165,0.0077938,0.0081465,0.0097753,0.0078762,0.0076927,0.008417,0.008209,0.0075884,0.0076921,0.0082504,0.0083187,0.0083199,0.0081382,0.0079006
0.0079301,0.0083659,0.0081712,0.0077003,0.0081243,0.0075167,0.007618,0.0078166,0.0082496,0.0082942,0.0076908,0.0077426,0.008288,0.0077896,0.0080325,0.0080165,0.0077938,0.0081465,0.0097753,0.0078563,0.0076927,0.008417,0.0080668,0.0075884,0.0076921,0.0082504,0.0083187,0.0083199,0.0081382,0.0079006
0.0079301,0.008332,0.0081712,0.0077003,0.0081169,0.0075167,0.007618,0.0077636,0.0082496,0.0082942,0.0076908,0.0076831,0.008288,0.0077896,0.0080325,0.0079636,0.0077938,0.0081465,0.0097753,0.0078563,0.0076868,0.008417,0.0080668,0.0075884,0.0075834,0.0082504,0.0083187,0.0082524,0.0081382,0.0079006
0.0079301,0.008332,0.0081712,0.0077003,0.0080011,0.0075167,0.007618,0.0076571,0.0082496,0.0082942,0.0076908,0.0076831,0.008288,0.0077793,0.0080325,0.0079636,0.0077938,0.0081465,0.0097753,0.0078563,0.0076853,0.008417,0.0080668,0.0075884,0.0074435,0.0082504,0.0083187,0.008125,0.0081382,0.0076256
0.0079301,0.008332,0.0081712,0.0077003,0.0079791,0.0075167,0.007618,0.0076571,0.0082496,0.0082942,0.0076908,0.007629,0.008288,0.0077793,0.0080325,0.0079636,0.0077938,0.0081465,0.0097753,0.0078563,0.0076853,0.008417,0.0080668,0.0075884,0.0074435,0.0082504,0.0083187,0.0080969,0.0081382,0.0075823
0.0079301,0.008332,0.0081712,0.0077003,0.0079791,0.0075167,0.007618,0.0076571,0.0082496,0.008254,0.0076908,0.0076089,0.008288,0.0077793,0.0080325,0.0079636,0.0077938,0.0081465,0.0097753,0.0078563,0.0076853,0.008417,0.0080668,0.0075884,0.0074435,0.0082504,0.0083187,0.0080969,0.0081382,0.0074791
0.0079301,0.008332,0.0081712,0.0077003,0.0079142,0.0075167,0.007618,0.0076571,0.0082496,0.008254,0.0076908,0.0075959,0.008288,0.0077793,0.0080325,0.0079636,0.0077938,0.0081465,0.0097753,0.0078563,0.0076853,0.008417,0.0080668,0.0075884,0.0074435,0.0082504,0.0083187,0.0080969,0.0081382,0.0074791
0.0079301,0.008332,0.0078993,0.0077003,0.0079142,0.0075167,0.007618,0.0076571,0.0082496,0.008254,0.0076908,0.0075442,0.008288,0.0077793,0.0080325,0.0079636,0.0077938,0.0081465,0.0097753,0.0078563,0.0076502,0.008417,0.0080583,0.0075884,0.0074435,0.0082504,0.0083187,0.0080969,0.0081382,0.0074791
0.0079301,0.008332,0.0078993,0.0077003,0.0079142,0.0075167,0.007618,0.0076571,0.0082496,0.008254,0.0076908,0.0075442,0.008288,0.0077786,0.0080325,0.0079636,0.0077938,0.0081465,0.0097753,0.0078563,0.0075785,0.008417,0.0080583,0.0075884,0.0074435,0.0082504,0.0083187,0.0080969,0.0081382,0.0074791
0.0076591,0.008332,0.0078993,0.0077003,0.0078825,0.00731,0.007618,0.0075765,0.0082496,0.008254,0.0076908,0.0075442,0.008288,0.0077786,0.0080325,0.0079636,0.0077938,0.0081465,0.0097753,0.0078563,0.0075678,0.0082937,0.0078576,0.0075884,0.0074435,0.0082504,0.0083187,0.0080969,0.0081382,0.0074791
0.0076591,0.008332,0.0078993,0.0077003,0.0078825,0.0069639,0.007618,0.0075765,0.0082496,0.008254,0.0076794,0.0075442,0.0082445,0.0077786,0.0080325,0.0078583,0.0077938,0.0081465,0.0097753,0.0078563,0.0075615,0.0082937,0.0074775,0.0075884,0.0074435,0.0082504,0.0083187,0.0080969,0.0081382,0.0074791
0.0076591,0.008332,0.0078993,0.0077003,0.0078825,0.0069488,0.007618,0.0075765,0.008213,0.008254,0.0076794,0.0075442,0.0082445,0.0077786,0.0080325,0.0078576,0.0077938,0.0080948,0.0097753,0.0078563,0.0075615,0.0082937,0.0074775,0.0075884,0.0074435,0.0082504,0.0083187,0.0080969,0.0081382,0.0074791
0.0076591,0.0083155,0.0078993,0.0077003,0.0078825,0.0069488,0.007618,0.0075765,0.008186,0.008254,0.0076794,0.0074644,0.0082445,0.0077786,0.0079721,0.0078417,0.0077938,0.0080948,0.0097753,0.0078563,0.0075615,0.0082271,0.0074775,0.0075884,0.0074435,0.0082463,0.0083187,0.0080969,0.0081382,0.0074791
0.0076591,0.0083155,0.0078993,0.0077003,0.0078716,0.0069488,0.007618,0.0075765,0.008186,0.0080674,0.0076794,0.0074644,0.008242,0.0077786,0.0079721,0.0077716,0.0077938,0.0080948,0.0097753,0.0078563,0.0074289,0.0082271,0.0074775,0.0075884,0.0073903,0.0082463,0.0083187,0.0080969,0.0081382,0.0074791
0.0076591,0.0083155,0.0078993,0.0077003,0.0077666,0.0069488,0.007618,0.0075765,0.008186,0.0080655,0.0076794,0.0074644,0.0082418,0.0077786,0.0079721,0.0077716,0.0077938,0.0080948,0.0097753,0.0078563,0.0074289,0.0082271,0.0074775,0.0075884,0.0073903,0.0082377,0.0083187,0.0080969,0.0081382,0.0074791
0.0076591,0.0083155,0.0078993,0.0077003,0.0075927,0.0069488,0.007618,0.0075765,0.008166,0.0080423,0.007677,0.0074644,0.0081496,0.0077786,0.0078698,0.0077716,0.0077938,0.008034,0.0097753,0.0078563,0.0074289,0.0082271,0.0074775,0.0075884,0.0073394,0.0082377,0.0083187,0.0080969,0.0081382,0.0074791
0.0076591,0.0083155,0.0078993,0.0076952,0.0075927,0.0069488,0.007618,0.0075765,0.0080402,0.0080112,0.007677,0.0074611,0.0081368,0.0077786,0.0078601,0.0077716,0.0077938,0.0080305,0.0097753,0.0078563,0.0074289,0.0082271,0.0074775,0.0075884,0.0073394,0.0082265,0.0083187,0.0080969,0.0081382,0.0074791
0.0076591,0.0083155,0.0078993,0.0076952,0.0075927,0.0069488,0.007618,0.0075765,0.0080346,0.0080112,0.007677,0.0073899,0.0081368,0.0077786,0.0078601,0.0077716,0.0077938,0.0080305,0.0097753,0.0078563,0.0074289,0.0082271,0.0074775,0.0075884,0.0073394,0.0082,0.0083187,0.0080969,0.0081382,0.0074791
0.0076591,0.0083155,0.0078993,0.0076952,0.0075927,0.0069488,0.007618,0.0075765,0.0080346,0.0080112,0.007677,0.0073857,0.0081368,0.0077786,0.0078601,0.0077716,0.0077938,0.0080305,0.0097753,0.0078296,0.0074289,0.0082271,0.0074775,0.0075884,0.0073394,0.0081751,0.0083187,0.0080969,0.0081382,0.0074791
0.0076591,0.0083155,0.0078993,0.0076952,0.0075927,0.0069488,0.007618,0.0075765,0.0080346,0.0080013,0.007677,0.0073545,0.008133,0.0077786,0.0078601,0.0077258,0.0077938,0.0080305,0.0097753,0.0078296,0.0074289,0.0082271,0.0074775,0.0075884,0.0073394,0.0081751,0.0083187,0.0080969,0.0081382,0.0074791
0.0076591,0.0082962,0.0078993,0.0076498,0.0075927,0.0069488,0.007618,0.0075765,0.0080308,0.0080013,0.007677,0.0073222,0.008133,0.0077786,0.0077518,0.0075944,0.0077938,0.0079856,0.0097753,0.0078296,0.0074289,0.0082271,0.0074775,0.0075884,0.0073394,0.0081751,0.0083026,0.0080969,0.0081382,0.0074791
0.0076591,0.0082962,0.0078993,0.0076498,0.0075927,0.0069488,0.007618,0.0075765,0.0079043,0.0080013,0.0076624,0.0073222,0.008133,0.0077786,0.0077512,0.0075845,0.0077938,0.0079856,0.0097753,0.0078296,0.0074289,0.0082061,0.0074775,0.0075884,0.0073394,0.0081751,0.0083026,0.0080969,0.0081382,0.0074791
0.0076591,0.0082962,0.0078993,0.0076334,0.0075927,0.0069488,0.007618,0.0075765,0.0078564,0.0080013,0.0076024,0.0073096,0.0080592,0.0077786,0.0077512,0.0075825,0.0077938,0.0079856,0.0097753,0.0078296,0.0073814,0.0082061,0.0074369,0.0075884,0.0073394,0.0081751,0.0082908,0.0080969,0.0081382,0.0074791
0.0076591,0.0082962,0.0078993,0.0076334,0.0075927,0.0069488,0.007618,0.0075765,0.0078564,0.0080013,0.0076024,0.0071285,0.0080592,0.0077786,0.0077512,0.0075825,0.0077938,0.0079784,0.0097753,0.0078296,0.0073751,0.0082061,0.0074286,0.0075745,0.0073394,0.0081751,0.0082908,0.0080965,0.0081382,0.0074791
0.0076591,0.0082962,0.0078993,0.0076334,0.0075927,0.0069488,0.007618,0.0075765,0.0078564,0.0080013,0.0076024,0.0071285,0.0080592,0.0077786,0.0077512,0.0075825,0.0077938,0.0079784,0.0097753,0.0078296,0.007375,0.0082061,0.0074286,0.0075745,0.0073394,0.0081751,0.0082908,0.0080703,0.0081382,0.0074791
0.0076591,0.0082962,0.0078993,0.0076334,0.0075927,0.0069488,0.007618,0.0075765,0.0078564,0.0079848,0.0076024,0.0071285,0.0080592,0.0077786,0.0077238,0.0075825,0.0077938,0.0079754,0.0097753,0.0078296,0.0072576,0.0082061,0.0074286,0.0075745,0.0073394,0.0081751,0.0082908,0.0080703,0.0081382,0.0074791
0.0076591,0.0082962,0.0078993,0.0076334,0.0075789,0.0069488,0.007618,0.0075765,0.0078564,0.0079848,0.0075829,0.0071285,0.0080437,0.0077786,0.0077238,0.0075338,0.0077938,0.0078958,0.0097753,0.0078296,0.0072576,0.0082061,0.0074286,0.0075745,0.0073394,0.0081751,0.0082908,0.0080703,0.0081382,0.0074791
0.0076591,0.0082962,0.0078993,0.0076334,0.0075789,0.0069488,0.007618,0.0075765,0.0075968,0.0079848,0.0075829,0.007072,0.0080437,0.0077786,0.0076537,0.0074202,0.0077938,0.0078958,0.0097753,0.0078207,0.0072281,0.0082061,0.0074286,0.0075745,0.0073185,0.0081751,0.0082908,0.0080703,0.0081382,0.0074791
0.0076591,0.0082962,0.0078993,0.0076334,0.0075688,0.0069488,0.007618,0.0075765,0.0075915,0.0079848,0.0075748,0.0070675,0.0080437,0.0077786,0.0076537,0.0074167,0.0077938,0.0078958,0.0097753,0.0078207,0.0072267,0.0082061,0.0074222,0.0075745,0.0072726,0.0081751,0.0082908,0.0080703,0.0081382,0.0074791
0.0076591,0.0082962,0.0078993,0.0076334,0.0074621,0.0069488,0.007618,0.0075765,0.0075915,0.0079848,0.0075748,0.0070675,0.0080437,0.0077786,0.0076537,0.0074167,0.0077938,0.0078958,0.0097753,0.0078097,0.0072267,0.0081886,0.0074222,0.0075745,0.0072726,0.0081751,0.0082908,0.0080703,0.0081315,0.0074791
0.0076591,0.0082625,0.0078993,0.0076334,0.0074617,0.0069488,0.007618,0.0075765,0.0075915,0.0079848,0.0075711,0.0070675,0.0080437,0.0077786,0.0076537,0.0072101,0.0077938,0.0078958,0.0097753,0.0078097,0.0071523,0.0081669,0.0074222,0.0075745,0.0072726,0.0081751,0.0082908,0.0080703,0.0081315,0.0074791
0.0076591,0.0082625,0.0078993,0.0076334,0.0074617,0.0069488,0.007618,0.0075765,0.0075915,0.0079848,0.0075711,0.0070675,0.0080437,0.0077786,0.0076485,0.0070677,0.0077938,0.0078958,0.0097753,0.0077974,0.0071523,0.0081669,0.0074222,0.0075745,0.007192,0.0081751,0.0082859,0.0080703,0.0081315,0.0074393
0.0076591,0.0082612,0.0078993,0.0076334,0.0074009,0.0069488,0.007618,0.0075765,0.0075915,0.0079848,0.0075711,0.0070675,0.0080437,0.0077786,0.0076485,0.0070479,0.0077938,0.0078557,0.0097753,0.0077436,0.0071459,0.0081669,0.0074051,0.0075745,0.007192,0.0081751,0.0082859,0.0080703,0.0080557,0.0074393
0.0076591,0.0082379,0.0078993,0.0076334,0.0074009,0.0069488,0.007618,0.0075765,0.0075915,0.0079848,0.0075373,0.0070675,0.0080437,0.0077786,0.0076485,0.0070479,0.0077938,0.0078557,0.0097753,0.0077055,0.0070516,0.0081669,0.0074051,0.0075707,0.007192,0.0081751,0.0082789,0.0080127,0.0080404,0.0074393
0.0076491,0.0082379,0.0078993,0.0076334,0.0074009,0.0069488,0.007618,0.0075765,0.0075915,0.0079848,0.0075373,0.0070675,0.0080437,0.0077786,0.0076485,0.0070278,0.0077938,0.0078557,0.0097753,0.0077055,0.0070516,0.0081669,0.0074051,0.0075707,0.007192,0.0081751,0.0082789,0.0080127,0.0080404,0.0073938
0.0074454,0.0082379,0.0078993,0.0076334,0.0073578,0.0069488,0.007618,0.0075765,0.0075915,0.0079848,0.0075373,0.0070675,0.0080437,0.0077786,0.0075003,0.0070278,0.0077938,0.0078483,0.0097753,0.0077007,0.0069044,0.0081669,0.0074051,0.0075707,0.007192,0.0081751,0.0082789,0.0080127,0.0080404,0.0073938
0.0074454,0.0082379,0.0078993,0.0076334,0.0073578,0.0069488,0.007618,0.0075765,0.0075084,0.0079848,0.0075371,0.0070675,0.0080437,0.0077786,0.0074902,0.0069411,0.0077938,0.0078218,0.0097753,0.0077007,0.0069037,0.0081669,0.0074051,0.0075629,0.007192,0.007994,0.0082777,0.0079478,0.0080404,0.0073938
0.0074183,0.0082379,0.0078993,0.0076334,0.0073353,0.0069488,0.007618,0.0075765,0.0075084,0.0079564,0.0075371,0.0070675,0.0080437,0.0077786,0.0074902,0.0069409,0.0077938,0.0077158,0.0097753,0.0077007,0.0068667,0.0081669,0.0074051,0.0075629,0.0071731,0.007994,0.0082777,0.0079226,0.0080404,0.0073938
0.0073806,0.0082379,0.0078762,0.0076334,0.0073353,0.0069488,0.007618,0.0075765,0.0075084,0.0079564,0.0075215,0.0070675,0.0080437,0.0077786,0.0074902,0.0069409,0.0077938,0.0077158,0.0097753,0.0077007,0.0068638,0.0081669,0.0073959,0.0075629,0.0071731,0.007994,0.0082777,0.0079226,0.0080404,0.0073938
0.0073549,0.0082379,0.0078762,0.0076334,0.0073353,0.0069488,0.007618,0.0075765,0.0075084,0.0079564,0.0074497,0.0070675,0.0080437,0.0077786,0.0074902,0.0069403,0.0077938,0.0077158,0.0097753,0.0077007,0.0068638,0.0081607,0.00739,0.0075629,0.0071731,0.007994,0.0082777,0.0079226,0.0080404,0.0073938
0.007353,0.0082379,0.0078762,0.0076334,0.0073353,0.0069488,0.007618,0.007419,0.0075084,0.0079564,0.0074416,0.0070675,0.0080437,0.0077786,0.0074902,0.0069101,0.0077938,0.0076843,0.0097753,0.0077007,0.0068481,0.0081607,0.0073595,0.0075629,0.0071731,0.007994,0.008276,0.0079226,0.0080404,0.0073938
0.0073353,0.0082379,0.0078015,0.0076334,0.0073016,0.0069488,0.007618,0.007419,0.0075084,0.0079564,0.0074416,0.0070675,0.0080437,0.0077786,0.0074902,0.0068141,0.0077938,0.0076534,0.0097753,0.0077007,0.0068481,0.0081607,0.0073595,0.0075629,0.0071731,0.007994,0.008276,0.0079226,0.0080404,0.0073938
0.0073353,0.0082309,0.0078015,0.0076334,0.0073016,0.0069488,0.007618,0.007419,0.0075084,0.0079564,0.0074416,0.0070675,0.0080437,0.0077786,0.0074902,0.0068141,0.0077938,0.0076534,0.0097753,0.0077007,0.0068452,0.0081607,0.0073595,0.0075629,0.0071731,0.007994,0.008276,0.0077533,0.0080404,0.0073938
0.0073353,0.0082309,0.0078015,0.0076334,0.007067,0.0069488,0.007618,0.007419,0.0075084,0.0079564,0.0074416,0.0070675,0.0080437,0.0077786,0.0074902,0.0068141,0.0077938,0.0076534,0.0097753,0.0077007,0.006829,0.0081607,0.0073595,0.0075489,0.0071731,0.007994,0.008276,0.0077533,0.0080404,0.0073938
0.0073347,0.0082044,0.0078015,0.0076334,0.007067,0.0069488,0.007618,0.007419,0.0075084,0.0079564,0.0073854,0.0070675,0.0080437,0.0077786,0.0074902,0.0068141,0.0077938,0.0076534,0.0097753,0.0077007,0.006829,0.0081607,0.0073595,0.0075407,0.0071731,0.007994,0.008272,0.0077533,0.0080404,0.0073938
0.0073347,0.0082044,0.0078015,0.0076334,0.007067,0.0069488,0.007618,0.0074106,0.0075084,0.007843,0.0073782,0.0070675,0.0080437,0.0077786,0.0074902,0.006778,0.0077938,0.0076534,0.0097753,0.0077007,0.006829,0.0081607,0.0073595,0.0075407,0.0071418,0.007994,0.008272,0.0077533,0.0080404,0.0073938
0.0073347,0.0081883,0.0078015,0.0076334,0.007067,0.0069488,0.007618,0.0074106,0.0074406,0.007843,0.0073782,0.0070044,0.0080437,0.0077786,0.0074902,0.0067774,0.0077938,0.0076534,0.0097753,0.0076848,0.006829,0.0081607,0.0073595,0.0075407,0.0071377,0.007994,0.008272,0.0077533,0.0080404,0.0073938
0.0073347,0.0081883,0.0078015,0.0076334,0.007067,0.0069488,0.007618,0.0074106,0.0074406,0.007843,0.0073782,0.0070044,0.0080437,0.0077786,0.0072226,0.0067762,0.0077938,0.0075179,0.0097753,0.0076848,0.0065645,0.0081607,0.0073595,0.0074997,0.0070683,0.007994,0.008272,0.0077533,0.0080404,0.0073938
0.0073347,0.0081883,0.0078015,0.0076334,0.0070404,0.0069488,0.007618,0.0074017,0.0074406,0.007843,0.0073747,0.0070044,0.0080437,0.0077786,0.0072226,0.0067727,0.0077938,0.007379,0.0097753,0.0076848,0.0065645,0.0081607,0.0073595,0.0074997,0.0070499,0.007994,0.0082377,0.0077533,0.0080404,0.0073938
0.0073347,0.0081883,0.0078015,0.0076334,0.0070403,0.0069488,0.007618,0.0073729,0.0074406,0.007843,0.0073685,0.0070044,0.0080437,0.0077786,0.0072226,0.0067034,0.0077938,0.0073642,0.0097753,0.0076517,0.0065645,0.0081607,0.0073595,0.0074907,0.0070499,0.007994,0.0082377,0.0077533,0.0080404,0.0073938
0.0072984,0.0081883,0.0078015,0.0076334,0.0070395,0.0069488,0.007618,0.0073262,0.0074406,0.007843,0.0073685,0.0069935,0.0080437,0.0077786,0.0072226,0.0066881,0.0077938,0.0073598,0.0097753,0.0076517,0.0065645,0.0081607,0.0073163,0.0074907,0.0070499,0.007994,0.0082377,0.0075909,0.0080404,0.0073938
0.0072984,0.0081721,0.0077489,0.0076334,0.0070374,0.0069488,0.007618,0.0073262,0.0074406,0.007843,0.007298,0.0069935,0.0080317,0.0077786,0.0072226,0.0066694,0.0077938,0.0073182,0.0097753,0.0076517,0.0065645,0.0081592,0.0073163,0.0074851,0.0070499,0.007994,0.0082129,0.0075909,0.0080404,0.0073938
0.0072708,0.0081038,0.0077489,0.0076334,0.0070217,0.0069488,0.007618,0.0073051,0.0074406,0.007843,0.0072969,0.0069886,0.0080317,0.0077786,0.0071911,0.006602,0.0077938,0.0073156,0.0097753,0.0076517,0.0065645,0.0081577,0.0071916,0.0074851,0.0070499,0.007994,0.0081851,0.0073851,0.0080404,0.0073938
0.0072307,0.0081038,0.0077489,0.0076334,0.0069911,0.0069488,0.007618,0.0073051,0.0074406,0.007843,0.0072969,0.0069886,0.0080317,0.0077786,0.0071911,0.0065366,0.0077938,0.007293,0.0097753,0.0076517,0.0064075,0.0081577,0.0071911,0.0074851,0.0070499,0.007994,0.0081851,0.0073851,0.0080404,0.0073938
0.0072273,0.0081038,0.0077489,0.0076334,0.0069773,0.0069488,0.007618,0.0073051,0.0074406,0.007843,0.0072969,0.0069886,0.0080317,0.0077786,0.0071908,0.0065366,0.0077938,0.0071837,0.0097753,0.0076517,0.0064075,0.0081577,0.0071398,0.0074851,0.0070499,0.007994,0.0081851,0.0073851,0.0080404,0.0073938
0.0072,0.0081038,0.0077489,0.0076334,0.0069773,0.0069488,0.007618,0.0073051,0.0073842,0.007843,0.0072969,0.0069886,0.0080317,0.0077786,0.0071908,0.0065366,0.0077938,0.0071837,0.0097753,0.0076517,0.0064075,0.0081577,0.0071398,0.0074851,0.0070499,0.007994,0.0081851,0.0073851,0.0080404,0.0073938
0.0072,0.0081038,0.0077489,0.0076334,0.0069042,0.0069488,0.007618,0.0073051,0.0073842,0.007843,0.0072969,0.0068789,0.0080317,0.0077786,0.0071908,0.0065366,0.0077938,0.0071643,0.0097753,0.0076517,0.0064075,0.0081528,0.0071398,0.0074851,0.0070499,0.007994,0.0081851,0.0073851,0.0080404,0.0073938
0.0071934,0.0081014,0.0077489,0.0076334,0.0069042,0.0069488,0.007618,0.0073051,0.0073842,0.007843,0.0072969,0.0068775,0.0080317,0.0077786,0.0071908,0.0064962,0.0077938,0.0071643,0.0097753,0.0076517,0.006407,0.0081307,0.0071398,0.0074851,0.0070499,0.007994,0.0081851,0.0073851,0.0080404,0.0073938
0.0071934,0.0080306,0.0077489,0.0076334,0.006895,0.0069488,0.007618,0.0073051,0.0073266,0.007843,0.0072969,0.0068775,0.0080317,0.0077786,0.0071908,0.0064962,0.0077938,0.0070651,0.0097753,0.0076517,0.0063606,0.0081307,0.0071398,0.0074851,0.0070499,0.007994,0.0081851,0.0073851,0.0080404,0.0073938
0.0071934,0.0080306,0.0077489,0.0076334,0.0068724,0.0069488,0.007618,0.0073051,0.0073215,0.007843,0.0072969,0.0068775,0.0080317,0.0077786,0.0071908,0.0064943,0.0077938,0.0070651,0.0097753,0.0076517,0.0063453,0.0081307,0.0071398,0.0074851,0.006976,0.007994,0.0081851,0.0073851,0.0080404,0.0073938
0.0071934,0.0080302,0.0077489,0.0076334,0.0068724,0.0069488,0.007618,0.0073051,0.007297,0.007843,0.0072722,0.0068775,0.0080317,0.0077786,0.0071908,0.0064933,0.0077938,0.0070572,0.0097753,0.0076517,0.0063453,0.0081307,0.0071398,0.0074851,0.006976,0.007994,0.0081851,0.0073851,0.0080404,0.0073938
0.0071934,0.0080302,0.0077489,0.0076334,0.0068238,0.0069488,0.007618,0.0073043,0.0072323,0.007843,0.0072722,0.0068775,0.0080317,0.0077691,0.0071908,0.0064929,0.0077938,0.0070572,0.0097753,0.0076517,0.0063258,0.0081307,0.0071398,0.0074725,0.006976,0.0079825,0.0081851,0.0073851,0.0080404,0.0073938
0.0071934,0.0079743,0.0077489,0.0076334,0.0067869,0.0069488,0.007618,0.0073043,0.0072101,0.007843,0.0072722,0.0068775,0.0080186,0.0077691,0.0071618,0.0064094,0.0077938,0.0070055,0.0097753,0.0076517,0.0063258,0.0081307,0.0071398,0.0074725,0.006976,0.0079746,0.0081851,0.0073851,0.0080404,0.0073938
0.0071934,0.0079743,0.0077489,0.0076334,0.0067682,0.0069488,0.007618,0.0073043,0.0072101,0.007843,0.0072722,0.0068775,0.0080186,0.0077691,0.0071618,0.0060439,0.0077938,0.0070026,0.0097753,0.0076517,0.0063258,0.0080933,0.0071398,0.0074725,0.006976,0.0079746,0.0081851,0.0073851,0.0080404,0.0073938
0.0071934,0.0079356,0.0077489,0.0076334,0.0067241,0.0069488,0.0075882,0.0072795,0.0069544,0.0078299,0.0072722,0.0068775,0.0080186,0.0077691,0.0071618,0.0060439,0.0077938,0.0069208,0.0097753,0.0076517,0.0063258,0.0080933,0.0071398,0.0074725,0.006976,0.0079746,0.0081851,0.0073851,0.0080404,0.0073938
0.0071934,0.0079356,0.0077489,0.0076334,0.0067065,0.0069488,0.0075882,0.0072729,0.0068336,0.0078299,0.0072722,0.0068775,0.0080174,0.0077691,0.0071618,0.0060439,0.0077938,0.0069208,0.0097753,0.0076387,0.0063258,0.0080933,0.0071398,0.0074725,0.006976,0.0079746,0.0081851,0.0073851,0.0080404,0.0073938
0.0071934,0.0078616,0.0077489,0.0076334,0.0067042,0.0069488,0.0075882,0.0072729,0.0068333,0.0077626,0.0072492,0.0068775,0.0080111,0.0077691,0.0071618,0.0060439,0.0077938,0.0069208,0.0097753,0.0076387,0.0062754,0.0080933,0.0071398,0.0074725,0.006976,0.0078257,0.0081851,0.0073851,0.0080404,0.0073938
0.0071934,0.0078616,0.0077489,0.0076334,0.0066894,0.0069488,0.0075882,0.0072729,0.0068274,0.0077626,0.0072492,0.0068775,0.0079892,0.0077691,0.0071618,0.0060439,0.0077938,0.0069208,0.0097753,0.0076362,0.0062754,0.0080933,0.0071398,0.0074725,0.0069452,0.0078176,0.0081851,0.0073851,0.0080404,0.007367
0.0071538,0.0077633,0.0077489,0.0076334,0.0065662,0.0069488,0.0075882,0.0072729,0.0068245,0.0077626,0.0072492,0.0068775,0.0079892,0.0077691,0.0071618,0.0060439,0.0077938,0.0069208,0.0097753,0.0076362,0.0062621,0.0080933,0.0071398,0.0074725,0.0069452,0.0077931,0.0081851,0.0073851,0.0080404,0.007367
0.0071538,0.0077633,0.0077455,0.0076334,0.0065662,0.0069459,0.0075882,0.0072729,0.0066203,0.0077284,0.0072492,0.0068775,0.0079722,0.0077691,0.0071618,0.0060439,0.0077938,0.0069208,0.0097753,0.0075801,0.0062521,0.0080933,0.0071398,0.0074725,0.0069415,0.0077765,0.0081455,0.0073851,0.0080404,0.007367
0.0071538,0.0077633,0.0077455,0.0076334,0.0061784,0.0069445,0.0075882,0.0072556,0.0066203,0.0077284,0.0072492,0.0068775,0.0079722,0.0077691,0.0071618,0.0060439,0.0077938,0.0068431,0.0097753,0.0075801,0.0062521,0.0080933,0.0071398,0.0074725,0.0069415,0.0077765,0.0081455,0.0073851,0.0080404,0.007367
0.0071538,0.0077633,0.0077185,0.0076334,0.006165,0.0069434,0.0075882,0.0072556,0.0066203,0.0077284,0.0072492,0.0068775,0.0079722,0.0077691,0.0071174,0.0060439,0.0077938,0.0068431,0.0097753,0.0075801,0.0062506,0.0080933,0.0071398,0.0074725,0.0069415,0.0077765,0.0081455,0.0073851,0.0080404,0.00736
0.0071538,0.0077633,0.0077185,0.0076334,0.0061439,0.0069222,0.0075882,0.0072556,0.0066197,0.0077284,0.0072492,0.0068775,0.0079722,0.0077691,0.0071174,0.0060439,0.0077938,0.0068431,0.0097753,0.0075801,0.0062506,0.0080933,0.0071398,0.0074725,0.006902,0.0077708,0.0081455,0.0073851,0.0080404,0.00736
0.0070291,0.0077633,0.0077185,0.0076334,0.0061297,0.0069222,0.0075882,0.0072556,0.0066032,0.0077284,0.0072492,0.0068775,0.0079722,0.0077691,0.0071074,0.0060439,0.0077938,0.0068281,0.0097753,0.0075801,0.0062452,0.0080933,0.0071398,0.0074725,0.006902,0.0077708,0.0081455,0.0073851,0.0080404,0.00736
0.0070291,0.0077633,0.0077185,0.0076334,0.0061036,0.0069222,0.0075882,0.0072556,0.0066032,0.0077284,0.0071958,0.0068775,0.0079722,0.0077691,0.0071074,0.0060439,0.0077938,0.0068281,0.0097753,0.0075801,0.0062452,0.0080933,0.0071398,0.0074725,0.0068803,0.0077687,0.0081455,0.0073851,0.0080404,0.00732
0.0070291,0.0077633,0.0077095,0.0076334,0.0061013,0.0069222,0.0074651,0.0072556,0.0065894,0.0077207,0.0071958,0.0067753,0.0079722,0.0077691,0.0071074,0.0060439,0.0077938,0.0068281,0.0097753,0.0075801,0.0062452,0.0080933,0.0071398,0.0074725,0.0068803,0.0077687,0.0081202,0.0073599,0.0080404,0.0073093
0.0070291,0.0077633,0.0077048,0.0076334,0.0061013,0.0069222,0.0074651,0.0072556,0.0065721,0.0077207,0.0071958,0.0067753,0.0079722,0.0077691,0.0070499,0.0060439,0.0077938,0.0067024,0.0097753,0.0075801,0.0062371,0.0080933,0.0071398,0.0074725,0.006838,0.0077546,0.0081202,0.0073599,0.0080404,0.0073093
0.0070291,0.0077619,0.0076791,0.0076334,0.0061013,0.0069222,0.0074651,0.0072556,0.0065721,0.0076442,0.0071958,0.0067753,0.0079722,0.0077691,0.0070499,0.0060439,0.0077938,0.0066989,0.0097753,0.0075801,0.0062365,0.0080933,0.0071398,0.0074725,0.006838,0.0077546,0.0081173,0.0073599,0.0080404,0.0073093
0.0070291,0.0077619,0.0076791,0.0076334,0.0060985,0.0069222,0.0074651,0.0072556,0.0065655,0.0076442,0.0071958,0.0067753,0.0079671,0.0077691,0.0070499,0.0060439,0.0077938,0.0066295,0.0097753,0.0075801,0.0062266,0.0080933,0.0071398,0.0074515,0.006838,0.0077546,0.0081173,0.0073545,0.0080404,0.0073093
0.0070291,0.0077421,0.0076791,0.0076334,0.0060985,0.0069222,0.0074651,0.0072556,0.0065054,0.0076442,0.0071958,0.0067753,0.0079671,0.0077691,0.0070499,0.0060439,0.0077938,0.0066295,0.0097753,0.0075729,0.0062266,0.0080933,0.0071398,0.0074515,0.006838,0.0077546,0.0081173,0.0073545,0.0080404,0.0073022
0.0070291,0.0077421,0.0076791,0.0076334,0.0060392,0.0069222,0.0074651,0.0072556,0.0065054,0.0074785,0.0071958,0.0067753,0.007967,0.0077691,0.0070499,0.0060439,0.0077938,0.0066295,0.0097753,0.0075729,0.0062118,0.0080933,0.0071398,0.0074515,0.006838,0.0077363,0.0081127,0.0073545,0.0080404,0.0072752
0.0070291,0.0077421,0.0076788,0.0076334,0.0060392,0.0069222,0.0074651,0.0072556,0.0065054,0.0074515,0.0071958,0.0067753,0.0079669,0.0077691,0.0070499,0.0060439,0.0077938,0.0066295,0.0097753,0.0075729,0.0061943,0.0080933,0.0071398,0.0074515,0.0068187,0.0077025,0.0081005,0.0073545,0.0080404,0.0072468
0.0070291,0.0077421,0.0076625,0.0076334,0.0060392,0.0069222,0.0074651,0.0072556,0.0065054,0.0074515,0.0071958,0.0067753,0.0079564,0.0077691,0.0070499,0.0060439,0.0077938,0.0066162,0.0097753,0.0075729,0.0061943,0.0080933,0.0071398,0.0074515,0.0068181,0.0077025,0.0081005,0.0073545,0.0080404,0.0072429
0.0070291,0.0077421,0.0076169,0.0076334,0.0060243,0.0069222,0.0074651,0.0072556,0.0065054,0.0074515,0.0071958,0.0067753,0.0079521,0.0077691,0.0070329,0.0060439,0.0077938,0.0064852,0.0097753,0.0075729,0.0061943,0.0080933,0.0071398,0.0074305,0.0068122,0.0077025,0.0081005,0.0073545,0.0080404,0.0072429
0.0070291,0.0077421,0.0076169,0.0076334,0.0060243,0.0069222,0.0074651,0.0072556,0.0065054,0.0074515,0.0071925,0.0067753,0.0079521,0.0077691,0.0070329,0.0060439,0.0077938,0.0064852,0.0097753,0.0075729,0.0061772,0.0080933,0.0071398,0.0074305,0.0068122,0.0077025,0.0080669,0.0073545,0.0080404,0.0072429
0.0070291,0.0077107,0.0076169,0.0076334,0.0060201,0.0069222,0.0074651,0.0072333,0.0065054,0.0074515,0.0071603,0.0067753,0.0079521,0.0077691,0.0069872,0.0060439,0.0077938,0.0064852,0.0097753,0.007563,0.0061725,0.0080933,0.0071398,0.0074305,0.0067874,0.0077025,0.0079983,0.0073277,0.0080404,0.0072429
0.0070291,0.0077017,0.0075994,0.0076334,0.0060201,0.0069222,0.0074651,0.0072333,0.0065054,0.0074515,0.0071603,0.0067753,0.0079521,0.0077691,0.0069872,0.0060439,0.0077938,0.0064852,0.0097753,0.007563,0.0061359,0.0080933,0.0071398,0.0074305,0.0067874,0.0077014,0.0079983,0.0072658,0.0080404,0.0072429
0.0070291,0.0077017,0.0075994,0.0076334,0.0060201,0.0069222,0.0074651,0.0072333,0.0065054,0.0074515,0.0071603,0.0067753,0.0079521,0.0077691,0.0069748,0.0060439,0.0077938,0.0064748,0.0097753,0.007563,0.0061359,0.0080933,0.0071398,0.0074305,0.0067874,0.0076624,0.0079983,0.0072658,0.0080404,0.0072429
0.0070291,0.0076876,0.0075886,0.0076334,0.0060141,0.0069222,0.0074651,0.0072333,0.0064791,0.0074515,0.0071603,0.0067753,0.0079419,0.0077691,0.0069748,0.0060439,0.0077938,0.006471,0.0097753,0.0075613,0.0061359,0.0080933,0.0071398,0.0074305,0.0067874,0.007659,0.0079983,0.0072658,0.0080404,0.0072429
0.0070291,0.0076876,0.0075803,0.0076334,0.0059413,0.0069222,0.0074651,0.0072333,0.0064784,0.0074515,0.0071603,0.0065441,0.0079419,0.0077691,0.0069723,0.0060439,0.0077938,0.006471,0.0097753,0.0075375,0.0061359,0.0080933,0.0071398,0.0074088,0.0067874,0.0076578,0.0079983,0.0072658,0.0080404,0.0072429
0.0070291,0.0076876,0.0075719,0.0076334,0.0059413,0.0069222,0.0074651,0.0072333,0.0064784,0.0074515,0.0071603,0.0065441,0.0079419,0.0077691,0.0069624,0.0060439,0.0077938,0.0063723,0.0097753,0.0075163,0.0061359,0.0080933,0.0071398,0.0074083,0.0067475,0.0076578,0.0079983,0.0072658,0.0080404,0.0072429
0.0070291,0.0076757,0.0075719,0.0076334,0.0059393,0.0069222,0.0074651,0.0072068,0.0064784,0.0074515,0.0071419,0.0065441,0.0079419,0.0077691,0.0069531,0.0060439,0.0077938,0.0063723,0.0097753,0.0075163,0.0061359,0.0080933,0.0071398,0.0074083,0.0067475,0.0076569,0.0079983,0.0072658,0.0080404,0.0072429
0.0070291,0.0076757,0.0075719,0.0076334,0.0059393,0.0069222,0.0074651,0.0072068,0.0064784,0.0074515,0.0071419,0.0065441,0.0079419,0.0077691,0.0069531,0.0060439,0.0077938,0.0063723,0.0097753,0.0075047,0.0061121,0.0079868,0.0071398,0.0074083,0.0067475,0.0076204,0.0079983,0.0071983,0.0080404,0.0072429
0.0070291,0.0076757,0.0075449,0.0076334,0.0059371,0.0069222,0.0074651,0.0072068,0.0064784,0.0073691,0.0071419,0.0065441,0.0079419,0.0077691,0.0069531,0.0060439,0.0077894,0.0063723,0.0097753,0.0075047,0.0061121,0.0079868,0.0071398,0.0074083,0.0067055,0.0075751,0.0079983,0.0071983,0.0080404,0.0072429
0.0070291,0.0076611,0.0075441,0.0076334,0.005919,0.0069222,0.0074651,0.0072068,0.0064784,0.0073691,0.0071398,0.0065441,0.0079419,0.0077691,0.0069434,0.0060439,0.0077894,0.0063723,0.0097753,0.0074987,0.0061121,0.0079852,0.0071398,0.0074083,0.0066635,0.0075751,0.0079983,0.0071983,0.0078778,0.0072429
0.0070291,0.0076611,0.0075276,0.0076334,0.005919,0.0069222,0.0074651,0.0072068,0.0064784,0.0073691,0.00712,0.0065441,0.0079419,0.0077691,0.0069434,0.0060439,0.0077894,0.0063723,0.0097753,0.0074987,0.0061121,0.0079852,0.0071398,0.0074083,0.0066635,0.0075751,0.0079983,0.0071983,0.0078778,0.0072429
0.0070291,0.0076611,0.0075265,0.0076334,0.005919,0.0069222,0.0074651,0.0072068,0.0064784,0.0073691,0.00712,0.0065441,0.0079419,0.0077691,0.0069249,0.0060439,0.0077894,0.0063723,0.0097753,0.0074987,0.0061121,0.0079804,0.0071398,0.0074083,0.0064649,0.0075751,0.0079983,0.0071983,0.0078778,0.0072173
0.0070291,0.0076556,0.0075265,0.0076334,0.0059097,0.0069222,0.0074651,0.0072068,0.0064784,0.0073691,0.0071081,0.0065441,0.0079419,0.0077691,0.0069249,0.0060439,0.0077894,0.0063723,0.0097753,0.0074987,0.0061121,0.0079302,0.0071398,0.0074083,0.0064649,0.0075751,0.0079983,0.0071983,0.0078778,0.0072173
0.0070291,0.0076287,0.007481,0.0076334,0.0059097,0.0069222,0.0074651,0.0072068,0.0064784,0.0072846,0.0070782,0.0065441,0.0079419,0.0077691,0.0069173,0.0060439,0.0077894,0.0063723,0.0097753,0.0074987,0.0061121,0.0079302,0.0071398,0.0074083,0.0064142,0.0075751,0.0079983,0.0071983,0.0078778,0.0072173
0.0070291,0.0076226,0.007481,0.0076334,0.0059069,0.0069222,0.0074651,0.0072068,0.0064784,0.0072348,0.0070782,0.0065441,0.0079419,0.0077691,0.0068995,0.0060439,0.0077894,0.0063723,0.0097753,0.0074987,0.0061121,0.0079302,0.0071398,0.0074036,0.0064142,0.0075751,0.0079983,0.0071983,0.0078778,0.0072173
0.0070291,0.0076226,0.007481,0.0076334,0.0059069,0.0069222,0.0074651,0.0072068,0.0064784,0.0072348,0.0070782,0.0065441,0.0079419,0.0077691,0.0068688,0.0060439,0.0077894,0.0063723,0.0097753,0.0074469,0.0061121,0.0079302,0.0071398,0.0074036,0.0063994,0.0075751,0.0079983,0.0071651,0.007843,0.0072173
0.0070291,0.0076226,0.007475,0.0076334,0.0059069,0.0069222,0.0074651,0.0072068,0.0064784,0.0071754,0.0070782,0.0065441,0.0079419,0.0077691,0.0068688,0.0060439,0.0077894,0.0063723,0.0097753,0.0074351,0.0061121,0.0079302,0.0071398,0.0074036,0.0063921,0.0075751,0.0079983,0.0071072,0.007843,0.0072173
0.0070291,0.0076107,0.007475,0.0076334,0.0058814,0.0069222,0.0074651,0.0072068,0.0064784,0.0071754,0.0070782,0.0065441,0.0079419,0.0077691,0.0068688,0.0060439,0.0077894,0.0063723,0.0097753,0.0074331,0.0060715,0.0079265,0.0071398,0.0074036,0.0063921,0.0075751,0.0079983,0.0071072,0.007843,0.0072173
0.007023,0.0076107,0.0074644,0.0076334,0.0058814,0.0069222,0.0074651,0.0072068,0.0064784,0.0071754,0.0070782,0.0065441,0.0079419,0.0077691,0.0068688,0.0060439,0.0077894,0.0063723,0.0097753,0.0074269,0.0060706,0.0079177,0.0071398,0.0074036,0.0063918,0.0075751,0.0079983,0.0071072,0.007843,0.0072173
0.007023,0.0076089,0.0074637,0.0076334,0.0058814,0.0069222,0.0074651,0.0072066,0.0064784,0.0071754,0.0070782,0.0065441,0.0079419,0.0077691,0.0068597,0.0060439,0.0077894,0.0063723,0.0097753,0.0074269,0.0060706,0.0079177,0.0071398,0.0073848,0.0063918,0.0075751,0.0079983,0.0071072,0.007843,0.0072173
0.007023,0.0075962,0.007453,0.0076334,0.0058814,0.0069222,0.0074651,0.0072049,0.0064784,0.0071754,0.0070782,0.0065441,0.0079419,0.0077691,0.0068043,0.0060439,0.0077894,0.0063723,0.0097753,0.0074169,0.0060706,0.0078298,0.0071398,0.0073647,0.0063918,0.0075751,0.0079983,0.0071072,0.007843,0.0072173
0.007023,0.0075747,0.0074471,0.0076334,0.0058814,0.0068793,0.0074651,0.0072049,0.0064743,0.0071754,0.0070782,0.0065441,0.0079419,0.0077619,0.0068043,0.0060439,0.0077894,0.006354,0.0097753,0.0074085,0.0060613,0.0078074,0.0071398,0.0073313,0.0063668,0.0075751,0.0079983,0.0071072,0.007843,0.0072173
0.007023,0.0075517,0.0074471,0.0076334,0.0058814,0.0068793,0.0074651,0.0071964,0.0064743,0.0070224,0.0070782,0.0065235,0.0079419,0.0077372,0.0068024,0.0060439,0.0077894,0.0063538,0.0097753,0.0073996,0.0060602,0.0077173,0.0071148,0.0073313,0.0063668,0.0075751,0.0079983,0.0071072,0.007843,0.0072173
0.007023,0.0075517,0.0074184,0.0076334,0.0058814,0.0068793,0.0074651,0.0071825,0.0064743,0.007014,0.0070782,0.0065235,0.0079419,0.0077372,0.0067999,0.0060439,0.0077894,0.0063373,0.0097753,0.0073522,0.0059834,0.0077173,0.0071088,0.0073313,0.0063668,0.0075751,0.0079983,0.0071072,0.007843,0.007173
0.0070203,0.0075517,0.0074184,0.0076334,0.0058609,0.0068719,0.0074651,0.0071775,0.0064743,0.007014,0.0070705,0.0065235,0.0079391,0.0077372,0.0067799,0.0060439,0.0077894,0.0063155,0.0097753,0.0073512,0.0059834,0.0077173,0.0071088,0.0073268,0.0063668,0.0074882,0.0079963,0.0071072,0.007843,0.007173
0.0070154,0.0075517,0.0073773,0.0076334,0.0058605,0.0068719,0.0074651,0.0071775,0.0064743,0.0070002,0.0070705,0.0065235,0.0079391,0.0077372,0.0067799,0.0060439,0.0077894,0.0063155,0.0097753,0.0073512,0.0059834,0.0077173,0.0071088,0.0073229,0.0063668,0.0074882,0.0079807,0.0071072,0.007843,0.007173
0.0070154,0.0075517,0.0073773,0.0076334,0.0058605,0.0068349,0.0074651,0.0071696,0.0064743,0.0069983,0.0070705,0.0065235,0.0079391,0.0077372,0.0067799,0.0060439,0.0077894,0.0063155,0.0097753,0.0073512,0.0059834,0.0077173,0.0071088,0.0073229,0.0063668,0.0074872,0.0079807,0.0071072,0.007843,0.007173
0.0070154,0.0075517,0.0073773,0.0076334,0.0058555,0.0068349,0.0074651,0.0071696,0.0064743,0.0069983,0.0070486,0.0065235,0.0079391,0.0077372,0.0067799,0.0060439,0.0077894,0.0063155,0.0097753,0.0073224,0.0059398,0.0077173,0.0069943,0.0073229,0.0063668,0.0074872,0.0079807,0.0071072,0.007843,0.007173
0.0070154,0.0075517,0.0073773,0.0076334,0.0058449,0.0068349,0.0074651,0.0071696,0.0064743,0.0069527,0.0070486,0.0065235,0.0079247,0.0077372,0.0067799,0.0060155,0.0077894,0.0063155,0.0097753,0.0072322,0.0059283,0.0077173,0.0069943,0.0073229,0.0063668,0.007446,0.0079807,0.0071072,0.007843,0.007173
0.0070154,0.0075517,0.0073773,0.0076334,0.0058449,0.0068349,0.0074651,0.0071696,0.0064743,0.0069527,0.007046,0.0065235,0.0079247,0.0077372,0.0067799,0.0060155,0.0077894,0.0063155,0.0097753,0.0072321,0.0059276,0.0077173,0.0069943,0.0073229,0.0063663,0.007446,0.0079672,0.0071072,0.007843,0.007173
0.0070154,0.0075517,0.0073773,0.0076334,0.0058445,0.0065364,0.0074651,0.0071696,0.006465,0.0069241,0.0070137,0.0065235,0.0079247,0.0077372,0.0067799,0.0060149,0.0077894,0.0063155,0.0097753,0.0072321,0.005927,0.0077173,0.0069943,0.0073229,0.0063619,0.0074391,0.0079374,0.007098,0.007843,0.007173
0.0070154,0.0075517,0.0073773,0.0076334,0.0058438,0.0065361,0.0074651,0.0071696,0.006465,0.0069241,0.007006,0.0065235,0.0079247,0.0077372,0.0067658,0.0060121,0.0077894,0.0063155,0.0097753,0.0071969,0.0059269,0.0077173,0.0069943,0.0073027,0.0063619,0.0074308,0.0079374,0.007098,0.007843,0.007173
0.0070154,0.0075459,0.0073773,0.0076334,0.0058428,0.0065355,0.0074651,0.0071548,0.006465,0.0069241,0.007006,0.0065112,0.0079247,0.0077372,0.0067658,0.0060121,0.0077894,0.0063155,0.0097753,0.0071969,0.0059255,0.0077173,0.0069943,0.0072947,0.0063619,0.0074308,0.0079374,0.007098,0.007843,0.007173
0.0070154,0.0075459,0.0073745,0.0076334,0.0058346,0.0065355,0.0074651,0.0071548,0.006465,0.0069241,0.0070052,0.0064917,0.0079247,0.0077372,0.0067658,0.0060104,0.0077894,0.0063126,0.0097753,0.0071969,0.0059255,0.0077173,0.0069943,0.0072947,0.0063619,0.0074308,0.0078988,0.007098,0.007843,0.007173
0.0070154,0.0075459,0.0073737,0.0076334,0.00583,0.0065291,0.0074651,0.0071548,0.006465,0.0069241,0.0070052,0.0064843,0.0079247,0.0077141,0.0067658,0.0060104,0.0076893,0.0063126,0.0097753,0.0071969,0.0059251,0.0077173,0.0069943,0.0072947,0.0063619,0.0073652,0.0078988,0.007098,0.007843,0.007173
0.0070154,0.0075459,0.0073737,0.0076334,0.0058175,0.0065289,0.0074651,0.0071298,0.006465,0.0068554,0.0070001,0.0064843,0.0079247,0.0077053,0.0067658,0.0060104,0.0076893,0.0063126,0.0097753,0.0071969,0.0059219,0.0077173,0.0069943,0.0072947,0.0063579,0.0073652,0.0078921,0.007098,0.007843,0.007173
0.0070154,0.0075459,0.0073629,0.0076334,0.0058175,0.0065289,0.0074651,0.0071298,0.006465,0.0068254,0.0069931,0.0064843,0.0079244,0.0077053,0.0067658,0.0060104,0.0076792,0.0063126,0.0097753,0.0071969,0.0059219,0.0076831,0.0069943,0.0072947,0.0063579,0.0073549,0.0078921,0.007098,0.007843,0.007173
0.0070154,0.0075183,0.0073629,0.0076334,0.0058171,0.0065289,0.0074651,0.0071298,0.006465,0.0068254,0.0069914,0.0064843,0.0079244,0.0077053,0.0067658,0.0060104,0.0076721,0.006309,0.0097753,0.0071969,0.0059193,0.0076831,0.0069943,0.00729,0.0063569,0.0073549,0.0078921,0.0070911,0.007843,0.007173
0.0070154,0.0075183,0.0073629,0.0076334,0.005817,0.0065289,0.0074651,0.0071298,0.006465,0.0068254,0.0069914,0.0064368,0.0079217,0.0077053,0.0067658,0.0060103,0.0076094,0.0062992,0.0097753,0.0071969,0.0059049,0.0076361,0.0069943,0.0072657,0.0063569,0.0073264,0.0078921,0.0070911,0.007843,0.007173
0.0070154,0.0073586,0.0073489,0.0076334,0.005817,0.0065289,0.0074651,0.0071298,0.006465,0.0068254,0.00695,0.0064368,0.0079217,0.0077053,0.0067658,0.0060072,0.007601,0.0062992,0.0097753,0.0071969,0.0059049,0.0076361,0.0069943,0.0072657,0.0063569,0.0073264,0.0078921,0.0070911,0.007843,0.007173
0.0070154,0.0073389,0.007331,0.0076334,0.0058117,0.0065289,0.0074651,0.0071298,0.006465,0.0067907,0.00695,0.0064368,0.0079217,0.0077053,0.0067601,0.0060069,0.007601,0.0062619,0.0097753,0.0071968,0.0059049,0.0076361,0.0069943,0.0072657,0.006344,0.0073107,0.0078782,0.0070911,0.007843,0.007173
0.0069759,0.0073043,0.007331,0.0076334,0.0057994,0.0065289,0.0074651,0.0071298,0.006465,0.0067907,0.00695,0.0064368,0.0079217,0.0077053,0.0067601,0.0060069,0.007601,0.0062619,0.0097753,0.0071905,0.0059049,0.0076361,0.0069943,0.0072657,0.0063075,0.0073039,0.0078516,0.0070911,0.007843,0.007173
0.0069759,0.007297,0.0073247,0.0076334,0.0057994,0.0065289,0.0074651,0.0070897,0.006465,0.0067613,0.00695,0.0064368,0.0079217,0.0076724,0.0067562,0.0060069,0.0075865,0.0062619,0.0097753,0.0071905,0.005904,0.0076329,0.0069943,0.0072657,0.0063075,0.0072642,0.0078516,0.0070739,0.007843,0.007173
0.0069759,0.007297,0.0072936,0.0076334,0.0057994,0.0065289,0.0074651,0.0070866,0.006465,0.0067613,0.00695,0.0064368,0.0079203,0.0076724,0.0067484,0.0060063,0.0074154,0.0062619,0.0097753,0.0071905,0.005904,0.0076217,0.0069943,0.0072657,0.0063075,0.0072642,0.0077935,0.0070739,0.007843,0.0071715
0.0069759,0.0072905,0.0072814,0.0076334,0.0057572,0.0065289,0.0074651,0.0070866,0.006465,0.0067454,0.00695,0.0064368,0.0079203,0.0076724,0.0066728,0.0060063,0.0073815,0.0062619,0.0097753,0.0071905,0.005904,0.0076217,0.0069943,0.0072657,0.0063075,0.0071843,0.0077935,0.0070739,0.007843,0.0071715
0.0069759,0.007225,0.0072814,0.0076334,0.0057571,0.0065289,0.0074651,0.0070866,0.006465,0.0067454,0.00695,0.0064368,0.0079203,0.0076724,0.0066522,0.0060063,0.0073593,0.0062619,0.0097753,0.0071905,0.0058951,0.0075875,0.0069943,0.0072657,0.0063075,0.0071843,0.0077935,0.0070739,0.007843,0.0071704
0.0068703,0.007186,0.0072814,0.0076334,0.0057571,0.0065289,0.0074651,0.0070866,0.0064574,0.0067258,0.00695,0.0064368,0.0079203,0.007661,0.0066407,0.0059993,0.0073593,0.0062619,0.0097753,0.0071905,0.0058951,0.0075875,0.0069943,0.0072657,0.0063075,0.0071843,0.0077935,0.0070739,0.007843,0.0071528
0.0068703,0.007186,0.0072814,0.0076334,0.0057571,0.0065289,0.00739,0.0070866,0.0064574,0.0067258,0.00695,0.0064368,0.0079203,0.007661,0.0065829,0.0059988,0.0073593,0.0062619,0.0097753,0.0071905,0.0058882,0.0074942,0.0069943,0.0072657,0.0063075,0.0071449,0.0077935,0.0070739,0.007843,0.0071528
0.0068703,0.007186,0.0072443,0.0076334,0.0057571,0.0065289,0.00739,0.0070866,0.0064574,0.0067258,0.00695,0.0064368,0.0079203,0.0076599,0.0065829,0.0059987,0.0073539,0.0062619,0.0097753,0.0071905,0.0058882,0.0074942,0.0069895,0.0072613,0.0063075,0.0070439,0.0077935,0.0070739,0.007843,0.0071528
0.0068703,0.0070354,0.0072443,0.0076334,0.0057571,0.0065289,0.00739,0.0070866,0.0064472,0.0067258,0.00695,0.0064368,0.0079184,0.0076087,0.0065829,0.0059969,0.0073539,0.0062619,0.0097753,0.0071905,0.0058841,0.0074518,0.0069895,0.0072499,0.0063075,0.0068938,0.0077482,0.0070586,0.0078317,0.0071528
0.0068703,0.0070354,0.0072443,0.0076334,0.0057571,0.0065289,0.00739,0.0070866,0.0064472,0.0067258,0.00695,0.0064368,0.0079184,0.0076087,0.0065829,0.0059969,0.0073154,0.0062331,0.0097753,0.0071905,0.005884,0.0074518,0.0069861,0.0072426,0.0063075,0.0068938,0.0077482,0.0070586,0.0077827,0.0071528
0.0068628,0.0070354,0.0072443,0.0076334,0.0057571,0.0065289,0.00739,0.0070866,0.0064434,0.0067258,0.00695,0.0064368,0.0079164,0.0076087,0.0065829,0.0059952,0.0072875,0.0062331,0.0097753,0.0071905,0.005884,0.0073639,0.0069861,0.0072415,0.0063075,0.0068938,0.0077482,0.0070586,0.0077827,0.0071469
0.0068628,0.0070354,0.0072443,0.0076334,0.0057571,0.0065289,0.00739,0.0070866,0.0064424,0.006706,0.00695,0.0064368,0.0079163,0.0076087,0.0065829,0.0059946,0.0072836,0.0062331,0.0097753,0.0071905,0.005884,0.0073639,0.0069861,0.0072415,0.0063075,0.0068938,0.0076173,0.0070586,0.0077827,0.0071469
0.0068628,0.0070354,0.0072443,0.0076334,0.0057571,0.0065289,0.00739,0.0070866,0.0064386,0.0066893,0.00695,0.0064368,0.0079163,0.0076087,0.0065829,0.0059946,0.007262,0.0061879,0.0097753,0.0071905,0.005884,0.0073639,0.0069861,0.0072415,0.0063075,0.0068938,0.0076173,0.0070332,0.0077827,0.0071469
0.0068428,0.0070354,0.0072443,0.0076334,0.0057571,0.0065289,0.00739,0.0070866,0.0064386,0.0066625,0.00695,0.0063231,0.0079163,0.0076087,0.0065829,0.0059883,0.0072263,0.0061852,0.0097753,0.0071731,0.0058837,0.0073639,0.0069843,0.0072415,0.0063075,0.0068938,0.0075904,0.0070295,0.0077827,0.0071469
0.0068428,0.0070354,0.0071188,0.0076334,0.0057571,0.0065289,0.00739,0.0070866,0.0064386,0.0066608,0.00695,0.0063231,0.0079163,0.0076087,0.0065829,0.0059882,0.0072066,0.0061852,0.0097753,0.0071239,0.0058835,0.0073639,0.0069351,0.0072415,0.0063075,0.0068938,0.0075904,0.0070277,0.0077827,0.0071469
0.0068153,0.0070192,0.0071188,0.0076334,0.0057571,0.0063293,0.00739,0.0070866,0.0064386,0.0066608,0.00695,0.0063231,0.0079163,0.0076087,0.0065829,0.0059882,0.0071763,0.0061852,0.0097753,0.0070946,0.0058835,0.0073639,0.0069351,0.0072325,0.0063075,0.0068938,0.0075904,0.0070277,0.0077827,0.0071207
0.0068095,0.0070089,0.0071188,0.0076334,0.0057571,0.0063225,0.00739,0.0070866,0.0064386,0.006628,0.00695,0.0063231,0.0079163,0.0076087,0.0065829,0.0059882,0.0071343,0.0061852,0.0097753,0.0070826,0.0058835,0.0073526,0.00692,0.0072325,0.0063075,0.0068938,0.0075904,0.0070142,0.0077827,0.0071207
0.0068095,0.0069967,0.0071188,0.0076334,0.0057571,0.0063225,0.00739,0.0070866,0.0064386,0.0066049,0.00695,0.0063231,0.0079099,0.0076087,0.0065829,0.0059867,0.0070114,0.0061852,0.0097753,0.007025,0.0058835,0.0073245,0.00692,0.0072325,0.0063075,0.0068938,0.0075904,0.0070142,0.0077431,0.0071144
0.0068095,0.0069849,0.0070879,0.0076334,0.0057571,0.0063225,0.00739,0.0070866,0.0064386,0.0066049,0.00695,0.0063231,0.0079001,0.0076087,0.0065829,0.0059867,0.0070114,0.0061711,0.0097753,0.0070225,0.0058792,0.0073245,0.00692,0.0072325,0.0063075,0.0068938,0.0075678,0.0070142,0.0077431,0.0071144
0.0068095,0.0069844,0.0069604,0.0076334,0.0057571,0.0063124,0.00739,0.0070866,0.0064313,0.0066049,0.00695,0.0063231,0.007886,0.0076087,0.0065829,0.0059867,0.0070114,0.0061711,0.0097753,0.0070103,0.0058792,0.0072856,0.0069113,0.0072325,0.0063075,0.0068938,0.0074833,0.0070142,0.0077431,0.0071089
0.0067641,0.0069768,0.0069604,0.0076334,0.0057571,0.0063124,0.00739,0.0070866,0.0064255,0.0066049,0.0069361,0.0063231,0.007886,0.0076087,0.0065829,0.0059788,0.0069195,0.0061711,0.0097753,0.0069901,0.0058792,0.0072453,0.0068845,0.0072325,0.0063075,0.0068938,0.0074833,0.0070142,0.0077431,0.0071089
0.0067641,0.0069652,0.0069604,0.0076334,0.0057571,0.0063124,0.00739,0.0070866,0.0064255,0.0066049,0.0069361,0.0063231,0.007886,0.0075336,0.0065829,0.0059788,0.0069195,0.0061711,0.0097753,0.0069901,0.0058792,0.0072453,0.0068845,0.0072325,0.0063075,0.0068938,0.0074833,0.0070142,0.0077431,0.0071089
0.0066946,0.0069571,0.0069604,0.0076334,0.0057571,0.0063124,0.00739,0.0070866,0.0064222,0.0066049,0.0069341,0.0063231,0.007886,0.0075336,0.0065829,0.0059788,0.0069195,0.0061684,0.0097753,0.0069901,0.0058792,0.0072453,0.0068845,0.0072325,0.0063075,0.0068938,0.0073506,0.0070142,0.0077431,0.0071089
0.0066946,0.0069459,0.0069604,0.0076334,0.0057571,0.0063124,0.00739,0.0070866,0.0064222,0.0065324,0.0069265,0.0062866,0.007886,0.0075336,0.0065829,0.0059788,0.006846,0.0060957,0.0097753,0.0069898,0.0058792,0.0072125,0.0068513,0.0072325,0.0063075,0.0068938,0.0073506,0.0070142,0.0077431,0.0071089
0.0066946,0.0068364,0.0069604,0.0076334,0.0057571,0.0063124,0.00739,0.0070866,0.0064222,0.0065315,0.0069224,0.0062866,0.007886,0.0075336,0.0065829,0.0059784,0.006846,0.0060132,0.0097753,0.006978,0.0058792,0.0072125,0.0068294,0.0072325,0.0063075,0.0068938,0.0073506,0.0070142,0.0077431,0.0071089
0.0066939,0.0068131,0.0069604,0.0076334,0.0057571,0.0063124,0.00739,0.0070335,0.0064222,0.0065315,0.0069167,0.0062866,0.007886,0.0075336,0.0065829,0.0059652,0.006846,0.0060132,0.0097753,0.0069562,0.0058624,0.0072125,0.0068294,0.0072208,0.0063075,0.0068938,0.0073506,0.0070142,0.0077431,0.0071089
0.0066878,0.0068131,0.0069604,0.0076334,0.0057571,0.0063124,0.00739,0.0070335,0.0064153,0.0065315,0.0069167,0.0062866,0.007886,0.0075336,0.0065829,0.0059652,0.006846,0.0060132,0.0097753,0.0069562,0.0058624,0.0072125,0.0068294,0.0072149,0.0063075,0.0068582,0.0071526,0.0070142,0.0077214,0.0071089
0.0066552,0.0067593,0.0069604,0.0076334,0.0057571,0.0063124,0.00739,0.0070335,0.0064153,0.0065315,0.0069167,0.00615,0.0078844,0.0075336,0.0065829,0.0059652,0.006846,0.0060132,0.0097753,0.0069544,0.0058624,0.0071784,0.0068294,0.0072149,0.0063075,0.0068582,0.0071526,0.0070142,0.0077017,0.0071014
0.00664,0.0067593,0.0069239,0.0076334,0.0057571,0.0063124,0.00739,0.0070335,0.0064153,0.0065315,0.0069167,0.0061288,0.0078844,0.0075336,0.0065829,0.0059652,0.0068236,0.0059789,0.0097753,0.0069544,0.0058624,0.0071784,0.0068294,0.0071838,0.0063075,0.0068582,0.0071526,0.0070142,0.0075792,0.0070955
0.00664,0.0067356,0.0069239,0.0076334,0.0057571,0.0063124,0.00739,0.0070335,0.0064153,0.0065315,0.0069162,0.0061288,0.0078844,0.0074946,0.006505,0.0059652,0.00681,0.0059757,0.0097753,0.0069046,0.0058624,0.007161,0.0068294,0.0071795,0.0063075,0.0068582,0.0071526,0.0070142,0.0075792,0.0070949
0.00664,0.0067158,0.0068888,0.0076334,0.0057571,0.0062792,0.00739,0.0070335,0.0064143,0.0065315,0.0068984,0.0061288,0.0078843,0.0074184,0.006505,0.0059652,0.0067789,0.0059757,0.0097753,0.0069046,0.0058624,0.007161,0.0068272,0.0071795,0.0063075,0.0068567,0.0071526,0.0070142,0.0075792,0.0070949
0.006625,0.0066363,0.0068888,0.0076334,0.0057571,0.0062792,0.00739,0.0070335,0.0064143,0.0065315,0.0068984,0.0061288,0.0078843,0.0074184,0.006505,0.0059615,0.0067407,0.0059757,0.0097753,0.0069046,0.0058624,0.007161,0.0067959,0.0071759,0.0063075,0.0068567,0.0071526,0.0070142,0.0075792,0.0070905
0.006625,0.0066363,0.0068888,0.0076334,0.0057571,0.0062784,0.00739,0.0070335,0.0064143,0.0065315,0.0068984,0.0061288,0.0078843,0.0073828,0.006505,0.0059604,0.0067407,0.0059757,0.0097753,0.0068965,0.0058624,0.007161,0.0067959,0.0071759,0.0063075,0.0068284,0.0071526,0.0070142,0.0075792,0.0070673
