66.767,46.577,49.014,67.698,53.105,59.314,48.199,48.257,61.272,47.209,46.989,46.583,67.975,65.045,59.708,55.398,59.075,53.063,48.019,46.712,48.119,47.551,47.728,53.577,48.029,60.414,47.156,48.097,67.945,62.099
61.802,43.179,49.014,67.698,53.105,47.308,44.941,44.896,50.224,47.209,43.208,44.694,61.37,65.045,59.708,55.398,48.044,53.063,41.998,40.35,42.204,46.593,41.679,47.19,43.988,43.536,43.991,48.097,60.433,62.099
61.802,37.337,49.014,63.564,53.105,43.053,38.666,39.042,48.053,31.449,36.225,44.694,61.37,61.011,59.708,55.398,44.139,53.063,32.541,35.739,32.214,44.763,32.182,36,33.838,33.436,43.161,48.097,50.58,62.099
61.802,32.353,49.014,59.462,53.105,38.942,29.549,34.162,46.899,24.632,27.292,41.375,61.37,55.638,59.708,55.398,44.139,53.063,25.654,34.273,24.901,43.039,25.295,27.957,29.414,25.671,37.972,47.466,44.342,62.099
61.802,25.79,49.014,51.463,53.105,32.876,25.567,30.074,43.012,19.758,20.62,38.531,61.37,50.279,59.708,55.398,44.139,53.063,22.941,12.48,19.614,41.414,20.108,22.152,23.071,20.114,33.409,36.424,39.12,62.099
61.802,22.919,49.014,40.295,53.105,14.124,22.352,26.635,37.274,15.935,9.9879,37.793,61.37,38.527,59.708,55.398,44.139,53.063,20.641,11.197,17.854,39.882,18.377,17.959,20.528,16.149,28.826,28.589,34.728,62.099
57.863,20.46,49.014,40.182,53.105,13.187,11.492,23.734,37.274,15.935,9.9589,37.793,61.37,30.432,59.708,55.398,44.139,53.063,18.683,10.818,16.162,38.435,14.657,14.476,18.187,13.165,12.675,23,31.019,56.173
39.656,19.279,47.958,39.715,53.105,12.294,11.492,21.278,37.274,15.935,9.9589,31.495,61.37,28.31,59.708,55.398,44.139,53.063,16.814,10.239,16.162,37.067,14.507,14.476,13.647,11.649,12.536,18.507,27.875,51.101
32.533,17.403,42.183,39.715,53.105,11.383,11.492,19.195,36.484,15.935,9.9589,23.989,57.841,27.619,59.708,55.398,44.139,53.063,16.209,9.9446,16.162,35.773,14.36,14.311,13.002,11.649,12.4,17.704,25.201,51.101
31.603,15.593,27.374,39.364,53.105,10.702,11.492,17.425,16.807,15.935,9.9589,18.121,49.089,21.916,59.708,54.081,44.139,53.063,16.048,9.7721,15.983,33.881,14.216,14.175,12.508,11.442,12.266,16.485,22.184,51.101
30.42,15.318,26.296,39.179,53.105,9.8819,11.492,15.919,16.807,15.935,9.9589,16.2,42.001,18.282,59.708,30.51,44.139,53.063,15.906,8.7177,15.846,29.754,14.065,14.04,12.217,11.34,12.135,15.706,12.897,48.169
23.764,11.657,26.296,38.983,53.105,9.0029,11.492,14.635,16.807,15.935,9.9589,16.12,27.317,16.995,59.708,28.596,44.139,52.871,15.514,8.5361,15.533,15.411,14.065,13.908,11.955,11.24,12.005,15.011,12.636,41.976
22.172,9.2194,25.133,38.181,53.105,7.9495,11.492,13.541,16.807,15.935,9.9589,14.677,26.296,16.003,59.708,27.903,44.139,40.37,15.373,8.116,14.793,15.049,5.2179,13.638,11.391,11.025,11.878,14.414,12.636,34.595
20.9,8.98,25.133,33.78,53.105,7.4432,11.492,12.608,16.807,15.935,9.9589,13.281,19.79,14.439,59.708,21.672,44.139,31.409,14.644,7.7355,14.079,14.672,4.7206,13.55,11.044,10.96,11.753,11.516,11.638,31.872
19.481,8.98,25.077,32.18,53.105,6.931,11.492,11.811,16.807,15.935,9.9589,13.211,19.494,13.169,59.708,20.373,44.139,30.686,14.3,7.3805,13.574,14.497,4.6774,13.45,10.619,10.913,11.617,10.901,11.296,30.529
17.648,8.98,22.935,30.495,53.105,6.4037,11.492,10.932,16.807,15.935,9.9589,13.211,18.862,12.262,59.708,19.963,44.139,29.845,14.225,6.825,12.919,14.236,4.6201,13.43,10.219,10.749,10.705,10.183,10.08,24.344
15.134,8.9603,22.229,28.929,53.105,5.9571,11.492,10.932,16.807,15.935,9.9589,13.12,18.132,10.316,59.708,17.782,44.139,27.971,14.098,6.4376,12.165,14.071,4.5475,13.213,9.8624,10.576,10.264,9.9,9.5802,22.914
11.867,8.9161,21.913,27.471,53.105,5.5299,11.492,9.7271,16.807,15.935,9.9589,11.998,17.445,9.0598,59.708,17.298,44.139,26.012,13.966,5.9665,11.565,13.833,4.4953,13.038,9.3788,10.353,9.8324,8.3192,7.5339,22.914
10.829,8.8725,21.157,26.082,53.105,5.2281,11.492,9.7271,16.807,15.756,9.9589,10.715,16.484,8.1328,59.708,17.025,44.139,25.572,12.637,5.3696,10.925,13.602,4.4496,12.763,9.2147,10.15,9.7372,8.3192,6.2132,22.914
10.095,8.644,18.342,25.902,53.105,5.0564,11.492,9.7271,16.807,15.454,9.9589,10.715,14.89,6.443,59.708,17.025,44.139,24.246,12.568,4.8992,10.285,13.378,4.4034,12.543,8.8081,9.9916,9.6435,7.9829,5.9952,22.914
8.6324,8.571,18.342,24.571,53.105,4.8317,11.492,9.7271,16.807,15.199,9.9589,10.301,13.996,5.9685,59.708,16.976,44.139,22.935,12.502,4.3573,9.3785,13.162,4.3714,12.316,8.5985,9.5785,9.5419,7.4303,5.5733,22.914
8.3543,8.3441,17.616,23.404,53.105,4.5594,11.492,9.7271,16.807,14.951,9.9589,10.219,13.201,5.7249,59.708,16.762,44.139,22.541,12.398,3.9969,8.8929,12.951,4.3353,12.119,8.3432,9.0435,9.1452,7.1189,5.3087,22.914
8.2446,8.2888,17.197,22.314,53.105,3.1585,11.492,9.7271,16.807,14.674,9.9589,10.219,12.772,5.4341,59.708,16.762,44.139,21.335,12.325,3.6708,8.192,12.742,4.3253,11.901,8.0969,8.7103,9.06,6.5656,5.0277,22.559
7.5396,8.2512,15.443,20.601,53.105,1.228,11.492,9.7271,16.807,14.455,9.9589,10.219,11.846,4.8972,59.708,16.762,44.139,20.41,12.223,3.4701,7.4358,12.546,4.2876,11.657,7.8733,8.4944,8.976,6.077,4.9881,22.342
6.4671,8.2141,15.137,18.97,53.105,1.1114,11.492,9.7271,16.807,14.169,9.9589,10.076,10.865,4.7099,59.708,16.762,44.139,19.631,11.996,3.2943,6.8326,12.353,4.254,11.544,7.6435,8.3708,8.8934,3.8695,4.8593,21.285
6.3208,8.1773,14.192,17.523,53.105,1.0727,11.492,9.7271,16.807,13.941,9.9589,9.9467,10.289,4.4807,59.708,16.762,44.139,19.114,11.909,3.0764,6.2121,12.167,4.2176,11.41,7.2466,8.2388,8.812,3.6174,4.7556,21.177
5.573,8.1409,13.624,16.472,53.105,1.0334,11.492,9.7271,16.807,12.954,9.9589,9.9092,9.6812,4.408,59.708,12.812,44.139,18.485,11.557,2.9801,5.8445,11.985,4.1819,11.081,7.046,8.0396,8.732,3.4186,4.6974,21.044
5.4673,8.1409,13.14,15.902,53.105,0.99132,11.492,9.7271,16.807,12.33,9.9589,9.7777,8.8088,4.2968,59.708,12.812,44.139,18.233,11.542,2.8409,5.4029,11.8,4.1419,10.001,6.8781,4.854,8.6531,3.2152,4.3786,20.633
5.241,8.0694,11.114,14.947,53.105,0.97085,11.492,9.7271,16.807,11.614,9.9589,9.7777,6.4281,4.1903,59.708,12.66,44.139,18.176,11.002,2.6974,4.995,8.4983,3.778,3.6032,6.1024,4.6851,8.5755,2.1059,4.3786,20.246
4.8623,8.0694,10.193,13.375,53.105,0.51539,11.492,9.7271,16.807,11.075,9.9589,9.7251,4.6023,3.4544,59.708,12.66,44.139,17.744,10.825,2.5357,4.8002,8.3827,3.7472,3.4397,5.7978,4.6732,8.4991,2.0443,4.3286,19.859
4.6413,7.0201,9.6004,10.912,53.105,0.51067,11.492,9.7271,16.807,10.608,9.9589,9.6468,4.0265,3.4206,59.708,12.66,44.139,17.314,10.76,2.2771,4.7,8.2701,3.7169,3.3708,5.4523,4.5356,8.4238,1.9907,4.3152,19.414
4.4695,7.0201,8.8998,10.068,53.105,0.50489,11.492,9.7271,16.807,10.074,9.9589,9.631,3.8659,3.4146,59.708,12.66,44.139,17.053,10.269,2.0488,4.6148,8.1606,3.687,3.2666,5.4523,4.3417,8.3497,1.8778,4.3036,17.749
3.611,6.871,8.4167,9.7713,53.105,0.43805,11.492,9.7271,16.807,7.4484,9.9589,8.9877,2.0935,3.3853,59.708,12.66,44.139,16.939,10.099,2.0287,4.3739,8.0539,3.6576,3.1183,5.281,4.1577,8.2767,1.5316,4.2774,17.383
3.6015,6.871,8.0126,9.2191,53.105,0.421,11.492,9.7271,16.807,7.1418,9.9589,8.7535,2.0803,3.2771,59.708,12.66,44.139,16.454,9.9135,2.0211,4.3186,7.95,3.6286,2.9221,5.0873,4.0933,8.2048,1.2987,4.2574,15.83
3.6015,6.871,7.6983,8.9465,53.105,0.40664,11.492,9.7271,16.807,6.8153,9.9589,8.7414,2.0097,1.8624,59.708,12.66,44.139,16.034,9.8212,1.9788,4.2048,7.8487,3.6,1.7797,4.8729,3.922,8.134,1.0388,4.2535,15.756
3.5775,6.871,7.2968,8.68,53.105,0.39797,11.492,9.7271,16.807,6.7069,9.9589,8.6635,1.3613,1.8624,59.708,12.66,44.139,15.756,9.1948,1.9522,3.984,7.6885,3.5719,1.6778,4.7537,3.7735,8.0643,0.80647,3.9726,14.716
3.5621,6.871,6.9384,8.4044,53.105,0.2766,11.492,9.7271,16.807,6.4134,9.9589,8.4727,0.72615,1.842,59.708,12.66,44.139,14.652,7.6058,1.132,3.984,7.6885,3.5442,1.5782,4.7108,1.0924,7.9956,0.72497,3.5455,14.258
3.5311,6.871,6.6535,8.1604,53.105,0.21691,11.492,9.7271,16.807,6.0707,9.9589,8.0934,0.66855,1.7744,59.708,12.66,44.139,14.518,6.2506,1.1261,3.9345,7.6885,3.5169,1.5396,4.5558,0.49032,7.928,0.7018,3.525,12.681
3.5311,6.871,6.394,8.0578,53.105,0.13559,11.492,9.7271,16.807,5.7922,9.9589,7.5238,0.66268,1.7415,59.708,12.66,44.139,14.432,6.1906,1.1261,3.9078,7.5374,3.4899,1.4479,4.4574,0.49032,7.8613,0.58689,3.459,12.681
3.3202,6.871,5.8604,7.8041,53.105,0.13041,11.492,9.7271,16.807,5.5245,9.9589,7.1038,0.66268,1.7358,59.708,12.66,44.139,14.274,6.1462,1.0993,3.8413,7.5374,3.4634,1.4071,4.4282,0.49032,7.7957,0.41913,3.421,12.681
3.3122,6.871,5.2451,7.5843,53.105,0.13041,11.492,9.7271,16.807,5.2651,9.9589,6.5624,0.66202,1.7323,59.708,12.66,44.139,14.086,6.0828,1.0993,3.8183,7.5374,3.4372,1.3789,4.2516,0.49032,7.731,0.38828,3.2196,12.45
3.3122,6.871,5.1481,7.311,53.105,0.12982,11.492,9.7271,16.807,5.0284,9.9589,4.5057,0.65929,1.7174,59.708,12.66,44.139,13.735,6.0153,1.0973,3.7735,7.4296,3.4115,1.3606,4.1421,0.49032,7.6672,0.33659,3.0193,12.122
3.2006,6.871,5.0467,7.1939,53.105,0.099698,11.492,9.7271,16.807,4.8511,9.9589,4.1942,0.53034,1.7107,59.708,12.66,44.139,13.619,5.9289,1.0829,3.5106,7.2156,3.3861,1.3525,4.0797,0.49032,7.6044,0.31141,2.6259,11.747
3.175,6.871,4.9958,6.9039,53.105,0.082466,11.492,9.7271,16.807,4.6628,9.9589,3.8933,0.52715,1.6848,59.708,12.66,44.139,13.493,5.8316,1.0829,3.4689,7.014,3.361,1.3477,4.0361,0.49032,7.5425,0.25407,1.5341,11.472
3.1087,6.871,4.9501,6.6764,53.105,0.069212,11.492,9.7271,16.807,4.397,9.9589,2.8757,0.49238,1.5818,59.708,12.66,44.139,13.18,5.684,1.0415,3.4039,6.8238,3.3363,1.3275,3.9354,0.49032,7.4816,0.21271,1.4846,11.134
3.0785,6.871,4.665,6.5452,53.105,0.048138,11.492,9.7271,16.807,4.2464,9.9589,1.6893,0.33537,1.5229,59.708,12.66,44.139,13.03,5.5349,1.0415,3.2547,6.6947,3.312,1.2982,2.8602,0.49032,7.4215,0.19455,1.4745,9.3153
3.051,6.871,4.5723,6.4319,53.105,0.046652,11.492,9.7271,16.807,4.152,9.9589,1.6893,0.33429,1.5063,59.708,12.66,44.139,12.701,5.4293,0.91954,3.2359,6.5028,3.288,1.2952,2.4206,0.49032,7.3439,0.16288,0.85959,9.0905
3.0287,6.871,4.4977,6.3006,53.105,0.044515,11.492,9.7271,16.807,3.9298,9.9589,1.6335,0.33061,1.4879,59.708,12.66,44.139,12.242,5.3369,0.88874,3.2297,6.3241,3.2644,1.2881,2.2627,0.49032,6.8951,0.15214,0.85959,8.7597
2.8893,6.871,4.4614,6.1786,53.105,0.043317,11.492,9.7271,16.807,3.7923,9.9589,1.6095,0.32907,1.4879,59.708,12.66,44.139,12.147,5.2515,0.871,3.2087,6.1575,3.2411,1.2704,1.7721,0.49032,6.8419,0.14246,0.85959,8.5591
2.8649,6.871,4.3744,6.0714,53.105,0.041581,11.492,9.7271,16.807,3.6117,9.9589,1.5949,0.29547,1.3862,59.708,12.66,44.139,11.921,5.2325,0.85398,3.0745,5.8784,3.2181,1.2511,1.4592,0.49032,6.7895,0.12663,0.85959,8.3307
2.8464,6.871,4.1581,5.9289,53.105,0.036704,11.492,9.7271,16.807,3.6117,9.9589,1.5491,0.29547,1.3145,59.708,12.66,44.139,11.854,5.1708,0.78935,3.0745,5.8187,3.1954,1.2375,1.4371,0.49032,6.7379,0.12065,0.85693,7.1434
2.8173,6.871,2.3129,5.4799,53.105,0.018843,11.492,9.7271,16.807,3.6093,9.9589,1.5426,0.29362,0.87523,59.708,12.66,44.139,11.719,5.1038,0.78608,3.0555,5.5901,3.1731,1.232,1.4273,0.49032,6.6869,0.10319,0.85598,6.8903
2.8078,6.871,2.3129,5.0322,53.105,0.017656,11.492,9.7271,16.807,3.5424,9.9589,1.4942,0.29362,0.81965,59.708,12.66,44.139,11.572,5.0439,0.75572,3.0368,5.4678,3.1511,1.2188,1.4213,0.49032,6.6367,0.092299,0.8394,6.7864
2.7732,6.871,2.3118,5.0322,53.105,0.0053516,11.492,9.7271,16.807,3.5343,9.9589,1.3045,0.29362,0.81965,59.708,12.66,44.139,11.286,4.9864,0.35304,2.8631,5.3522,3.1293,1.2023,1.4119,0.49032,6.5872,0.090111,0.82367,6.3502
2.7292,6.871,2.3118,5.0112,53.105,0.004851,11.492,9.7271,16.807,3.5296,9.9589,1.2383,0.29362,0.7183,59.708,12.66,44.139,10.934,4.9237,0.34731,2.6149,5.1652,3.1079,1.2023,1.404,0.49032,6.5383,0.085652,0.73033,4.6465
2.7292,6.871,2.3118,4.9946,53.105,0.0036964,11.492,9.7271,16.807,3.4991,9.9589,1.0425,0.29336,0.71549,59.708,12.66,44.139,10.597,4.7768,0.34731,2.4523,4.9025,3.0868,1.2023,1.3852,0.49032,6.4902,0.063262,0.38214,3.3215
2.7173,6.871,2.3118,4.9804,53.105,0.0025068,11.492,9.7271,16.807,2.4491,9.9589,0.99135,0.29336,0.70797,59.708,12.563,44.139,10.133,4.6733,0.34731,2.1667,4.6204,3.066,1.2023,1.3801,0.49032,6.214,0.061388,0.18171,3.3007
2.6181,6.871,2.3118,4.9227,53.105,0.0017394,11.492,9.7271,16.807,2.4491,9.9589,0.90142,0.29336,0.68613,59.708,12.271,44.139,10.011,4.6733,0.34731,1.9179,4.3659,3.0454,1.2023,1.3725,0.49032,6.2124,0.059977,0.17706,3.2204
2.3529,6.871,2.3118,4.8499,53.105,0.0010957,11.492,9.7271,16.807,2.4482,9.9589,0.59873,0.29336,0.65736,59.708,12.035,44.139,9.0712,4.5364,0.34731,1.8075,4.1913,3.0251,1.2023,1.3333,0.49032,6.1682,0.058376,0.15588,3.1755
2.1181,6.871,2.3118,4.7891,53.105,0.00071234,11.492,9.7271,16.807,2.4134,9.9589,0.54821,0.29336,0.65736,59.708,11.715,44.139,9.0443,4.4679,0.34731,1.7673,4.1177,3.0052,1.1649,1.3333,0.49032,6.1247,0.052536,0.1534,3.1364
2.1181,6.871,2.3118,4.6946,53.105,0.00045445,11.492,9.7271,16.807,2.4134,9.9589,0.54134,0.29336,0.64035,59.708,11.319,44.139,9.0021,4.4028,0.27649,1.5898,4.0913,2.9854,1.1649,1.3333,0.49032,5.9096,0.049844,0.15068,3.1146
2.0956,6.871,2.3118,4.6379,53.105,8.8198e-05,11.492,9.7271,16.807,2.4134,9.9589,0.515,0.29336,0.58466,59.708,10.958,44.139,8.9735,4.3333,0.25187,1.5873,4.0185,2.966,1.1649,1.3333,0.49032,5.5116,0.039521,0.15068,2.6346
2.0956,6.871,2.3118,4.6294,53.105,2.9754e-05,11.492,9.7271,16.807,2.4134,9.9589,0.49664,0.29336,0.42697,59.708,10.544,44.139,8.936,4.2377,0.24315,1.5412,3.9517,2.9468,1.1423,1.3333,0.49032,5.1649,0.038058,0.15068,2.6272
2.0956,6.871,2.3118,4.6156,53.105,2.929e-05,11.492,9.7271,16.807,2.4134,9.9589,0.49138,0.29336,0.28541,59.708,10.303,44.139,8.7705,4.1807,0.14506,1.2793,3.9198,2.9279,1.1423,1.3241,0.49032,4.8182,0.031635,0.15068,2.5516
1.7678,6.871,2.3118,4.4506,53.105,2.8606e-05,11.492,9.7271,16.807,2.4134,9.9589,0.34646,0.29336,0.21367,59.708,10.081,44.139,7.0601,3.9489,0.087416,1.1202,3.8548,2.9092,1.1417,1.0085,0.49032,4.788,0.03025,0.15068,2.524
1.7678,6.871,2.3118,4.4506,53.105,2.3111e-05,11.492,9.7271,16.807,2.4134,9.9589,0.29547,0.29336,0.14046,59.708,9.6718,44.139,6.933,3.8881,0.037165,1.1202,3.8372,2.8908,1.1214,1.0005,0.49032,4.7582,0.028617,0.15068,2.4995
1.7321,6.871,2.3118,4.4204,53.105,2.121e-05,11.492,9.7271,16.807,2.4134,9.9589,0.27354,0.29336,0.098677,59.708,9.1627,44.139,6.933,3.8213,0.021786,1.1202,3.7714,2.8727,1.1088,1.0005,0.49032,4.7288,0.027708,0.15068,2.4443
1.5778,6.871,2.3118,4.3192,53.105,1.1477e-05,11.492,9.7271,16.807,2.3936,9.9589,0.15288,0.29336,0.067112,59.708,8.9589,44.139,6.933,3.793,0.017303,0.99112,3.7506,2.8548,1.107,0.97909,0.49032,4.6999,0.026682,0.15068,2.1189
1.5778,6.871,2.3118,4.212,53.105,2.835e-06,11.492,9.7271,16.807,2.2509,9.9589,0.15002,0.29336,0.04061,59.708,8.605,44.139,6.933,3.7219,0.01367,0.97691,3.7303,2.8371,1.1045,0.97909,0.49032,4.6713,0.02279,0.15068,2.0046
1.5778,6.871,2.3118,4.1517,53.105,2.2336e-06,11.492,9.7271,16.807,2.2509,9.9589,0.14052,0.29336,0.012157,59.708,8.2266,44.139,6.933,3.6556,0.007896,0.90177,3.7101,2.8196,1.1045,0.97909,0.49032,4.6432,0.022421,0.15068,1.3604
1.52,6.871,2.3118,4.0431,53.105,1.4856e-06,11.492,9.7271,16.807,2.2383,9.9589,0.11741,0.29336,0.0066937,59.708,7.9024,44.139,6.933,3.6016,0.007896,0.90177,3.6871,2.8024,1.1045,0.97909,0.49032,4.6154,0.019317,0.15068,1.3516
1.4468,6.871,2.3118,4.0431,53.105,9.8728e-07,11.492,9.7271,16.807,2.2383,9.9589,0.096787,0.29336,0.0037342,59.708,7.6678,44.139,6.933,3.5608,0.007896,0.84573,3.6371,2.6974,1.1032,0.97909,0.49032,4.5881,0.014475,0.15068,1.3298
1.3753,6.871,2.3118,4.0297,53.105,7.9773e-07,11.492,9.7271,16.807,1.9537,9.9589,0.089591,0.29336,0.0017505,59.708,7.279,44.139,6.933,3.5202,0.007896,0.75817,3.5782,2.511,1.0776,0.97909,0.49032,4.5611,0.014137,0.15068,1.3162
1.31,6.871,2.3118,3.9634,53.105,7.2645e-07,11.492,9.7271,16.807,1.6783,9.9589,0.084729,0.29336,0.00080629,59.708,7.0405,44.139,6.933,3.472,0.007896,0.72831,3.5245,2.3458,1.0745,0.97909,0.49032,4.5346,0.013846,0.15068,1.0979
1.1939,6.871,2.3118,3.9294,53.105,3.7547e-07,11.492,9.7271,16.807,1.3565,9.9589,0.043797,0.29336,0.00049472,59.708,6.5872,44.139,6.933,3.4361,0.007896,0.70044,3.5094,2.1992,1.0745,0.97247,0.49032,4.5083,0.01346,0.15068,1.0405
1.1464,6.871,2.3118,3.5595,53.105,2.4373e-07,11.492,9.7271,16.807,1.1219,9.9589,0.041462,0.29336,0.00021033,59.708,6.3583,44.139,6.933,3.3961,0.007079,0.64708,3.5094,2.0644,1.0739,0.85125,0.49032,4.4825,0.0129,0.15068,0.74011
1.1311,6.871,2.3118,2.4082,53.105,2.2885e-07,11.492,9.7271,16.807,1.029,9.9589,0.039557,0.29336,0.00010639,59.708,6.1037,44.139,6.933,3.367,0.007079,0.64708,3.489,2.0539,1.0633,0.84386,0.49032,4.457,0.011655,0.15068,0.52141
1.0855,6.871,2.3118,2.2974,53.105,1.8141e-07,11.492,9.7271,16.807,0.92415,9.9589,0.037664,0.29336,5.2856e-05,59.708,5.4942,44.139,6.933,3.34,0.007079,0.57375,3.483,2.0427,0.99487,0.84386,0.49032,4.4319,0.011104,0.15068,0.51832
1.042,6.871,2.3118,2.2492,53.105,1.6416e-07,11.492,9.7271,16.807,0.82728,9.9589,0.024327,0.29336,2.8288e-05,59.708,5.281,44.139,6.933,3.3159,0.0059864,0.56469,3.4376,1.9115,0.97248,0.84272,0.49032,4.4071,0.010449,0.15068,0.50494
1.0025,6.871,2.3118,2.2492,53.105,1.51e-07,11.492,9.7271,16.807,0.76866,9.9589,0.021427,0.29336,2.7644e-05,59.708,5.0546,44.139,6.933,3.2902,0.0059864,0.53625,3.3793,1.9023,0.97248,0.84272,0.49032,4.3827,0.010239,0.15068,0.50305
0.95149,6.871,2.3118,2.2492,53.105,1.1779e-07,11.492,9.7271,16.807,0.45879,9.9589,0.015082,0.29336,2.5518e-05,59.708,3.5761,44.139,6.933,3.1908,0.0059864,0.53625,3.3793,1.8932,0.91765,0.84272,0.49032,4.3586,0.0096286,0.15068,0.49525
0.90901,6.871,2.3118,2.2492,53.105,3.1932e-08,11.492,9.7271,16.807,0.44744,9.9589,0.010756,0.29336,2.0527e-05,59.708,3.5,44.139,6.933,3.1313,0.0059864,0.53616,3.3792,1.8843,0.91765,0.84272,0.49032,4.3348,0.0065216,0.15068,0.40597
0.87058,6.871,2.3118,2.2492,53.105,2.8632e-08,11.492,9.7271,16.807,0.38018,9.9589,0.010156,0.29336,1.9542e-05,59.708,3.403,44.139,6.933,3.1313,0.0059864,0.51299,3.3734,1.8755,0.91765,0.84272,0.49032,4.3113,0.0065216,0.15068,0.40508
0.64879,6.871,2.3118,2.2492,53.105,2.3062e-08,11.492,9.7271,16.807,0.32607,9.9589,0.0077479,0.29336,1.8453e-05,59.708,3.3277,44.139,6.933,3.0596,0.0059864,0.49544,3.301,1.8668,0.89779,0.84166,0.49032,4.2882,0.0065216,0.15068,0.39359
0.4372,6.871,2.3118,2.2492,53.105,2.0135e-08,11.492,9.7271,16.807,0.28911,9.9589,0.0071619,0.29336,1.7793e-05,59.708,3.2574,44.139,6.933,3.0215,0.0059864,0.45397,2.8011,1.8583,0.88079,0.84166,0.49032,4.2655,0.0065216,0.15068,0.38265
0.38319,6.871,2.3118,2.2492,53.105,1.8683e-08,11.492,9.7271,16.807,0.24435,9.9589,0.0069104,0.29336,1.7196e-05,59.708,3.1719,44.139,6.933,2.9801,0.0059416,0.45397,2.6849,1.8499,0.76523,0.84166,0.49032,4.243,0.006442,0.15068,0.3766
0.25086,6.871,2.3118,2.2492,53.105,1.7054e-08,11.492,9.7271,16.807,0.21623,9.9589,0.0068046,0.29336,1.0318e-05,59.708,2.3807,44.139,6.933,2.9295,0.0059416,0.45397,2.5664,1.8416,0.68892,0.84166,0.49032,4.2208,0.006442,0.15068,0.27576
0.23944,6.871,2.3118,2.2492,53.105,1.4712e-08,11.492,9.7271,16.807,0.1805,9.9589,0.0066784,0.29336,9.8995e-06,59.708,1.958,44.139,6.933,2.8412,0.0058376,0.45397,2.5494,1.8334,0.66216,0.84166,0.49032,4.1989,0.0059615,0.15068,0.27335
0.19997,6.871,2.3118,2.2492,53.105,1.2701e-08,11.492,9.7271,16.807,0.14883,9.9589,0.0043217,0.29336,9.0809e-06,59.708,0.5297,44.139,6.933,2.8011,0.005831,0.42701,2.4555,1.8254,0.64323,0.84166,0.49032,4.1774,0.0056028,0.15068,0.27047
0.17554,6.871,2.3118,2.2492,53.105,9.996e-09,11.492,9.7271,16.807,0.11355,9.9589,0.00375,0.29336,8.7975e-06,59.708,0.52779,44.139,6.933,2.8011,0.005831,0.28013,2.4555,1.8175,0.61818,0.84166,0.49032,4.1561,0.0052017,0.15068,0.27047
0.16421,6.871,2.3118,2.2492,53.105,8.583e-09,11.492,9.7271,16.807,0.09296,9.9589,0.0036242,0.29336,7.2202e-06,59.708,0.52779,44.139,6.933,2.8011,0.005831,0.27647,2.4555,1.8096,0.59791,0.84166,0.49032,4.1351,0.0048823,0.15068,0.26889
0.15165,6.871,2.3118,2.2492,53.105,5.201e-09,11.492,9.7271,16.807,0.080184,9.9589,0.0034784,0.29336,6.7134e-06,59.708,0.52202,44.139,6.933,2.8011,0.005831,0.26976,2.4555,1.8019,0.57124,0.84166,0.49032,4.1144,0.004534,0.15068,0.18806
0.12716,6.871,2.3118,2.2492,53.105,4.146e-09,11.492,9.7271,16.807,0.06784,9.9589,0.0030936,0.29336,4.9895e-06,59.708,0.52202,44.139,6.933,2.8011,0.005831,0.26607,2.4555,1.7943,0.57124,0.84166,0.49032,4.094,0.0038628,0.15068,0.18087
0.12296,6.871,2.3118,2.2492,53.105,3.574e-09,11.492,9.7271,16.807,0.057825,9.9589,0.0029237,0.29336,4.5751e-06,59.708,0.44611,44.139,6.933,2.8011,0.005831,0.26607,2.4555,1.7868,0.55791,0.84166,0.49032,4.0739,0.0026313,0.15068,0.18087
0.11895,6.871,2.3118,2.2492,53.105,3.062e-09,11.492,9.7271,16.807,0.04948,9.9589,0.0027606,0.29336,3.8003e-06,59.708,0.44611,44.139,6.933,2.8011,0.005831,0.26251,2.4555,1.7795,0.55791,0.84166,0.49032,4.054,0.002605,0.15068,0.18017
0.11515,6.871,2.3118,2.2492,53.105,2.382e-09,11.492,9.7271,16.807,0.039968,9.9589,0.0025977,0.29336,3.5475e-06,59.708,0.44611,44.139,6.933,2.8011,0.005831,0.23197,2.4121,1.7722,0.49619,0.84166,0.49032,4.0344,0.0026003,0.15068,0.17241
0.1118,6.871,2.3118,2.2492,53.105,1.807e-09,11.492,9.7271,16.807,0.034009,9.9589,0.0023188,0.29336,2.2626e-06,59.708,0.44611,44.139,6.933,2.8011,0.005831,0.21822,2.4014,1.765,0.45387,0.84166,0.49032,4.0151,0.0025843,0.15068,0.13013
0.10916,6.871,2.3118,2.2492,53.105,1.537e-09,11.492,9.7271,16.807,0.032356,9.9589,0.0022332,0.29336,1.4644e-06,59.708,0.44611,44.139,6.933,2.8011,0.005831,0.21494,2.3843,1.758,0.4229,0.84166,0.49032,3.996,0.0025843,0.15068,0.093752
0.10558,6.871,2.3118,2.2492,53.105,1.038e-09,11.492,9.7271,16.807,0.030091,9.9589,0.002171,0.29336,1.2999e-06,59.708,0.44611,44.139,6.933,2.8011,0.005831,0.20513,2.3843,1.751,0.38899,0.84166,0.49032,3.8666,0.0025843,0.15068,0.093469
0.093672,6.871,2.3118,2.2492,53.105,9.37e-10,11.492,9.7271,16.807,0.027948,9.9589,0.0018601,0.29336,1.0443e-06,59.708,0.44611,44.139,6.933,2.8011,0.005831,0.11257,2.3843,1.7441,0.32961,0.84166,0.49032,3.7887,0.0025791,0.15068,0.093201
0.082089,6.871,2.3118,2.2492,53.105,8.65e-10,11.492,9.7271,16.807,0.027657,9.9589,0.0018054,0.29336,9.8406e-07,59.708,0.44611,44.139,6.933,2.8011,0.005831,0.10933,2.3843,1.7373,0.30525,0.84166,0.49032,3.7159,0.0025614,0.15068,0.09285
0.061709,6.871,2.3118,2.2492,53.105,7.98e-10,11.492,9.7271,16.807,0.026994,9.9589,0.0015202,0.29336,9.4275e-07,59.708,0.44611,44.139,6.933,2.8011,0.005831,0.10621,2.3843,1.7307,0.26283,0.84166,0.49032,3.6477,0.0025208,0.15068,0.092049
0.050459,6.871,2.3118,2.2492,53.105,7.2e-10,11.492,9.7271,16.807,0.02674,9.9589,0.0014689,0.29336,9.4275e-07,59.708,0.44611,44.139,6.933,2.8011,0.005831,0.096704,2.3843,1.7241,0.22595,0.84166,0.49032,3.5839,0.0025208,0.15068,0.092049
0.050386,6.871,2.3118,2.2492,53.105,6.81e-10,11.492,9.7271,16.807,0.026612,9.9589,0.0012187,0.29336,9.0852e-07,59.708,0.44611,44.139,6.933,2.8011,0.005831,0.087442,2.0911,1.7176,0.15321,0.84166,0.49032,3.5241,0.0025208,0.15068,0.089065
0.050319,6.871,2.3118,2.2492,53.105,6.41e-10,11.492,9.7271,16.807,0.025731,9.9589,0.0012187,0.29336,9.0593e-07,59.708,0.44611,44.139,6.933,2.8011,0.005831,0.070194,1.8055,1.7112,0.094311,0.84166,0.49032,3.4681,0.0025208,0.15068,0.08833
0.050139,6.871,2.3118,2.2492,53.105,6.01e-10,11.492,9.7271,16.807,0.025483,9.9589,0.001181,0.29336,9.0593e-07,59.708,0.44611,44.139,6.933,2.8011,0.005831,0.037389,1.5154,1.7048,0.089767,0.84166,0.49032,3.4156,0.0023386,0.15068,0.088112
0.046017,6.871,2.3118,2.2492,53.105,5.65e-10,11.492,9.7271,16.807,0.024792,9.9589,0.00086338,0.29336,8.9864e-07,59.708,0.44611,44.139,6.933,2.8011,0.005831,0.03684,1.3966,1.6986,0.084236,0.84166,0.49032,3.3664,0.0023085,0.15068,0.086526
0.040581,6.871,2.3118,2.2492,53.105,5.19e-10,11.492,9.7271,16.807,0.024628,9.9589,0.0006499,0.29336,8.2808e-07,59.708,0.44611,44.139,6.933,2.8011,0.005831,0.035777,1.1873,1.6925,0.074883,0.84166,0.49032,3.3202,0.0020447,0.15068,0.08619
0.035841,6.871,2.3118,2.2492,53.105,5.12e-10,11.492,9.7271,16.807,0.023985,9.9589,0.00064507,0.29336,8.1756e-07,59.708,0.44611,44.139,6.933,2.8011,0.005831,0.033981,1.1873,1.6864,0.060246,0.84166,0.49032,3.2769,0.002021,0.15068,0.08609
0.029774,6.871,2.3118,2.2492,53.105,4.99e-10,11.492,9.7271,16.807,0.023595,9.9589,0.00064395,0.29336,6.6155e-07,59.708,0.44611,44.139,6.933,2.8011,0.005831,0.032741,1.1852,1.6455,0.05567,0.84166,0.49032,3.2362,0.0019981,0.15068,0.085914
0.023739,6.871,2.3118,2.2492,53.105,4.25e-10,11.492,9.7271,16.807,0.023317,9.9589,0.0006355,0.29336,6.1697e-07,59.708,0.44611,44.139,6.933,2.8011,0.005831,0.021816,1.1763,1.5597,0.05088,0.84166,0.49032,3.1979,0.0019772,0.15068,0.081834
0.019207,6.871,2.3118,2.2492,53.105,4.19e-10,11.492,9.7271,16.807,0.022761,9.9589,0.00057049,0.29336,4.3779e-07,59.708,0.44611,44.139,6.933,2.8011,0.005831,0.021464,0.69581,1.4817,0.04564,0.84166,0.49032,3.1532,0.0019529,0.15068,0.081834
0.015688,6.871,2.3118,2.2492,53.105,4.04e-10,11.492,9.7271,16.807,0.022567,9.9589,0.00049776,0.29336,4.2304e-07,59.708,0.44611,44.139,6.933,2.8011,0.005831,0.021051,0.68265,1.4105,0.037247,0.84166,0.49032,3.1532,0.0017428,0.15068,0.081834
0.012652,6.871,2.3118,2.2492,53.105,3.97e-10,11.492,9.7271,16.807,0.022567,9.9589,0.00031452,0.29336,3.937e-07,59.708,0.44611,44.139,6.933,2.8011,0.005831,0.020482,0.53951,1.3454,0.021401,0.84166,0.49032,3.1532,0.0017132,0.15068,0.081834
0.012584,6.871,2.3118,2.2492,53.105,3.3e-10,11.492,9.7271,16.807,0.022207,9.9589,0.00029575,0.29336,3.8162e-07,59.708,0.44611,44.139,6.933,2.8011,0.005831,0.020272,0.52556,1.2819,0.011518,0.84166,0.49032,3.1532,0.001713,0.15068,0.081834
0.012262,6.871,2.3118,2.2492,53.105,2.71e-10,11.492,9.7271,16.807,0.020609,9.9589,0.00021832,0.29336,3.6446e-07,59.708,0.44611,44.139,6.933,2.8011,0.005831,0.018603,0.52556,1.2784,0.0051746,0.84166,0.49032,3.1532,0.0015914,0.15068,0.060425
0.011279,6.871,2.3118,2.2492,53.105,2.67e-10,11.492,9.7271,16.807,0.019976,9.9589,0.00021352,0.29336,3.2924e-07,59.708,0.44611,44.139,6.933,2.8011,0.005831,0.011361,0.52168,1.2749,0.0015373,0.84166,0.49032,3.1532,0.0014608,0.15068,0.043929
0.010327,6.871,2.3118,2.2492,53.105,2.65e-10,11.492,9.7271,16.807,0.019725,9.9589,0.00021034,0.29336,2.6499e-07,59.708,0.44611,44.139,6.933,2.8011,0.005831,0.011238,0.51383,1.2711,0.00041182,0.84166,0.49032,3.1532,0.0011515,0.15068,0.043824
0.0091884,6.871,2.3118,2.2492,53.105,2.57e-10,11.492,9.7271,16.807,0.019568,9.9589,0.00019959,0.29336,2.4926e-07,59.708,0.44611,44.139,6.933,2.8011,0.005831,0.010798,0.50642,1.2116,0.00013397,0.84166,0.49032,3.1532,0.0011288,0.15068,0.04363
0.0078338,6.871,2.3118,2.2492,53.105,2.51e-10,11.492,9.7271,16.807,0.019495,9.9589,0.00015951,0.29336,2.2258e-07,59.708,0.44611,44.139,6.933,2.8011,0.005831,0.010798,0.13456,1.2085,0.00013033,0.84166,0.49032,3.1532,0.00099284,0.15068,0.042688
0.0066451,6.871,2.3118,2.2492,53.105,2.43e-10,11.492,9.7271,16.807,0.019495,9.9589,0.00010657,0.29336,2.0704e-07,59.708,0.44611,44.139,6.933,2.8011,0.005831,0.010101,0.081721,1.2055,5.4068e-05,0.84166,0.49032,3.1532,0.00084149,0.15068,0.029488
0.0055976,6.871,2.3118,2.2492,53.105,2.38e-10,11.492,9.7271,16.807,0.019312,9.9589,9.9939e-05,0.29336,1.8275e-07,59.708,0.44611,44.139,6.933,2.8011,0.005831,0.0094699,0.021942,1.2025,5.4068e-05,0.84166,0.49032,3.1532,0.00060177,0.15068,0.029488
0.0054219,6.871,2.3118,2.2492,53.105,1.79e-10,11.492,9.7271,16.807,0.019098,9.9589,6.4795e-05,0.29336,1.5674e-07,59.708,0.44611,44.139,6.933,2.8011,0.005831,0.0083947,0.021818,1.1996,5.4068e-05,0.84166,0.49032,3.1532,0.0005538,0.15068,0.029488
0.0052181,6.871,2.3118,2.2492,53.105,1.72e-10,11.492,9.7271,16.807,0.018946,9.9589,5.4121e-05,0.29336,1.0948e-07,59.708,0.44611,44.139,6.933,2.8011,0.005831,0.0058512,0.021414,1.1953,5.4068e-05,0.84166,0.49032,3.1532,0.00050962,0.15068,0.029117
0.0052181,6.871,2.3118,2.2492,53.105,1.69e-10,11.492,9.7271,16.807,0.018819,9.9589,4.4986e-05,0.29336,8.1653e-08,59.708,0.44611,44.139,6.933,2.8011,0.005831,0.0042402,0.0064405,1.1426,5.4068e-05,0.84166,0.49032,3.1532,0.00048345,0.15068,0.029117
0.0052035,6.871,2.3118,2.2492,53.105,1.65e-10,11.492,9.7271,16.807,0.018582,9.9589,3.294e-05,0.29336,7.2549e-08,59.708,0.44611,44.139,6.933,2.8011,0.005831,0.0029823,0.0063761,1.14,5.4068e-05,0.84166,0.49032,3.1532,0.0003933,0.13984,0.029117
0.0050431,6.871,2.3118,2.2492,53.105,1.63e-10,11.492,9.7271,16.807,0.018179,9.9589,2.9108e-05,0.29336,6.4551e-08,59.708,0.44611,44.139,6.933,2.8011,0.005831,0.0019978,0.0062612,1.1374,5.4068e-05,0.84166,0.49032,3.1532,0.0003835,0.11032,0.029117
0.0050431,6.871,2.3118,2.2492,53.105,1.61e-10,11.492,9.7271,16.807,0.018156,9.9589,1.2509e-05,0.29336,5.5997e-08,59.708,0.44611,44.139,6.933,2.8011,0.005831,0.0013553,0.005674,1.1349,5.2921e-05,0.84166,0.49032,3.1532,0.00027792,0.081468,0.029117
0.0049347,6.871,2.3118,2.2492,53.105,1.59e-10,11.492,9.7271,16.807,0.013345,9.9589,1.1041e-05,0.29336,5.3793e-08,59.708,0.44611,44.139,6.933,2.8011,0.005831,0.00093548,0.0012868,1.1325,4.8969e-05,0.84166,0.49032,3.1532,0.00023233,0.059942,0.028722
0.0049001,6.871,2.3118,2.2492,53.105,1.57e-10,11.492,9.7271,16.807,0.0097791,9.9589,8.4184e-06,0.29336,4.8998e-08,59.708,0.44611,44.139,6.933,2.8011,0.005831,0.00093548,0.00036591,1.13,4.8969e-05,0.84166,0.49032,3.1532,0.00019856,0.031929,0.028434
0.0049001,6.871,2.3118,2.2492,53.105,1.51e-10,11.492,9.7271,16.807,0.0074302,9.9589,6.2261e-06,0.29336,3.7776e-08,59.708,0.44611,44.139,6.933,2.8011,0.005831,0.00060587,0.00011917,1.1277,4.5805e-05,0.84166,0.49032,3.1532,0.00018444,0.017816,0.028049
0.0046961,6.871,2.3118,2.2492,53.105,1.49e-10,11.492,9.7271,16.807,0.0071918,9.9589,4.6209e-06,0.29336,2.7731e-08,59.708,0.44611,44.139,6.933,2.8011,0.005831,0.00034921,9.7954e-05,1.1253,4.4037e-05,0.84166,0.49032,3.1532,0.00016831,0.010197,0.027982
0.0046961,6.871,2.3118,2.2492,53.105,1.49e-10,11.492,9.7271,16.807,0.0063644,9.9589,4.209e-06,0.29336,2.3286e-08,59.708,0.44611,44.139,6.933,2.8011,0.005831,0.00034332,8.363e-05,1.123,4.2872e-05,0.84166,0.49032,3.1532,0.00014703,0.010082,0.027982
0.0046961,6.871,2.3118,2.2492,53.105,1.49e-10,11.492,9.7271,16.807,0.0046246,9.9589,3.8923e-06,0.29336,1.9157e-08,59.708,0.44611,44.139,6.933,2.8011,0.005831,0.00033849,8.2174e-05,1.1207,4.2483e-05,0.84166,0.49032,3.1532,0.00012117,0.007893,0.027982
0.0046961,6.871,2.3118,2.2492,53.105,1.48e-10,11.492,9.7271,16.807,0.0034004,9.9589,2.5436e-06,0.29336,1.7952e-08,59.708,0.44611,44.139,6.933,2.8011,0.005831,0.00033701,8.0635e-05,1.1185,4.1121e-05,0.84166,0.49032,3.1532,9.6076e-05,0.007723,0.027898
0.0046961,6.871,2.3118,2.2492,53.105,9e-11,11.492,9.7271,16.807,0.0033373,9.9589,1.8092e-06,0.29336,1.2865e-08,59.708,0.44611,44.139,6.933,2.8011,0.005831,0.00031673,7.8496e-05,1.1163,3.9058e-05,0.84166,0.49032,3.1532,8.1007e-05,0.0064098,0.027744
0.0046961,6.871,2.3118,2.2492,53.105,7.4e-11,11.492,9.7271,16.807,0.0033018,9.9589,1.2854e-06,0.29336,1.0388e-08,59.708,0.44611,44.139,6.933,2.8011,0.005831,0.00030696,6.1881e-05,1.1141,3.6229e-05,0.84166,0.49032,3.1532,5.3497e-05,0.0063299,0.027121
0.0046961,6.871,2.3118,2.2492,53.105,7.3e-11,11.492,9.7271,16.807,0.0029457,9.9589,1.1533e-06,0.29336,8.284e-09,59.708,0.44611,44.139,6.933,2.8011,0.005831,0.00029096,5.1637e-05,1.112,3.3489e-05,0.84166,0.49032,3.1532,4.2158e-05,0.0063299,0.026638
0.0046961,6.871,2.3118,2.2492,53.105,7e-11,11.492,9.7271,16.807,0.0025795,9.9589,1.1287e-06,0.29336,6.816e-09,59.708,0.44611,44.139,6.933,2.8011,0.005831,0.00027255,3.9965e-05,1.1099,3.0565e-05,0.84166,0.49032,3.1532,3.6242e-05,0.0063299,0.025768
0.0046961,6.871,2.3118,2.2492,53.105,6.5e-11,11.492,9.7271,16.807,0.0025501,9.9589,1.0501e-06,0.29336,4.64e-09,59.708,0.44611,44.139,6.933,2.8011,0.005831,0.00026088,1.9735e-05,1.1078,2.6293e-05,0.84166,0.49032,3.1532,2.9995e-05,0.0063299,0.024873
0.0042704,6.871,2.3118,2.2492,53.105,6.4e-11,11.492,9.7271,16.807,0.0025119,9.9589,1.0238e-06,0.29336,3.468e-09,59.708,0.44611,44.139,6.933,2.8011,0.005831,0.00023496,1.4393e-05,1.1057,2.202e-05,0.84166,0.49032,3.1532,2.1281e-05,0.0063299,0.024313
0.0037733,6.871,2.3118,2.2492,53.105,6.2e-11,11.492,9.7271,16.807,0.0024724,9.9589,9.4087e-07,0.29336,2.63e-09,59.708,0.44611,44.139,6.933,2.8011,0.005831,0.00022005,8.5026e-07,1.1037,1.8955e-05,0.84166,0.49032,3.1532,1.1481e-05,0.0063299,0.023756
0.0033292,6.871,2.3118,2.2492,53.105,6.1e-11,11.492,9.7271,16.807,0.0024342,9.9589,9.0971e-07,0.29336,1.961e-09,59.708,0.44611,44.139,6.933,2.8011,0.005831,0.00020806,4.8823e-08,1.1017,1.6359e-05,0.84166,0.49032,3.1532,1.0333e-05,0.0063299,0.023442
0.002964,6.871,2.3118,2.2492,53.105,5.8e-11,11.492,9.7271,16.807,0.0023927,9.9589,8.7872e-07,0.29336,1.901e-09,59.708,0.44611,44.139,6.933,2.8011,0.005831,0.00019632,2.877e-09,1.0998,1.3636e-05,0.84166,0.49032,3.1532,6.8633e-06,0.0058048,0.022273
0.0025861,6.871,2.3118,2.2492,53.105,5.6e-11,11.492,9.7271,16.807,0.00218,9.9589,6.8147e-07,0.29336,1.662e-09,59.708,0.44611,44.139,6.933,2.8011,0.005831,0.00018544,1.73e-10,1.0979,1.2007e-05,0.84166,0.49032,3.1532,3.7761e-06,0.0052119,0.016703
0.00235,6.871,2.3118,2.2492,53.105,5.2e-11,11.492,9.7271,16.807,0.002116,9.9589,6.2535e-07,0.29336,1.645e-09,59.708,0.44611,44.139,6.933,2.8011,0.005831,0.00017266,1.2e-11,1.096,6.0102e-06,0.84166,0.49032,3.1532,2.7107e-06,0.005191,0.010317
0.0020865,6.871,2.3118,2.2492,53.105,4e-11,11.492,9.7271,16.807,0.0020722,9.9589,6.1097e-07,0.29336,1.579e-09,59.708,0.44611,44.139,6.933,2.8011,0.005831,0.00016458,1.1e-11,1.0941,5.4607e-06,0.84166,0.49032,3.1532,2.0345e-06,0.0051554,0.009347
0.0018592,6.871,2.3118,2.2492,53.105,2.6e-11,11.492,9.7271,16.807,0.0020292,9.9589,5.7977e-07,0.29336,1.462e-09,59.708,0.44611,44.139,6.933,2.8011,0.005831,9.7579e-05,9e-12,1.0922,4.6477e-06,0.84166,0.49032,3.1532,1.2167e-06,0.0042825,0.009347
0.0016632,6.871,2.3118,2.2492,53.105,2.5e-11,11.492,9.7271,16.807,0.0019871,9.9589,5.5861e-07,0.29336,1.309e-09,59.708,0.44611,44.139,6.933,2.8011,0.005831,5.4931e-05,7e-12,1.0904,3.3245e-06,0.84166,0.49032,3.1532,8.6016e-07,0.0042554,0.006702
0.0014854,6.871,2.3118,2.2492,53.105,1.2e-11,11.492,9.7271,16.807,0.0019456,9.9589,5.1972e-07,0.29336,1.186e-09,59.708,0.44611,44.139,6.933,2.8011,0.005831,2.1356e-05,5e-12,1.0886,3.0384e-06,0.84166,0.49032,3.1532,6.1927e-07,0.004134,0.006702
0.0013203,6.871,2.3118,2.2492,53.105,1e-11,11.492,9.7271,16.807,0.0018977,9.9589,4.8904e-07,0.29336,9.19e-10,59.708,0.44611,44.139,6.933,2.8011,0.005831,1.5083e-05,5e-12,1.0869,1.7786e-06,0.84166,0.49032,3.1532,3.5147e-07,0.0038252,0.0065566
0.0011815,6.871,2.3118,2.2492,53.105,1e-11,11.492,9.7271,16.807,0.0017117,9.9589,3.2439e-07,0.29336,8.14e-10,59.708,0.44611,44.139,6.933,2.8011,0.005831,1.3114e-05,5e-12,1.0851,9.4067e-07,0.84166,0.49032,3.1532,2.4914e-07,0.0035441,0.0065566
0.0010589,6.871,2.3118,2.2492,53.105,1e-11,11.492,9.7271,16.807,0.0015372,9.9589,2.7787e-07,0.29336,7.23e-10,59.708,0.44611,44.139,6.933,2.8011,0.005831,6.3368e-06,5e-12,1.0834,8.993e-07,0.84166,0.49032,3.1532,9.3648e-08,0.0034685,0.0059237
0.00094782,6.871,2.3118,2.2492,53.105,9e-12,11.492,9.7271,16.807,0.0015278,9.9589,2.4229e-07,0.29336,6.47e-10,59.708,0.44611,44.139,6.933,2.8011,0.005831,4.8449e-06,5e-12,1.0817,4.6501e-07,0.84166,0.49032,3.1532,6.1009e-08,0.0033861,0.0055107
0.00085764,6.871,2.3118,2.2492,53.105,9e-12,11.492,9.7271,16.807,0.0015019,9.9589,2.2629e-07,0.29336,5.81e-10,59.708,0.44611,44.139,6.933,2.8011,0.005831,2.342e-06,5e-12,1.0801,4.1631e-07,0.84166,0.49032,3.1532,4.29e-08,0.0023026,0.0050891
0.00077245,6.871,2.3118,2.2492,53.105,6e-12,11.492,9.7271,16.807,0.0014827,9.9589,2.1224e-07,0.29336,5.29e-10,59.708,0.44611,44.139,6.933,2.8011,0.005831,2.018e-06,5e-12,1.0784,2.3913e-07,0.84166,0.49032,3.1532,3.1866e-08,0.0022486,0.0046393
0.0006932,6.871,2.3118,2.2492,53.105,6e-12,11.492,9.7271,16.807,0.0014543,9.9589,1.3489e-07,0.29336,4.85e-10,59.708,0.44611,44.139,6.933,2.8011,0.005831,1.6317e-06,5e-12,1.0768,2.0939e-07,0.84166,0.49032,3.1532,2.558e-08,0.0022486,0.0042879
0.00062216,6.871,2.3118,2.2492,53.105,6e-12,11.492,9.7271,16.807,0.0014481,9.9589,9.0621e-08,0.29336,4.09e-10,59.708,0.44611,44.139,6.933,2.8011,0.005831,9.076e-07,5e-12,1.0752,1.2833e-07,0.84166,0.49032,3.1532,2.4391e-08,0.0021471,0.004115
0.00055095,6.871,2.3118,2.2492,53.105,5e-12,11.492,9.7271,16.807,0.0014481,9.9589,8.0612e-08,0.29336,3.83e-10,59.708,0.44611,44.139,6.933,2.8011,0.005831,7.5035e-07,5e-12,1.0736,1.1775e-07,0.84166,0.49032,3.1532,2.4291e-08,0.0014392,0.0039348
0.00049573,6.871,2.3118,2.2492,53.105,4e-12,11.492,9.7271,16.807,0.0014435,9.9589,7.188e-08,0.29336,3.42e-10,59.708,0.44611,44.139,6.933,2.8011,0.005831,7.3807e-07,5e-12,1.072,1.0722e-07,0.84166,0.49032,3.1532,2.3946e-08,0.0013349,0.0033388
0.0004438,6.871,2.3118,2.2492,53.105,3e-12,11.492,9.7271,16.807,0.0013808,9.9589,6.265e-08,0.29336,3.3e-10,59.708,0.44611,44.139,6.933,2.8011,0.005831,7.2457e-07,5e-12,1.0705,9.2291e-08,0.84166,0.49032,3.1532,2.3946e-08,0.0012437,0.0020873
0.00038378,6.871,2.3118,2.2492,53.105,2e-12,11.492,9.7271,16.807,0.0013526,9.9589,4.3622e-08,0.29336,3.16e-10,59.708,0.44611,44.139,6.933,2.8011,0.005831,6.6938e-07,5e-12,1.069,5.5892e-08,0.84166,0.49032,3.1532,2.38e-08,0.0012233,0.0013515
0.00034521,6.871,2.3118,2.2492,53.105,1e-12,11.492,9.7271,16.807,0.0012821,9.9589,3.0366e-08,0.29336,3.16e-10,59.708,0.44611,44.139,6.933,2.8011,0.005831,6.1818e-07,5e-12,1.0675,4.6196e-08,0.84166,0.49032,3.1532,2.3354e-08,0.0009266,0.00086735
0.00029944,6.871,2.3118,2.2492,53.105,1e-12,11.492,9.7271,16.807,0.0012578,9.9589,1.9089e-08,0.29336,3.1e-10,59.708,0.44611,44.139,6.933,2.8011,0.005831,5.6897e-07,5e-12,1.066,3.4494e-08,0.84166,0.49032,3.1532,2.3354e-08,0.00058896,0.00084158
0.00026514,6.871,2.3118,2.2492,53.105,0,11.492,9.7271,16.807,0.0012192,9.9589,1.8154e-08,0.29336,3.1e-10,59.708,0.44611,44.139,6.933,2.8011,0.005831,4.9439e-07,5e-12,1.0646,2.3673e-08,0.84166,0.49032,3.1532,2.2265e-08,0.00047821,0.00081908
0.00023502,6.871,2.3118,2.2492,53.105,0,11.492,9.7271,16.807,0.0010167,9.9589,1.6788e-08,0.29336,3.1e-10,59.708,0.44611,44.139,6.933,2.8011,0.005831,4.8742e-07,5e-12,1.0631,1.8564e-08,0.84166,0.49032,3.1532,2.1422e-08,0.00046172,0.00079711
0.00021288,6.871,2.3118,2.2492,53.105,0,11.492,9.7271,16.807,0.00099512,9.9589,1.4595e-08,0.29336,3.1e-10,59.708,0.44611,44.139,6.933,2.8011,0.005831,4.8742e-07,5e-12,1.0617,1.3326e-08,0.84166,0.49032,3.1532,2.0268e-08,0.00041559,0.00075925
0.00019191,6.871,2.3118,2.2492,53.105,0,11.492,9.7271,16.807,0.00098633,9.9589,1.2249e-08,0.29336,3.1e-10,59.708,0.44611,44.139,6.933,2.8011,0.005831,4.8742e-07,5e-12,1.0603,1.1062e-08,0.84166,0.49032,3.1532,2.0268e-08,0.00041479,0.00074194
0.00017022,6.871,2.3118,2.2492,53.105,0,11.492,9.7271,16.807,0.00096539,9.9589,6.715e-09,0.29336,3.1e-10,59.708,0.44611,44.139,6.933,2.8011,0.005831,4.8742e-07,5e-12,1.0589,7.743e-09,0.84166,0.49032,3.1532,2.0268e-08,0.00037083,0.0007204
0.00016391,6.871,2.3118,2.2492,53.105,0,11.492,9.7271,16.807,0.00090105,9.9589,5.258e-09,0.29336,3.1e-10,59.708,0.44611,44.139,6.933,2.8011,0.005831,4.6186e-07,5e-12,1.0575,4.904e-09,0.84166,0.49032,3.1532,2.0039e-08,0.00030839,0.00071578
0.00014243,6.871,2.3118,2.2492,53.105,0,11.492,9.7271,16.807,0.0008907,9.9589,1.336e-09,0.29336,3.1e-10,59.708,0.44611,44.139,6.933,2.8011,0.005831,1.9537e-07,5e-12,1.0562,3.983e-09,0.84166,0.49032,3.1532,1.9094e-08,0.00021391,0.00071578
0.00013013,6.871,2.3118,2.2492,53.105,0,11.492,9.7271,16.807,0.00088051,9.9589,1.181e-09,0.29336,3.1e-10,59.708,0.44611,44.139,6.933,2.8011,0.005831,1.807e-07,5e-12,1.0549,3.705e-09,0.84166,0.49032,3.1532,1.1689e-08,0.00016596,0.00071218
0.00011544,6.871,2.3118,2.2492,53.105,0,11.492,9.7271,16.807,0.00087028,9.9589,1.029e-09,0.29336,3.1e-10,59.708,0.44611,44.139,6.933,2.8011,0.005831,1.7212e-07,5e-12,1.0279,3.387e-09,0.84166,0.49032,3.1532,1.1522e-08,0.00014626,0.00034454
9.2259e-05,6.871,2.3118,2.2492,53.105,0,11.492,9.7271,16.807,0.0008646,9.9589,9.58e-10,0.29336,3.1e-10,59.708,0.44611,44.139,6.933,2.8011,0.005831,7.0397e-08,5e-12,0.98768,2.687e-09,0.84166,0.49032,3.1532,1.0095e-08,0.00012995,0.00034454
8.4493e-05,6.871,2.3118,2.2492,53.105,0,11.492,9.7271,16.807,0.000857,9.9589,7.4e-10,0.29336,3.1e-10,59.708,0.44611,44.139,6.933,2.8011,0.005831,6.6395e-08,5e-12,0.94968,2.47e-09,0.84166,0.49032,3.1532,8.878e-09,9.7209e-05,0.00034267
7.9288e-05,6.871,2.3118,2.2492,53.105,0,11.492,9.7271,16.807,0.00084615,9.9589,6.96e-10,0.29336,3.1e-10,59.708,0.44611,44.139,6.933,2.8011,0.005831,6.3443e-08,5e-12,0.91376,2.407e-09,0.84166,0.49032,3.1532,8.621e-09,9.1818e-05,0.00033001
6.2256e-05,6.871,2.3118,2.2492,53.105,0,11.492,9.7271,16.807,0.00082144,9.9589,5.97e-10,0.29336,3.1e-10,59.708,0.44611,44.139,6.933,2.8011,0.005831,6.0526e-08,5e-12,0.87974,2.352e-09,0.84166,0.49032,3.1532,8.46e-09,8.3048e-05,0.000329
6.0502e-05,6.871,2.3118,2.2492,53.105,0,11.492,9.7271,16.807,0.00081918,9.9589,5.52e-10,0.29336,3.1e-10,59.708,0.44611,44.139,6.933,2.8011,0.005831,5.7473e-08,5e-12,0.84747,2.276e-09,0.84166,0.49032,3.1532,5.931e-09,4.7872e-05,0.000329
6.048e-05,6.871,2.3118,2.2492,53.105,0,11.492,9.7271,16.807,0.00074285,9.9589,4.9e-10,0.29336,3.1e-10,59.708,0.44611,44.139,6.933,2.8011,0.005831,4.774e-08,5e-12,0.81682,2.163e-09,0.84166,0.49032,3.1532,5.084e-09,4.4275e-05,0.00032586
6.0329e-05,6.871,2.3118,2.2492,53.105,0,11.492,9.7271,16.807,0.00074285,9.9589,4.23e-10,0.29336,3.1e-10,59.708,0.44611,44.139,6.933,2.8011,0.005831,3.5964e-08,5e-12,0.78767,2.037e-09,0.84166,0.49032,3.1532,5.084e-09,4.0038e-05,0.00032554
5.7435e-05,6.871,2.3118,2.2492,53.105,0,11.492,9.7271,16.807,0.00066855,9.9589,3.52e-10,0.29336,3.1e-10,59.708,0.44611,44.139,6.933,2.8011,0.005831,1.5391e-08,5e-12,0.75992,2.016e-09,0.84166,0.49032,3.1532,5.084e-09,3.6944e-05,0.000323
5.0301e-05,6.871,2.3118,2.2492,53.105,0,11.492,9.7271,16.807,0.00062918,9.9589,2.92e-10,0.29336,3.1e-10,59.708,0.44611,44.139,6.933,2.8011,0.005831,1.165e-08,5e-12,0.73347,1.977e-09,0.84166,0.49032,3.1532,5.084e-09,1.5407e-05,0.00032161
4.3705e-05,6.871,2.3118,2.2492,53.105,0,11.492,9.7271,16.807,0.00060798,9.9589,2.43e-10,0.29336,3.1e-10,59.708,0.44611,44.139,6.933,2.8011,0.005831,5.005e-09,5e-12,0.70824,1.829e-09,0.84166,0.49032,3.1532,2.688e-09,7.9053e-06,0.00032161
3.745e-05,6.871,2.3118,2.2492,53.105,0,11.492,9.7271,16.807,0.00055682,9.9589,2.03e-10,0.29336,3.1e-10,59.708,0.44611,44.139,6.933,2.8011,0.005831,3.943e-09,5e-12,0.68202,1.183e-09,0.84166,0.49032,3.1532,2.207e-09,5.387e-06,0.00032161
3.28e-05,6.871,2.3118,2.2492,53.105,0,11.492,9.7271,16.807,0.00054547,9.9589,1.67e-10,0.29336,3.1e-10,59.708,0.44611,44.139,6.933,2.8011,0.005831,3.937e-09,5e-12,0.61014,7.3e-10,0.84166,0.49032,3.1532,2.089e-09,1.9409e-06,0.00027034
2.9325e-05,6.871,2.3118,2.2492,53.105,0,11.492,9.7271,16.807,0.00049431,9.9589,1.57e-10,0.29336,3.1e-10,59.708,0.44611,44.139,6.933,2.8011,0.005831,3.847e-09,5e-12,0.58994,6.44e-10,0.84166,0.49032,3.1532,1.898e-09,1.0283e-06,0.00026725
2.5874e-05,6.871,2.3118,2.2492,53.105,0,11.492,9.7271,16.807,0.00048392,9.9589,9.9e-11,0.29336,2.91e-10,59.708,0.44611,44.139,6.933,2.8011,0.005831,2.044e-09,5e-12,0.57063,5.77e-10,0.84166,0.49032,3.1532,1.835e-09,3.9479e-07,0.00025814
2.2856e-05,6.871,2.3118,2.2492,53.105,0,11.492,9.7271,16.807,0.00047629,9.9589,9.1e-11,0.29336,2.84e-10,59.708,0.44611,44.139,6.933,2.8011,0.005831,1.922e-09,5e-12,0.55217,3.47e-10,0.84166,0.49032,3.1532,1.619e-09,2.5594e-07,0.00024698
2.1105e-05,6.871,2.3118,2.2492,53.105,0,11.492,9.7271,16.807,0.00046279,9.9589,7.2e-11,0.29336,2.84e-10,59.708,0.44611,44.139,6.933,2.8011,0.005831,1.811e-09,5e-12,0.5345,3.47e-10,0.84166,0.49032,3.1532,1.619e-09,1.6549e-07,0.0002269
1.8829e-05,6.871,2.3118,2.2492,53.105,0,11.492,9.7271,16.807,0.00045862,9.9589,6.5e-11,0.29336,2.84e-10,59.708,0.44611,44.139,6.933,2.8011,0.005831,1.761e-09,5e-12,0.51758,3.44e-10,0.84166,0.49032,3.1532,8.26e-10,1.441e-07,0.00020397
1.6624e-05,6.871,2.3118,2.2492,53.105,0,11.492,9.7271,16.807,0.00045156,9.9589,5.9e-11,0.29336,2.78e-10,59.708,0.44611,44.139,6.933,2.8011,0.005831,1.563e-09,5e-12,0.50137,3.4e-10,0.84166,0.49032,3.1532,3.66e-10,1.2631e-07,0.00020046
1.6522e-05,6.871,2.3118,2.2492,53.105,0,11.492,9.7271,16.807,0.00044562,9.9589,5.5e-11,0.29336,2.48e-10,59.708,0.44611,44.139,6.933,2.8011,0.005831,1.52e-09,5e-12,0.48583,3.4e-10,0.84166,0.49032,3.1532,6.7e-11,1.1776e-07,0.00019577
1.6221e-05,6.871,2.3118,2.2492,53.105,0,11.492,9.7271,16.807,0.00043865,9.9589,5e-11,0.29336,2.17e-10,59.708,0.44611,44.139,6.933,2.8011,0.005831,1.395e-09,5e-12,0.47095,3.4e-10,0.84166,0.49032,3.1532,6.2e-11,1.1305e-07,0.00018775
1.4385e-05,6.871,2.3118,2.2492,53.105,0,11.492,9.7271,16.807,0.00042955,9.9589,4.5e-11,0.29336,2.13e-10,59.708,0.44611,44.139,6.933,2.8011,0.005831,1.348e-09,5e-12,0.45668,3.4e-10,0.84166,0.49032,3.1532,5.9e-11,8.4291e-08,0.00018599
1.4385e-05,6.871,2.3118,2.2492,53.105,0,11.492,9.7271,16.807,0.00042707,9.9589,4.3e-11,0.29336,1.92e-10,59.708,0.44611,44.139,6.933,2.8011,0.005831,1.316e-09,5e-12,0.44301,3.37e-10,0.84166,0.49032,3.1532,5.3e-11,8.1682e-08,0.00018478
1.3086e-05,6.871,2.3118,2.2492,53.105,0,11.492,9.7271,16.807,0.00041957,9.9589,3.8e-11,0.29336,1.7e-10,59.708,0.44611,44.139,6.933,2.8011,0.005831,1.094e-09,5e-12,0.42989,2.46e-10,0.84166,0.49032,3.1532,4.8e-11,8.1682e-08,0.00018311
1.1583e-05,6.871,2.3118,2.2492,53.105,0,11.492,9.7271,16.807,0.0004141,9.9589,3.4e-11,0.29336,1.48e-10,59.708,0.44611,44.139,6.933,2.8011,0.005831,8.89e-10,5e-12,0.41731,2.43e-10,0.84166,0.49032,3.1532,4.6e-11,8.0629e-08,0.00016898
1.1575e-05,6.871,2.3118,2.2492,53.105,0,11.492,9.7271,16.807,0.00039746,9.9589,2e-11,0.29336,1.1e-10,59.708,0.44611,44.139,6.933,2.8011,0.005831,3.89e-10,5e-12,0.40525,2.43e-10,0.84166,0.49032,3.1532,3.2e-11,6.9238e-08,0.00014181
1.1575e-05,6.871,2.3118,2.2492,53.105,0,11.492,9.7271,16.807,0.00035455,9.9589,1.8e-11,0.29336,9.7e-11,59.708,0.44611,44.139,6.933,2.8011,0.005831,3.03e-10,5e-12,0.39295,2.4e-10,0.84166,0.49032,3.1532,2.2e-11,6.9146e-08,0.00011301
1.1575e-05,6.871,2.3118,2.2492,53.105,0,11.492,9.7271,16.807,0.00030513,9.9589,1.6e-11,0.29336,8.5e-11,59.708,0.44611,44.139,6.933,2.8011,0.005831,2.63e-10,5e-12,0.39295,2.36e-10,0.84166,0.49032,3.1532,2.2e-11,6.7511e-08,0.00011093
1.0914e-05,6.871,2.3118,2.2492,53.105,0,11.492,9.7271,16.807,0.0002673,9.9589,1.1e-11,0.29336,7.7e-11,59.708,0.44611,44.139,6.933,2.8011,0.005831,2.34e-10,5e-12,0.39295,2.31e-10,0.84166,0.49032,3.1532,2.1e-11,3.4896e-08,0.00010829
