29.933,NaN,30.272,30.837,29.753,30.34,28.76,NaN,31.634,30.727,30.936,29.324,30.331,28.881,30.468,29.345,30.519,30.369,30.462,30.449,NaN,29.943,NaN,NaN,29.643,29.962,30.211,29.904,30.969,NaN
28.142,NaN,28.703,28.78,29.753,29.381,28.76,NaN,30.401,29.585,29.115,28.194,28.677,28.341,28.497,28.039,29.189,28.913,29.706,28.65,NaN,29.757,NaN,NaN,27.676,28.226,29.123,28.958,29.194,NaN
28.142,NaN,28.525,28.78,29.753,29.381,28.738,NaN,30.331,29.585,29.115,28.194,28.677,28.341,28.497,28.039,28.448,28.71,29.706,28.527,NaN,29.521,NaN,NaN,27.301,27.952,29.046,28.958,29.194,NaN
28.142,NaN,28.525,28.78,29.359,29.314,28.387,NaN,29.526,29.585,29.115,27.814,28.372,28.29,28.497,28.039,28.448,28.71,29.332,28.527,NaN,29.49,NaN,NaN,27.301,27.9,27.895,28.874,29.194,NaN
28.089,NaN,28.525,28.78,29.359,29.314,28.387,NaN,29.526,29.585,29.115,27.814,28.372,28.29,28.497,27.739,28.448,28.572,29.332,27.999,NaN,28.813,NaN,NaN,27.301,27.9,27.895,28.874,29.194,NaN
28,NaN,28.323,28.78,29.359,29.314,28.387,NaN,29.526,29.534,29.115,27.814,28.372,28.133,28.497,27.739,28.122,28.572,29.148,27.879,NaN,28.813,NaN,NaN,27.301,27.9,27.895,28.854,29.194,NaN
28,NaN,28.323,28.78,29.359,29.314,28.387,NaN,29.526,29.521,29.115,27.814,28.372,28.059,28.497,27.739,27.874,28.572,29.148,27.879,NaN,28.813,NaN,NaN,27.301,27.9,27.895,28.854,29.194,NaN
28,NaN,28.323,28.78,29.359,29.204,28.387,NaN,29.526,29.501,28.823,27.814,28.372,28.059,28.193,27.739,27.743,28.271,29.091,27.879,NaN,28.813,NaN,NaN,27.301,27.9,27.895,28.854,28.75,NaN
28,NaN,28.323,28.78,29.359,29.204,28.125,NaN,29.526,29.501,28.823,27.814,28.372,28.059,28.193,27.739,27.743,28.271,28.635,27.879,NaN,28.813,NaN,NaN,27.301,27.9,27.895,28.854,28.75,NaN
28,NaN,28.323,28.78,29.359,29.204,28.125,NaN,29.526,29.501,28.823,27.604,28.372,28.059,28.193,27.739,27.672,28.271,28.635,27.879,NaN,28.813,NaN,NaN,27.301,27.9,27.895,28.854,28.75,NaN
28,NaN,28.323,28.78,29.359,29.204,28.125,NaN,29.526,29.501,28.823,27.604,28.372,28.059,28.193,27.739,27.672,28.271,28.635,27.879,NaN,28.813,NaN,NaN,27.301,27.9,27.895,28.854,28.75,NaN
28,NaN,28.295,28.78,29.359,29.204,28.125,NaN,29.478,29.213,28.823,27.604,28.372,28.059,28.193,27.739,27.672,28.271,28.635,27.879,NaN,28.813,NaN,NaN,27.301,27.9,27.895,28.785,28.75,NaN
28,NaN,28.222,28.78,29.348,29.204,28.125,NaN,29.478,29.213,28.823,27.604,28.372,28.059,28.193,27.739,27.613,28.271,28.635,27.879,NaN,28.813,NaN,NaN,27.301,27.9,27.895,28.785,28.75,NaN
28,NaN,28.199,28.78,29.348,29.204,28.125,NaN,29.478,29.213,28.539,27.604,28.372,28.059,28.193,27.739,27.613,28.271,28.635,27.879,NaN,28.813,NaN,NaN,27.301,27.9,27.895,28.653,28.75,NaN
28,NaN,27.709,28.644,29.348,29.204,28.125,NaN,29.478,29.213,28.539,27.604,28.372,28.059,28.193,27.739,27.613,28.256,28.635,27.879,NaN,28.813,NaN,NaN,27.249,27.9,27.895,28.653,28.75,NaN
28,NaN,27.709,28.644,29.348,29.204,28.125,NaN,29.478,29.213,28.539,27.604,28.372,28.013,28.193,27.739,27.613,28.256,28.601,27.879,NaN,28.813,NaN,NaN,27.249,27.9,27.895,28.653,28.75,NaN
27.905,NaN,27.709,28.644,29.348,29.204,28.125,NaN,29.478,29.213,28.539,27.604,28.372,27.892,28.193,27.739,27.033,28.256,28.601,27.879,NaN,28.813,NaN,NaN,27.249,27.767,27.895,28.653,28.75,NaN
27.813,NaN,27.709,28.644,29.348,29.204,28.125,NaN,29.478,29.213,28.539,27.604,28.372,27.892,28.193,27.739,27.033,28.256,28.601,27.703,NaN,28.813,NaN,NaN,27.249,27.669,27.895,28.653,28.75,NaN
27.813,NaN,27.709,28.644,29.348,29.204,28.125,NaN,29.478,29.213,28.539,27.604,28.372,27.892,28.193,27.739,27.033,28.256,28.601,27.703,NaN,28.535,NaN,NaN,27.249,27.669,27.895,28.467,28.75,NaN
27.813,NaN,27.709,28.644,29.348,29.204,28.125,NaN,29.38,29.213,28.539,27.604,28.372,27.892,28.193,27.739,27.033,28.237,28.601,27.703,NaN,28.535,NaN,NaN,27.249,27.669,27.895,28.467,28.75,NaN
27.813,NaN,27.709,28.644,29.348,29.204,28.125,NaN,29.38,29.213,28.539,27.604,28.372,27.892,28.193,27.739,27.033,28.237,28.512,27.703,NaN,28.535,NaN,NaN,27.249,27.669,27.895,28.467,28.75,NaN
27.813,NaN,27.709,28.644,29.348,29.204,28.125,NaN,29.289,29.213,28.539,27.604,28.372,27.892,28.193,27.739,27.033,28.237,28.512,27.703,NaN,28.535,NaN,NaN,27.249,27.669,27.895,28.467,28.75,NaN
27.813,NaN,27.709,28.644,29.348,29.204,28.125,NaN,29.287,29.213,28.539,27.604,28.372,27.846,28.191,27.739,27.033,28.237,28.512,27.703,NaN,28.535,NaN,NaN,27.249,27.669,27.895,28.467,28.75,NaN
27.813,NaN,27.709,28.644,29.348,29.204,28.125,NaN,29.287,29.213,28.539,27.604,28.35,27.579,28.191,27.739,27.033,28.237,28.512,27.703,NaN,28.535,NaN,NaN,27.249,27.669,27.895,28.467,28.75,NaN
27.813,NaN,27.709,28.632,29.348,29.204,28.125,NaN,29.287,29.213,28.539,27.604,28.35,27.548,28.191,27.739,27.033,28.237,28.512,27.703,NaN,28.535,NaN,NaN,27.249,27.669,27.895,28.467,28.75,NaN
27.813,NaN,27.709,28.632,29.224,29.204,28.125,NaN,29.287,29.213,28.539,27.604,28.35,27.389,28.191,27.739,27.033,28.237,28.512,27.703,NaN,28.201,NaN,NaN,27.162,27.669,27.895,28.467,28.75,NaN
27.813,NaN,27.709,28.381,29.187,29.204,28.125,NaN,29.287,29.213,28.539,27.604,28.35,27.389,28.191,27.739,27.033,28.207,28.504,27.703,NaN,28.201,NaN,NaN,27.162,27.669,27.895,28.466,28.75,NaN
27.813,NaN,27.709,28.381,29.187,29.204,28.125,NaN,29.287,29.213,28.539,27.604,28.35,27.389,28.104,27.739,27.033,28.207,28.504,27.552,NaN,28.201,NaN,NaN,27.162,27.669,27.895,28.466,28.75,NaN
27.813,NaN,27.709,28.381,29.187,29.204,28.125,NaN,29.209,29.142,28.539,27.596,28.35,27.389,28.104,27.739,27.033,28.207,28.504,27.552,NaN,28.201,NaN,NaN,27.162,27.669,27.895,28.387,28.511,NaN
27.813,NaN,27.709,28.381,29.187,29.204,28.125,NaN,29.209,28.678,28.539,27.596,28.35,27.389,28.104,27.739,27.033,28.207,28.504,27.552,NaN,28.201,NaN,NaN,27.162,27.669,27.895,28.387,28.511,NaN
27.813,NaN,27.709,28.381,29.149,29.204,28.125,NaN,29.209,28.678,28.539,27.596,28.35,27.33,28.104,27.739,27.033,28.207,28.504,27.552,NaN,28.201,NaN,NaN,27.162,27.669,27.895,28.351,28.511,NaN
27.796,NaN,27.709,28.381,29.149,29.204,28.125,NaN,29.209,28.678,28.463,27.435,28.35,27.33,28.102,27.739,27.033,28.207,28.504,27.552,NaN,28.201,NaN,NaN,27.162,27.669,27.895,28.351,28.511,NaN
27.762,NaN,27.709,28.381,29.149,29.204,28.125,NaN,29.114,28.678,28.167,27.435,28.35,27.33,28.102,27.739,27.033,28.207,28.504,27.552,NaN,28.201,NaN,NaN,27.162,27.669,27.895,28.245,28.511,NaN
27.762,NaN,27.709,28.381,29.149,29.204,28.125,NaN,29.114,28.678,28.167,27.435,28.073,27.33,28.099,27.739,27.033,28.207,28.504,27.552,NaN,28.201,NaN,NaN,27.162,27.669,27.895,28.245,28.511,NaN
27.762,NaN,27.709,28.381,29.149,29.152,28.125,NaN,29.114,28.678,28.148,27.435,28.073,27.33,28.099,27.739,27.033,28.207,28.504,27.552,NaN,28.201,NaN,NaN,27.162,27.669,27.895,28.198,28.511,NaN
27.762,NaN,27.709,28.381,29.149,29.152,28.077,NaN,29.114,28.678,28.05,27.435,28.073,27.33,28.099,27.739,27.033,28.2,28.409,27.552,NaN,28.201,NaN,NaN,27.162,27.669,27.895,28.185,28.511,NaN
27.649,NaN,27.709,28.381,29.149,29.109,28.077,NaN,29.048,28.678,28.04,27.435,28.073,27.33,28.099,27.739,27.033,28.2,28.409,27.552,NaN,28.201,NaN,NaN,27.162,27.669,27.874,28.185,28.511,NaN
27.649,NaN,27.709,28.381,29.149,29.109,28.077,NaN,29.048,28.678,28.04,27.435,28.073,27.33,28.099,27.739,27.033,28.2,28.409,27.552,NaN,28.201,NaN,NaN,27.162,27.669,27.874,28.185,28.511,NaN
27.649,NaN,27.691,28.381,29.149,29.109,28.077,NaN,29.048,28.678,28.04,27.435,28.073,27.33,28.099,27.739,27.033,28.2,28.409,27.552,NaN,28.201,NaN,NaN,27.162,27.669,27.874,28.185,28.511,NaN
27.649,NaN,27.691,28.381,29.149,29.044,28.077,NaN,29.048,28.678,28.04,27.435,28.073,27.33,28.099,27.739,27.033,28.2,28.409,27.552,NaN,28.201,NaN,NaN,27.162,27.669,27.818,28.185,28.511,NaN
27.649,NaN,27.691,28.381,29.149,28.98,28.07,NaN,29.048,28.678,27.972,27.435,28.073,27.33,28.099,27.739,27.033,28.2,28.409,27.552,NaN,28.201,NaN,NaN,27.162,27.669,27.818,28.185,28.511,NaN
27.649,NaN,27.691,28.381,29.149,28.934,28.07,NaN,29.048,28.678,27.89,27.435,28.073,27.33,28.099,27.525,27.033,28.2,28.409,27.552,NaN,28.201,NaN,NaN,27.162,27.623,27.818,28.185,28.511,NaN
27.649,NaN,27.588,28.381,29.149,28.934,28.07,NaN,29.048,28.678,27.89,27.435,28.073,27.33,28.069,27.525,27.033,28.2,28.409,27.552,NaN,28.201,NaN,NaN,27.162,27.618,27.818,28.185,28.511,NaN
27.649,NaN,27.588,28.381,29.149,28.919,28.07,NaN,29.048,28.678,27.89,27.435,28.073,27.33,28.069,27.525,27.033,28.2,28.409,27.552,NaN,28.201,NaN,NaN,27.149,27.245,27.818,28.134,28.511,NaN
27.649,NaN,27.588,28.381,29.149,28.881,28.07,NaN,29.048,28.678,27.89,27.135,28.073,27.33,28.069,27.525,27.033,28.2,28.409,27.552,NaN,28.201,NaN,NaN,27.086,27.245,27.818,28.12,28.511,NaN
27.618,NaN,27.483,28.381,29.149,28.881,28.07,NaN,29.048,28.678,27.89,27.135,28.073,27.33,27.891,27.525,27.033,28.2,28.409,27.552,NaN,28.201,NaN,NaN,27.063,27.245,27.818,28.12,28.511,NaN
27.618,NaN,27.483,28.381,29.149,28.881,28.07,NaN,29.048,28.678,27.89,27.135,28.073,27.33,27.891,27.525,27.033,28.2,28.409,27.552,NaN,28.201,NaN,NaN,27.063,27.245,27.773,28.12,28.511,NaN
27.6,NaN,27.454,28.381,29.149,28.844,28.07,NaN,29.048,28.678,27.89,26.982,28.073,27.33,27.891,27.525,27.033,28.2,28.409,27.552,NaN,28.201,NaN,NaN,27.025,27.245,27.773,27.95,28.511,NaN
27.532,NaN,27.451,28.381,29.149,28.844,28.07,NaN,29.048,28.678,27.89,26.982,28.073,27.33,27.891,27.525,27.033,28.2,28.409,27.552,NaN,28.201,NaN,NaN,27,27.245,27.773,27.95,28.511,NaN
27.532,NaN,27.424,28.381,29.149,28.844,28.07,NaN,29.048,28.678,27.89,26.982,28.073,27.33,27.891,27.435,27.033,28.2,28.409,27.552,NaN,28.201,NaN,NaN,27,27.245,27.773,27.95,28.511,NaN
27.532,NaN,27.424,28.381,29.039,28.725,28.07,NaN,29.048,28.678,27.89,26.982,28.073,27.33,27.891,27.435,27.033,28.099,28.409,27.552,NaN,28.201,NaN,NaN,26.919,27.245,27.773,27.926,28.511,NaN
27.532,NaN,27.272,28.381,29.039,28.725,28.07,NaN,29.048,28.678,27.89,26.982,28.073,27.33,27.891,27.435,27.033,28.099,28.409,27.552,NaN,28.201,NaN,NaN,26.919,27.245,27.773,27.926,28.511,NaN
27.532,NaN,27.169,28.381,29.023,28.725,28.07,NaN,29.048,28.678,27.89,26.982,28.073,27.185,27.891,27.435,27.033,28.099,28.409,27.552,NaN,28.201,NaN,NaN,26.85,27.245,27.747,27.926,28.511,NaN
27.532,NaN,27.169,28.381,29.023,28.725,28.07,NaN,29.037,28.678,27.89,26.982,28.073,27.185,27.891,27.435,27.033,28.099,28.409,27.552,NaN,28.201,NaN,NaN,26.85,27.245,27.747,27.926,28.511,NaN
27.532,NaN,27.169,28.381,29.023,28.725,28.063,NaN,29.034,28.678,27.89,26.982,28.073,27.185,27.891,27.435,27.033,28.099,28.409,27.552,NaN,28.201,NaN,NaN,26.849,27.245,27.747,27.926,28.511,NaN
27.532,NaN,27.169,28.381,28.856,28.689,28.063,NaN,28.97,28.678,27.89,26.982,28.073,27.185,27.891,27.153,27.033,28.099,28.388,27.552,NaN,28.201,NaN,NaN,26.849,27.245,27.737,27.926,28.511,NaN
27.532,NaN,27.157,28.381,28.856,28.689,28.063,NaN,28.725,28.678,27.89,26.982,28.066,27.185,27.891,27.153,27.033,28.099,28.388,27.552,NaN,28.201,NaN,NaN,26.849,27.245,27.737,27.926,28.511,NaN
27.532,NaN,27.157,28.381,28.856,28.689,28.063,NaN,28.725,28.678,27.789,26.982,28.066,27.185,27.891,27.153,27.033,28.099,28.351,27.552,NaN,28.201,NaN,NaN,26.826,27.245,27.573,27.926,28.511,NaN
27.532,NaN,27.157,28.381,28.856,28.689,28.063,NaN,28.725,28.678,27.789,26.982,28.066,27.185,27.891,27.153,27.033,28.099,28.351,27.552,NaN,28.201,NaN,NaN,26.826,27.245,27.573,27.926,28.511,NaN
27.532,NaN,27.143,28.381,28.856,28.689,28.063,NaN,28.725,28.678,27.789,26.982,27.999,27.185,27.891,27.153,27.033,27.953,28.346,27.552,NaN,28.201,NaN,NaN,26.774,27.245,27.573,27.926,28.511,NaN
27.532,NaN,27.143,28.381,28.856,28.689,28.063,NaN,28.725,28.678,27.789,26.982,27.902,27.185,27.891,27.153,27.033,27.953,28.252,27.552,NaN,28.201,NaN,NaN,26.774,27.245,27.573,27.926,28.511,NaN
27.532,NaN,27.143,28.381,28.856,28.689,28.052,NaN,28.725,28.678,27.789,26.982,27.902,27.185,27.891,27.153,27.033,27.953,28.252,27.552,NaN,28.201,NaN,NaN,26.774,27.245,27.573,27.926,28.511,NaN
27.532,NaN,27.103,28.33,28.856,28.689,28.052,NaN,28.725,28.678,27.789,26.982,27.902,27.185,27.891,27.153,27.033,27.953,28.175,27.552,NaN,28.201,NaN,NaN,26.772,27.245,27.573,27.926,28.195,NaN
27.532,NaN,27.103,28.33,28.856,28.689,28.043,NaN,28.725,28.678,27.789,26.982,27.902,27.093,27.846,27.153,27.033,27.953,28.175,27.552,NaN,28.201,NaN,NaN,26.772,27.245,27.573,27.926,28.056,NaN
27.532,NaN,27.103,28.307,28.856,28.689,28.043,NaN,28.725,28.678,27.789,26.982,27.902,26.997,27.846,27.153,27.033,27.953,28.175,27.552,NaN,28.201,NaN,NaN,26.751,27.245,27.573,27.926,28.056,NaN
27.532,NaN,27.103,28.307,28.856,28.689,28.04,NaN,28.725,28.678,27.789,26.982,27.902,26.997,27.846,27.153,27.033,27.953,28.175,27.552,NaN,28.201,NaN,NaN,26.751,27.245,27.374,27.926,28.056,NaN
27.532,NaN,27.044,28.303,28.856,28.689,28.035,NaN,28.725,28.678,27.789,26.982,27.837,26.997,27.846,27.114,27.033,27.953,28.175,27.552,NaN,28.201,NaN,NaN,26.751,27.245,27.374,27.926,28.056,NaN
27.532,NaN,27.044,28.303,28.856,28.689,28.014,NaN,28.725,28.678,27.789,26.982,27.837,26.997,27.714,27.114,27.033,27.953,28.175,27.552,NaN,28.201,NaN,NaN,26.751,27.245,27.374,27.926,28.056,NaN
27.532,NaN,27.044,28.303,28.856,28.689,28.014,NaN,28.725,28.678,27.789,26.982,27.837,26.997,27.714,27.114,27.033,27.953,28.175,27.552,NaN,28.201,NaN,NaN,26.751,27.245,27.374,27.926,28.056,NaN
27.532,NaN,26.982,28.279,28.856,28.602,27.982,NaN,28.725,28.678,27.789,26.982,27.837,26.997,27.714,27.114,27.033,27.953,28.175,27.552,NaN,28.201,NaN,NaN,26.751,27.245,27.374,27.926,28.056,NaN
27.532,NaN,26.976,28.153,28.856,28.602,27.982,NaN,28.725,28.678,27.789,26.982,27.837,26.997,27.69,27.114,27.033,27.953,28.175,27.552,NaN,28.201,NaN,NaN,26.751,27.179,27.374,27.926,28.056,NaN
27.532,NaN,26.956,28.108,28.856,28.602,27.962,NaN,28.725,28.678,27.789,26.982,27.837,26.997,27.69,27.114,27.033,27.953,28.175,27.552,NaN,28.201,NaN,NaN,26.751,27.179,27.374,27.926,28.056,NaN
27.532,NaN,26.956,28.034,28.856,28.602,27.928,NaN,28.725,28.678,27.789,26.982,27.837,26.997,27.69,27.114,27.033,27.953,28.175,27.552,NaN,28.201,NaN,NaN,26.751,27.179,27.374,27.926,28.056,NaN
27.532,NaN,26.956,27.846,28.856,28.602,27.928,NaN,28.725,28.678,27.789,26.982,27.837,26.91,27.69,27.114,27.033,27.953,28.175,27.552,NaN,28.201,NaN,NaN,26.751,27.179,27.374,27.926,28.056,NaN
27.451,NaN,26.956,27.846,28.856,28.602,27.871,NaN,28.725,28.678,27.789,26.982,27.837,26.91,27.69,27.114,27.033,27.953,28.175,27.552,NaN,28.201,NaN,NaN,26.751,27.179,27.374,27.926,28.056,NaN
27.451,NaN,26.956,27.846,28.856,28.602,27.871,NaN,28.725,28.678,27.789,26.982,27.837,26.91,27.69,27.114,27.033,27.953,28.175,27.552,NaN,28.201,NaN,NaN,26.751,27.179,27.374,27.926,28.056,NaN
27.451,NaN,26.956,27.846,28.856,28.602,27.871,NaN,28.725,28.678,27.789,26.982,27.837,26.91,27.69,27.114,27.033,27.953,28.175,27.552,NaN,28.201,NaN,NaN,26.743,27.179,27.374,27.926,28.056,NaN
27.451,NaN,26.956,27.846,28.856,28.602,27.818,NaN,28.725,28.678,27.789,26.982,27.837,26.91,27.69,27.114,27.033,27.953,28.175,27.552,NaN,28.201,NaN,NaN,26.743,27.155,27.374,27.926,28.056,NaN
27.451,NaN,26.916,27.846,28.856,28.602,27.818,NaN,28.725,28.678,27.789,26.982,27.837,26.91,27.69,27.114,27.033,27.953,28.175,27.552,NaN,28.201,NaN,NaN,26.743,27.155,27.374,27.926,28.056,NaN
27.451,NaN,26.916,27.846,28.856,28.59,27.818,NaN,28.725,28.678,27.789,26.982,27.837,26.91,27.69,27.114,27.033,27.953,28.175,27.552,NaN,28.201,NaN,NaN,26.739,27.13,27.374,27.926,28.056,NaN
27.451,NaN,26.809,27.846,28.844,28.59,27.818,NaN,28.725,28.678,27.789,26.982,27.837,26.91,27.69,27.114,27.033,27.953,28.175,27.552,NaN,28.201,NaN,NaN,26.674,27.13,27.374,27.926,28.056,NaN
27.451,NaN,26.809,27.846,28.838,28.59,27.782,NaN,28.725,28.678,27.789,26.982,27.823,26.91,27.69,27.114,27.033,27.953,28.175,27.552,NaN,28.201,NaN,NaN,26.674,27.13,27.374,27.926,28.056,NaN
27.451,NaN,26.809,27.846,28.838,28.59,27.781,NaN,28.725,28.678,27.789,26.982,27.823,26.91,27.69,27.114,27.033,27.953,28.175,27.552,NaN,28.201,NaN,NaN,26.66,27.012,27.374,27.926,28.056,NaN
27.338,NaN,26.809,27.821,28.838,28.59,27.733,NaN,28.725,28.678,27.789,26.982,27.823,26.887,27.69,27.114,27.033,27.953,28.175,27.552,NaN,28.201,NaN,NaN,26.66,27.012,27.338,27.926,28.056,NaN
27.338,NaN,26.809,27.821,28.838,28.59,27.733,NaN,28.725,28.678,27.789,26.982,27.8,26.887,27.69,27.114,27.033,27.953,28.175,27.552,NaN,28.201,NaN,NaN,26.635,27.012,27.338,27.924,28.039,NaN
27.338,NaN,26.809,27.821,28.838,28.59,27.733,NaN,28.725,28.671,27.789,26.982,27.8,26.887,27.69,27.114,27.033,27.953,28.175,27.552,NaN,28.201,NaN,NaN,26.635,27.008,27.338,27.924,28.039,NaN
27.338,NaN,26.809,27.821,28.838,28.59,27.714,NaN,28.725,28.665,27.789,26.982,27.8,26.887,27.69,27.098,27.033,27.953,28.175,27.552,NaN,28.201,NaN,NaN,26.635,26.823,27.338,27.924,28.039,NaN
27.338,NaN,26.805,27.821,28.838,28.59,27.674,NaN,28.725,28.665,27.789,26.982,27.777,26.887,27.69,27.081,27.033,27.953,28.175,27.552,NaN,28.201,NaN,NaN,26.635,26.823,27.338,27.924,28.039,NaN
27.338,NaN,26.805,27.821,28.838,28.59,27.669,NaN,28.725,28.639,27.789,26.982,27.772,26.887,27.69,27.081,27.033,27.953,28.175,27.552,NaN,28.201,NaN,NaN,26.635,26.823,27.27,27.924,28.039,NaN
27.338,NaN,26.66,27.821,28.838,28.59,27.641,NaN,28.725,28.639,27.789,26.982,27.728,26.887,27.69,27.081,27.033,27.953,28.175,27.552,NaN,28.201,NaN,NaN,26.635,26.823,27.27,27.924,28.039,NaN
27.338,NaN,26.66,27.735,28.838,28.59,27.593,NaN,28.725,28.631,27.789,26.982,27.712,26.88,27.69,27.081,27.033,27.953,28.175,27.552,NaN,28.201,NaN,NaN,26.635,26.823,27.27,27.924,28.039,NaN
27.338,NaN,26.66,27.444,28.838,28.59,27.593,NaN,28.725,28.631,27.789,26.982,27.712,26.868,27.69,27.081,27.033,27.953,28.175,27.552,NaN,28.201,NaN,NaN,26.575,26.823,27.27,27.924,28.039,NaN
27.338,NaN,26.66,27.444,28.838,28.59,27.579,NaN,28.704,28.631,27.789,26.982,27.712,26.847,27.69,27.081,27.033,27.953,28.175,27.552,NaN,28.201,NaN,NaN,26.496,26.648,27.261,27.924,28.039,NaN
27.338,NaN,26.66,27.444,28.838,28.59,27.565,NaN,28.612,28.631,27.789,26.982,27.712,26.815,27.69,27.081,27.033,27.953,28.175,27.552,NaN,28.201,NaN,NaN,26.496,26.648,27.261,27.924,28.039,NaN
27.187,NaN,26.66,27.431,28.838,28.588,27.514,NaN,28.612,28.631,27.789,26.982,27.712,26.815,27.69,27.081,27.033,27.953,28.175,27.552,NaN,28.201,NaN,NaN,26.496,26.624,26.948,27.924,28.039,NaN
27.187,NaN,26.66,27.431,28.831,28.571,27.514,NaN,28.541,28.631,27.789,26.982,27.712,26.815,27.69,27.081,27.033,27.953,28.175,27.552,NaN,28.201,NaN,NaN,26.496,26.624,26.948,27.924,28.039,NaN
27.187,NaN,26.66,27.412,28.831,28.571,27.512,NaN,28.541,28.631,27.789,26.982,27.712,26.807,27.69,27.081,27.033,27.953,28.175,27.552,NaN,28.201,NaN,NaN,26.484,26.624,26.948,27.924,28.039,NaN
27.187,NaN,26.66,27.325,28.821,28.571,27.512,NaN,28.541,28.631,27.789,26.982,27.712,26.756,27.69,27.021,27.033,27.953,28.175,27.552,NaN,28.201,NaN,NaN,26.484,26.624,26.948,27.924,28.039,NaN
27.187,NaN,26.66,27.325,28.821,28.571,27.512,NaN,28.541,28.631,27.789,26.982,27.672,26.756,27.69,26.987,27.033,27.953,28.175,27.552,NaN,28.201,NaN,NaN,26.484,26.624,26.948,27.924,28.039,NaN
27.187,NaN,26.66,27.325,28.821,28.44,27.512,NaN,28.541,28.631,27.789,26.982,27.672,26.756,27.69,26.987,27.033,27.953,28.175,27.552,NaN,28.201,NaN,NaN,26.484,26.624,26.948,27.924,28.039,NaN
27.187,NaN,26.66,27.325,28.821,28.44,27.512,NaN,28.541,28.631,27.789,26.982,27.669,26.756,27.69,26.899,27.033,27.953,28.175,27.552,NaN,28.201,NaN,NaN,26.484,26.624,26.948,27.924,28.039,NaN
27.187,NaN,26.66,27.254,28.736,28.44,27.512,NaN,28.541,28.597,27.789,26.982,27.669,26.756,27.69,26.756,27.033,27.953,28.172,27.552,NaN,28.201,NaN,NaN,26.481,26.624,26.948,27.924,28.039,NaN
27.187,NaN,26.66,27.201,28.736,28.44,27.512,NaN,28.541,28.588,27.789,26.982,27.669,26.726,27.661,26.715,27.033,27.953,28.172,27.552,NaN,28.201,NaN,NaN,26.426,26.581,26.948,27.917,28.039,NaN
27.187,NaN,26.66,27.201,28.736,28.44,27.512,NaN,28.541,28.587,27.789,26.982,27.669,26.726,27.429,26.625,27.033,27.953,28.172,27.552,NaN,28.201,NaN,NaN,26.426,26.568,26.948,27.917,28.039,NaN
27.187,NaN,26.66,27.201,28.736,28.44,27.512,NaN,28.541,28.585,27.65,26.982,27.669,26.698,27.429,26.625,27.033,27.953,28.145,27.552,NaN,28.201,NaN,NaN,26.426,26.524,26.948,27.915,28.039,NaN
27.187,NaN,26.66,27.201,28.715,28.44,27.512,NaN,28.531,28.585,27.65,26.982,27.66,26.693,27.247,26.603,27.033,27.953,28.121,27.552,NaN,28.152,NaN,NaN,26.426,26.524,26.948,27.915,28.039,NaN
27.187,NaN,26.66,27.185,28.715,28.44,27.512,NaN,28.531,28.585,27.65,26.982,27.644,26.693,27.247,26.603,27.033,27.953,28.104,27.524,NaN,28.148,NaN,NaN,26.401,26.524,26.948,27.915,28.039,NaN
27.187,NaN,26.66,27.153,28.715,28.44,27.483,NaN,28.531,28.585,27.65,26.982,27.644,26.583,27.247,26.603,27.033,27.953,28.104,27.524,NaN,28.148,NaN,NaN,26.401,26.524,26.948,27.915,28.039,NaN
27.187,NaN,26.66,27.08,28.715,28.44,27.464,NaN,28.531,28.585,27.65,26.982,27.629,26.583,27.247,26.603,27.033,27.953,28.104,27.443,NaN,28.148,NaN,NaN,26.393,26.524,26.948,27.915,28.039,NaN
27.187,NaN,26.66,27.08,28.715,28.44,27.453,NaN,28.531,28.585,27.543,26.982,27.629,26.473,27.247,26.429,27.033,27.953,28.072,27.443,NaN,28.148,NaN,NaN,26.393,26.524,26.948,27.902,28.039,NaN
27.187,NaN,26.66,27.036,28.715,28.44,27.405,NaN,28.531,28.585,27.543,26.982,27.629,26.473,27.247,26.429,27.033,27.953,28.032,27.443,NaN,28.148,NaN,NaN,26.393,26.524,26.948,27.898,28.039,NaN
27.187,NaN,26.66,27.036,28.715,28.44,27.401,NaN,28.531,28.585,27.543,26.982,27.626,26.467,27.247,26.429,27.033,27.953,28.027,27.427,NaN,28.148,NaN,NaN,26.393,26.524,26.948,27.885,28.039,NaN
27.187,NaN,26.66,27.036,28.715,28.44,27.401,NaN,28.531,28.585,27.543,26.982,27.603,26.413,27.24,26.429,27.033,27.953,28.027,27.285,NaN,28.148,NaN,NaN,26.393,26.524,26.948,27.885,28.039,NaN
27.187,NaN,26.66,27.036,28.715,28.44,27.379,NaN,28.512,28.585,27.543,26.982,27.603,26.413,27.24,26.429,27.033,27.953,28.027,27.285,NaN,28.148,NaN,NaN,26.393,26.473,26.948,27.885,28.039,NaN
27.187,NaN,26.66,26.98,28.715,28.44,27.361,NaN,28.5,28.585,27.543,26.982,27.591,26.413,27.24,26.429,27.033,27.953,28.027,27.285,NaN,28.148,NaN,NaN,26.393,26.452,26.948,27.835,28.039,NaN
27.187,NaN,26.66,26.98,28.693,28.44,27.361,NaN,28.5,28.585,27.543,26.982,27.583,26.342,27.24,26.429,27.033,27.953,28.027,27.285,NaN,28.148,NaN,NaN,26.393,26.452,26.948,27.835,28.039,NaN
27.187,NaN,26.66,26.953,28.671,28.44,27.359,NaN,28.5,28.585,27.543,26.982,27.577,26.338,27.098,26.429,27.033,27.953,28.027,27.285,NaN,28.148,NaN,NaN,26.393,26.424,26.948,27.835,28.039,NaN
27.187,NaN,26.66,26.939,28.647,28.44,27.359,NaN,28.5,28.575,27.543,26.982,27.577,26.338,27.098,26.429,27.033,27.953,28.027,27.285,NaN,28.148,NaN,NaN,26.393,26.38,26.948,27.835,28.039,NaN
27.187,NaN,26.66,26.878,28.647,28.44,27.347,NaN,28.5,28.575,27.543,26.982,27.562,26.31,27.098,26.388,27.033,27.953,28.027,26.925,NaN,28.148,NaN,NaN,26.393,26.38,26.948,27.835,28.039,NaN
27.187,NaN,26.66,26.878,28.647,28.44,27.347,NaN,28.5,28.575,27.543,26.982,27.52,26.245,27.098,26.388,27.033,27.953,28.027,26.925,NaN,28.148,NaN,NaN,26.393,26.38,26.948,27.835,28.039,NaN
27.187,NaN,26.66,26.878,28.647,28.44,27.33,NaN,28.5,28.575,27.543,26.982,27.52,26.245,26.97,26.388,27.033,27.953,28.008,26.925,NaN,28.148,NaN,NaN,26.393,26.374,26.948,27.835,28.039,NaN
27.187,NaN,26.66,26.866,28.647,28.44,27.321,NaN,28.5,28.575,27.543,26.982,27.52,26.245,26.97,26.388,27.033,27.953,28.008,26.925,NaN,28.148,NaN,NaN,26.389,26.368,26.948,27.835,28.039,NaN
27.187,NaN,26.66,26.756,28.647,28.44,27.321,NaN,28.5,28.575,27.543,26.982,27.52,26.235,26.97,26.388,27.033,27.953,28.008,26.925,NaN,28.148,NaN,NaN,26.389,26.327,26.948,27.835,28.039,NaN
27.187,NaN,26.66,26.756,28.647,28.44,27.321,NaN,28.5,28.575,27.543,26.982,27.513,26.201,26.813,26.388,27.033,27.953,27.951,26.925,NaN,28.148,NaN,NaN,26.389,26.327,26.948,27.835,28.028,NaN
27.187,NaN,26.66,26.756,28.646,28.44,27.321,NaN,28.5,28.575,27.543,26.982,27.498,26.11,26.813,26.388,27.033,27.953,27.852,26.925,NaN,28.148,NaN,NaN,26.389,26.327,26.948,27.835,28.028,NaN
27.187,NaN,26.66,26.756,28.646,28.44,27.318,NaN,28.474,28.575,27.543,26.982,27.486,26.11,26.813,26.388,27.033,27.953,27.852,26.925,NaN,28.148,NaN,NaN,26.389,26.269,26.948,27.835,27.99,NaN
27.187,NaN,26.66,26.756,28.646,28.44,27.312,NaN,28.46,28.575,27.543,26.982,27.486,26.098,26.813,26.384,27.033,27.953,27.852,26.925,NaN,28.148,NaN,NaN,26.357,26.269,26.948,27.835,27.99,NaN
27.187,NaN,26.66,26.756,28.614,28.44,27.312,NaN,28.434,28.575,27.543,26.982,27.432,26.098,26.813,26.384,27.033,27.953,27.852,26.925,NaN,28.144,NaN,NaN,26.332,26.269,26.948,27.835,27.955,NaN
27.187,NaN,26.66,26.756,28.614,28.44,27.312,NaN,28.434,28.575,27.543,26.982,27.432,26.089,26.813,26.19,27.033,27.953,27.852,26.925,NaN,28.144,NaN,NaN,26.332,26.269,26.948,27.828,27.955,NaN
27.187,NaN,26.66,26.714,28.613,28.44,27.312,NaN,28.385,28.575,27.543,26.982,27.409,26.089,26.813,26.19,27.033,27.953,27.852,26.925,NaN,28.144,NaN,NaN,26.332,26.269,26.948,27.828,27.955,NaN
27.09,NaN,26.66,26.678,28.584,28.44,27.304,NaN,28.385,28.557,27.543,26.982,27.409,26.089,26.813,26.19,27.033,27.953,27.852,26.925,NaN,28.144,NaN,NaN,26.321,26.269,26.948,27.828,27.955,NaN
27.09,NaN,26.66,26.678,28.579,28.44,27.304,NaN,28.385,28.551,27.543,26.982,27.402,26.089,26.813,26.19,27.033,27.953,27.852,26.925,NaN,28.144,NaN,NaN,26.321,26.204,26.948,27.828,27.955,NaN
27.042,NaN,26.66,26.59,28.579,28.44,27.304,NaN,28.385,28.527,27.543,26.982,27.402,26.089,26.813,26.19,26.989,27.953,27.852,26.925,NaN,28.144,NaN,NaN,26.321,26.195,26.948,27.828,27.955,NaN
27.042,NaN,26.58,26.59,28.579,28.44,27.304,NaN,28.28,28.527,27.543,26.982,27.377,26.089,26.813,26.19,26.881,27.953,27.852,26.833,NaN,28.144,NaN,NaN,26.321,26.195,26.948,27.828,27.914,NaN
27.042,NaN,26.58,26.59,28.579,28.44,27.304,NaN,28.28,28.527,27.543,26.982,27.36,26.008,26.813,26.19,26.796,27.953,27.852,26.833,NaN,28.144,NaN,NaN,26.321,26.195,26.948,27.825,27.914,NaN
27.042,NaN,26.58,26.59,28.579,28.44,27.304,NaN,28.28,28.527,27.543,26.982,27.346,26.008,26.813,26.19,26.796,27.953,27.852,26.833,NaN,28.144,NaN,NaN,26.321,26.195,26.948,27.825,27.914,NaN
27.042,NaN,26.58,26.582,28.576,28.44,27.304,NaN,28.28,28.527,27.462,26.982,27.346,26.008,26.813,26.148,26.796,27.953,27.852,26.833,NaN,28.144,NaN,NaN,26.317,26.195,26.948,27.765,27.914,NaN
27.042,NaN,26.58,26.582,28.554,28.44,27.304,NaN,28.28,28.527,27.462,26.982,27.346,26.008,26.813,26.148,26.796,27.953,27.852,26.833,NaN,28.144,NaN,NaN,26.31,26.123,26.948,27.756,27.914,NaN
27.042,NaN,26.58,26.582,28.554,28.44,27.304,NaN,28.28,28.527,27.462,26.982,27.346,26.008,26.813,26.148,26.796,27.953,27.852,26.833,NaN,28.144,NaN,NaN,26.294,26.103,26.948,27.735,27.914,NaN
27.042,NaN,26.58,26.582,28.554,28.44,27.304,NaN,28.28,28.527,27.462,26.982,27.345,26.008,26.813,26.148,26.796,27.953,27.843,26.833,NaN,28.144,NaN,NaN,26.29,26.103,26.948,27.729,27.914,NaN
27.042,NaN,26.58,26.582,28.554,28.44,27.304,NaN,28.28,28.527,27.462,26.982,27.329,25.96,26.813,26.148,26.796,27.953,27.843,26.833,NaN,28.144,NaN,NaN,26.286,26.103,26.948,27.729,27.914,NaN
27.042,NaN,26.58,26.582,28.554,28.44,27.304,NaN,28.28,28.527,27.462,26.982,27.329,25.874,26.813,26.148,26.796,27.953,27.843,26.833,NaN,28.144,NaN,NaN,26.286,26.103,26.948,27.729,27.813,NaN
27.042,NaN,26.58,26.571,28.551,28.44,27.295,NaN,28.28,28.527,27.462,26.982,27.327,25.874,26.813,26.148,26.796,27.953,27.843,26.824,NaN,28.144,NaN,NaN,26.286,26.103,26.948,27.729,27.813,NaN
27.006,NaN,26.58,26.571,28.544,28.44,27.295,NaN,28.28,28.527,27.462,26.982,27.327,25.874,26.813,26.148,26.796,27.953,27.843,26.789,NaN,28.144,NaN,NaN,26.286,26.086,26.948,27.729,27.813,NaN
26.922,NaN,26.58,26.544,28.514,28.44,27.295,NaN,28.28,28.527,27.462,26.982,27.325,25.874,26.813,26.148,26.796,27.953,27.843,26.789,NaN,28.144,NaN,NaN,26.269,26.086,26.948,27.729,27.813,NaN
26.922,NaN,26.58,26.544,28.507,28.44,27.288,NaN,28.28,28.527,27.462,26.982,27.325,25.874,26.813,26.148,26.796,27.953,27.843,26.726,NaN,28.144,NaN,NaN,26.25,26.086,26.948,27.729,27.813,NaN
26.922,NaN,26.579,26.544,28.506,28.44,27.283,NaN,28.28,28.527,27.462,26.982,27.314,25.874,26.813,26.148,26.796,27.953,27.843,26.726,NaN,28.144,NaN,NaN,26.228,26.06,26.948,27.729,27.813,NaN
26.922,NaN,26.579,26.544,28.506,28.44,27.283,NaN,28.28,28.527,27.462,26.982,27.298,25.874,26.813,25.948,26.796,27.953,27.843,26.585,NaN,28.144,NaN,NaN,26.228,26.06,26.948,27.729,27.813,NaN
26.884,NaN,26.579,26.508,28.496,28.44,27.283,NaN,28.28,28.527,27.462,26.982,27.276,25.874,26.813,25.939,26.779,27.953,27.843,26.574,NaN,28.144,NaN,NaN,26.222,26.06,26.948,27.729,27.813,NaN
26.766,NaN,26.579,26.501,28.496,28.44,27.283,NaN,28.28,28.52,27.462,26.982,27.245,25.874,26.813,25.922,26.762,27.953,27.843,26.564,NaN,28.144,NaN,NaN,26.187,26.06,26.948,27.729,27.813,NaN
26.684,NaN,26.579,26.501,28.496,28.421,27.283,NaN,28.28,28.52,27.462,26.982,27.245,25.865,26.813,25.922,26.762,27.953,27.843,26.478,NaN,28.144,NaN,NaN,26.178,26.06,26.948,27.729,27.813,NaN
26.684,NaN,26.579,26.501,28.496,28.421,27.283,NaN,28.28,28.52,27.462,26.982,27.245,25.865,26.813,25.883,26.503,27.953,27.843,26.478,NaN,28.144,NaN,NaN,26.178,26.06,26.948,27.729,27.813,NaN
26.684,NaN,26.579,26.501,28.481,28.421,27.283,NaN,28.28,28.52,27.462,26.982,27.245,25.865,26.813,25.881,26.503,27.953,27.843,26.478,NaN,28.144,NaN,NaN,26.174,26.06,26.948,27.729,27.813,NaN
26.684,NaN,26.551,26.501,28.481,28.421,27.283,NaN,28.28,28.52,27.462,26.982,27.245,25.803,26.813,25.777,26.503,27.953,27.843,26.434,NaN,28.144,NaN,NaN,26.174,26.06,26.948,27.723,27.813,NaN
26.684,NaN,26.551,26.501,28.463,28.421,27.283,NaN,28.28,28.52,27.462,26.982,27.245,25.803,26.813,25.777,26.503,27.953,27.843,26.434,NaN,28.144,NaN,NaN,26.174,26.06,26.948,27.723,27.813,NaN
26.684,NaN,26.551,26.501,28.459,28.421,27.283,NaN,28.28,28.52,27.462,26.982,27.245,25.766,26.813,25.754,26.503,27.953,27.843,26.283,NaN,28.144,NaN,NaN,26.152,26.06,26.948,27.723,27.813,NaN
26.684,NaN,26.534,26.466,28.45,28.421,27.276,NaN,28.28,28.52,27.462,26.982,27.245,25.766,26.813,25.754,26.503,27.953,27.843,26.283,NaN,28.144,NaN,NaN,26.152,26.06,26.948,27.723,27.813,NaN
26.684,NaN,26.529,26.437,28.406,28.421,27.27,NaN,28.28,28.52,27.462,26.982,27.245,25.766,26.813,25.754,26.503,27.953,27.843,26.283,NaN,28.144,NaN,NaN,26.151,26.06,26.948,27.723,27.813,NaN
26.684,NaN,26.529,26.437,28.406,28.409,27.261,NaN,28.28,28.52,27.462,26.982,27.223,25.766,26.813,25.754,26.503,27.953,27.843,26.283,NaN,28.144,NaN,NaN,26.151,26.06,26.948,27.723,27.813,NaN
26.684,NaN,26.529,26.396,28.406,28.409,27.258,NaN,28.28,28.52,27.462,26.982,27.223,25.766,26.813,25.732,26.503,27.953,27.796,26.283,NaN,28.144,NaN,NaN,26.137,26.06,26.948,27.723,27.813,NaN
26.684,NaN,26.529,26.396,28.406,28.409,27.258,NaN,28.28,28.52,27.462,26.982,27.223,25.748,26.813,25.732,26.503,27.953,27.796,26.283,NaN,28.144,NaN,NaN,26.137,26.06,26.948,27.723,27.813,NaN
26.669,NaN,26.529,26.396,28.406,28.347,27.258,NaN,28.235,28.52,27.462,26.982,27.223,25.748,26.813,25.732,26.503,27.953,27.796,26.283,NaN,28.144,NaN,NaN,26.126,26.06,26.948,27.723,27.813,NaN
26.669,NaN,26.523,26.396,28.371,28.347,27.257,NaN,28.235,28.52,27.462,26.982,27.192,25.734,26.813,25.703,26.503,27.953,27.796,26.283,NaN,28.144,NaN,NaN,26.126,26.06,26.948,27.699,27.813,NaN
26.669,NaN,26.523,26.396,28.371,28.347,27.255,NaN,28.235,28.52,27.462,26.982,27.158,25.734,26.813,25.703,26.503,27.953,27.796,26.283,NaN,28.144,NaN,NaN,26.092,26.06,26.948,27.682,27.663,NaN
26.669,NaN,26.523,26.396,28.355,28.347,27.255,NaN,28.235,28.519,27.462,26.982,27.158,25.734,26.813,25.703,26.503,27.953,27.796,26.283,NaN,28.144,NaN,NaN,26.081,26.06,26.948,27.682,27.451,NaN
26.669,NaN,26.429,26.396,28.355,28.347,27.25,NaN,28.235,28.519,27.462,26.982,27.144,25.734,26.813,25.672,26.503,27.953,27.796,26.283,NaN,28.144,NaN,NaN,26.074,26.06,26.948,27.682,27.451,NaN
26.669,NaN,26.429,26.396,28.355,28.347,27.25,NaN,28.235,28.503,27.462,26.982,27.136,25.734,26.813,25.672,26.503,27.953,27.755,26.283,NaN,28.144,NaN,NaN,26.074,26.06,26.948,27.682,27.451,NaN
26.669,NaN,26.429,26.396,28.355,28.339,27.248,NaN,28.229,28.499,27.462,26.982,27.101,25.628,26.813,25.672,26.503,27.953,27.755,26.283,NaN,28.144,NaN,NaN,26.073,26.06,26.948,27.602,27.451,NaN
26.669,NaN,26.429,26.396,28.355,28.339,27.243,NaN,28.162,28.499,27.462,26.982,27.064,25.628,26.813,25.672,26.503,27.953,27.755,26.253,NaN,28.144,NaN,NaN,26.063,26.06,26.948,27.6,27.451,NaN
26.669,NaN,26.429,26.396,28.355,28.339,27.243,NaN,28.162,28.499,27.462,26.982,27.048,25.59,26.813,25.672,26.503,27.953,27.755,26.231,NaN,28.144,NaN,NaN,26.036,26.06,26.948,27.6,27.451,NaN
26.669,NaN,26.429,26.396,28.355,28.339,27.243,NaN,28.153,28.499,27.462,26.982,27.048,25.581,26.813,25.657,26.503,27.953,27.755,26.2,NaN,28.144,NaN,NaN,26.034,26.06,26.948,27.6,27.451,NaN
26.669,NaN,26.429,26.396,28.346,28.339,27.243,NaN,28.153,28.499,27.462,26.982,27.048,25.53,26.813,25.606,26.503,27.953,27.755,26.2,NaN,28.144,NaN,NaN,26.034,26.06,26.948,27.593,27.451,NaN
26.66,NaN,26.429,26.381,28.31,28.339,27.237,NaN,28.153,28.499,27.462,26.982,27.048,25.53,26.813,25.606,26.503,27.953,27.755,26.163,NaN,28.144,NaN,NaN,26.034,26.06,26.948,27.593,27.451,NaN
26.66,NaN,26.429,26.362,28.31,28.339,27.237,NaN,28.153,28.499,27.462,26.982,27.031,25.53,26.813,25.35,26.503,27.953,27.755,26.163,NaN,28.144,NaN,NaN,26.013,26.06,26.948,27.593,27.451,NaN
26.66,NaN,26.429,26.362,28.305,28.318,27.237,NaN,28.153,28.499,27.462,26.982,27.031,25.516,26.813,25.35,26.503,27.953,27.755,25.948,NaN,28.144,NaN,NaN,25.976,26.06,26.948,27.593,27.451,NaN
26.66,NaN,26.429,26.362,28.289,28.318,27.237,NaN,28.095,28.499,27.462,26.982,26.992,25.516,26.813,25.35,26.503,27.953,27.755,25.948,NaN,28.144,NaN,NaN,25.963,26.06,26.948,27.593,27.451,NaN
26.66,NaN,26.429,26.362,28.289,28.318,27.237,NaN,28.095,28.499,27.462,26.982,26.992,25.516,26.813,25.322,26.503,27.953,27.745,25.948,NaN,28.144,NaN,NaN,25.963,26.06,26.948,27.593,27.43,NaN
26.66,NaN,26.429,26.362,28.289,28.318,27.228,NaN,28.095,28.489,27.462,26.982,26.992,25.516,26.813,25.322,26.503,27.953,27.745,25.925,NaN,28.144,NaN,NaN,25.963,26.06,26.948,27.563,27.43,NaN
26.66,NaN,26.429,26.362,28.241,28.318,27.188,NaN,28.056,28.489,27.462,26.982,26.992,25.516,26.813,25.322,26.503,27.953,27.745,25.925,NaN,28.144,NaN,NaN,25.937,26.06,26.948,27.563,27.43,NaN
26.66,NaN,26.429,26.362,28.241,28.318,27.188,NaN,28.009,28.489,27.462,26.982,26.992,25.516,26.813,25.322,26.503,27.953,27.745,25.925,NaN,28.144,NaN,NaN,25.912,26.06,26.948,27.563,27.43,NaN
26.66,NaN,26.429,26.362,28.241,28.318,27.188,NaN,28.009,28.489,27.462,26.982,26.992,25.516,26.813,25.322,26.503,27.953,27.745,25.897,NaN,28.144,NaN,NaN,25.894,26.06,26.948,27.563,27.43,NaN
26.66,NaN,26.429,26.362,28.241,28.314,27.188,NaN,28.006,28.489,27.462,26.982,26.99,25.473,26.813,25.322,26.503,27.953,27.722,25.897,NaN,28.119,NaN,NaN,25.835,26.06,26.948,27.563,27.43,NaN
26.66,NaN,26.417,26.362,28.241,28.293,27.188,NaN,28.006,28.489,27.462,26.982,26.968,25.473,26.813,25.322,26.503,27.953,27.716,25.897,NaN,28.119,NaN,NaN,25.835,26.06,26.931,27.563,27.43,NaN
26.66,NaN,26.401,26.345,28.241,28.293,27.158,NaN,27.933,28.489,27.462,26.982,26.968,25.473,26.813,25.322,26.503,27.953,27.711,25.856,NaN,28.11,NaN,NaN,25.828,26.06,26.931,27.563,27.43,NaN
26.66,NaN,26.401,26.345,28.241,28.293,27.158,NaN,27.933,28.489,27.462,26.982,26.968,25.473,26.813,25.322,26.503,27.953,27.711,25.796,NaN,28.109,NaN,NaN,25.828,26.06,26.931,27.563,27.43,NaN
26.66,NaN,26.401,26.302,28.239,28.289,27.155,NaN,27.933,28.489,27.462,26.982,26.968,25.473,26.813,25.322,26.503,27.953,27.711,25.794,NaN,28.105,NaN,NaN,25.828,26.06,26.931,27.563,27.357,NaN
26.66,NaN,26.401,26.302,28.239,28.289,27.149,NaN,27.933,28.489,27.462,26.982,26.964,25.473,26.813,25.322,26.503,27.953,27.711,25.794,NaN,28.073,NaN,NaN,25.828,26.06,26.931,27.563,27.319,NaN
26.66,NaN,26.401,26.255,28.202,28.289,27.134,NaN,27.933,28.489,27.462,26.982,26.964,25.473,26.813,25.322,26.503,27.953,27.711,25.707,NaN,28.073,NaN,NaN,25.828,26.06,26.931,27.563,27.316,NaN
26.66,NaN,26.367,26.137,28.188,28.289,27.13,NaN,27.933,28.489,27.462,26.982,26.964,25.473,26.813,25.322,26.503,27.953,27.709,25.707,NaN,28.073,NaN,NaN,25.828,26.06,26.931,27.563,27.299,NaN
26.66,NaN,26.367,26.137,28.188,28.289,27.129,NaN,27.933,28.489,27.462,26.982,26.964,25.471,26.813,25.322,26.503,27.953,27.709,25.707,NaN,27.915,NaN,NaN,25.828,26.06,26.931,27.563,27.244,NaN
26.66,NaN,26.367,26.115,28.187,28.199,27.123,NaN,27.91,28.489,27.462,26.982,26.964,25.471,26.813,25.322,26.503,27.953,27.693,25.707,NaN,27.912,NaN,NaN,25.821,26.06,26.931,27.49,27.244,NaN
26.66,NaN,26.367,26.099,28.184,28.199,27.123,NaN,27.91,28.489,27.462,26.982,26.94,25.417,26.813,25.322,26.503,27.953,27.689,25.707,NaN,27.912,NaN,NaN,25.776,26.06,26.931,27.49,27.244,NaN
26.66,NaN,26.367,26.086,28.184,28.199,27.123,NaN,27.91,28.489,27.462,26.982,26.94,25.405,26.813,25.322,26.503,27.953,27.684,25.707,NaN,27.912,NaN,NaN,25.774,26.06,26.931,27.488,27.222,NaN
26.66,NaN,26.367,26.086,28.176,28.199,27.088,NaN,27.91,28.484,27.462,26.982,26.939,25.405,26.813,25.322,26.503,27.953,27.684,25.707,NaN,27.912,NaN,NaN,25.728,26.06,26.931,27.488,27.222,NaN
26.66,NaN,26.367,26.083,28.136,28.178,27.088,NaN,27.894,28.482,27.462,26.982,26.925,25.325,26.813,25.322,26.503,27.953,27.684,25.707,NaN,27.912,NaN,NaN,25.728,26.06,26.931,27.473,27.172,NaN
26.66,NaN,26.367,26.083,28.121,28.178,27.088,NaN,27.886,28.482,27.462,26.982,26.913,25.322,26.813,25.322,26.503,27.953,27.684,25.707,NaN,27.912,NaN,NaN,25.728,26.06,26.931,27.473,27.115,NaN
26.66,NaN,26.367,26.035,28.121,28.156,27.088,NaN,27.886,28.482,27.462,26.982,26.9,25.238,26.813,25.322,26.503,27.953,27.684,25.688,NaN,27.912,NaN,NaN,25.728,26.06,26.931,27.473,27.115,NaN
26.66,NaN,26.367,26.035,28.121,28.156,27.087,NaN,27.886,28.477,27.462,26.982,26.9,25.238,26.813,25.322,26.503,27.953,27.684,25.688,NaN,27.912,NaN,NaN,25.72,26.06,26.931,27.473,27.115,NaN
26.66,NaN,26.367,26.035,28.121,28.156,27.065,NaN,27.886,28.477,27.462,26.982,26.9,25.238,26.813,25.322,26.503,27.953,27.684,25.688,NaN,27.912,NaN,NaN,25.72,26.06,26.931,27.473,27.115,NaN
26.66,NaN,26.367,26.035,28.121,28.156,27.065,NaN,27.886,28.477,27.462,26.982,26.9,25.238,26.813,25.322,26.503,27.953,27.682,25.688,NaN,27.912,NaN,NaN,25.72,26.06,26.931,27.473,27.115,NaN
26.66,NaN,26.322,26.035,28.121,28.156,27.065,NaN,27.882,28.469,27.462,26.982,26.9,25.238,26.813,25.322,26.503,27.953,27.681,25.688,NaN,27.912,NaN,NaN,25.72,26.06,26.931,27.473,27.056,NaN
