2.4339,2.45,5.0072,2.3007,2.5828,2.2236,3.8577,2.4709,3.3002,4.1177,2.3779,3.115,2.524,3.3171,3.1982,3.2327,2.9668,3.165,2.3841,3.3579,2.6225,4.3116,2.542,4.9056,2.471,3.0727,3.4274,2.4046,2.3369,4.2391
2.4339,2.45,2.4504,2.2266,2.5025,2.2236,3.8577,2.4709,3.2003,3.4937,2.3426,3.115,2.2613,3.3171,3.107,3.2327,2.9668,3.165,2.3841,3.3579,2.6225,4.3116,2.4911,3.1573,2.471,3.0727,3.4274,2.4046,2.3247,4.2391
2.4339,2.45,2.4486,2.2266,2.5025,2.1484,3.6944,2.4709,2.6687,3.4937,2.3426,3.115,2.2613,3.1854,3.0978,3.2327,2.9668,2.4532,2.3841,3.3579,2.6225,4.3116,2.4911,3.1573,2.471,3.0727,3.3523,2.4046,2.3247,3.0425
2.4339,2.45,2.4486,2.2266,2.5025,2.1484,3.6944,2.3387,2.2534,3.4937,2.3426,3.115,2.2613,3.1854,2.6356,2.4956,2.9668,2.4532,2.3841,3.2235,2.6214,3.9588,2.4911,2.5181,2.471,3.0727,2.624,2.4046,2.3135,3.0425
2.4339,2.45,2.4486,2.2266,2.5025,2.1484,2.3565,2.332,2.2088,2.2072,2.3426,2.8085,2.2613,3.1854,2.6356,2.4956,2.9668,2.4532,2.3813,3.2235,2.2643,3.9588,2.4535,2.5181,2.471,3.0727,2.5494,2.4046,2.2533,3.0425
2.4339,2.45,2.4486,2.2266,2.5025,2.1484,2.3565,2.3206,2.2088,2.1453,2.3426,2.8085,2.2613,2.7781,2.5757,2.4956,2.4139,2.4532,2.2695,3.2235,2.2643,3.164,2.4535,2.5181,2.471,3.0727,2.5494,2.3442,2.2533,3.0425
2.4339,2.45,2.4273,2.2266,2.5025,2.1484,2.3564,2.3206,2.2088,2.1452,2.3426,2.4794,2.2573,2.7781,2.5757,2.4956,2.4139,2.4532,2.2695,3.2235,2.0942,2.9297,2.3288,2.5181,2.471,3.0727,2.5144,2.3442,2.0505,3.0425
2.4339,2.45,2.4273,2.2266,2.5025,1.938,2.3549,2.1696,2.2088,2.0762,2.3426,2.2939,2.2573,2.7781,2.2999,2.233,2.4139,2.3533,2.0703,3.2235,2.0942,2.8993,2.3288,2.5181,2.471,3.0727,2.0664,2.2552,2.0505,3.0382
2.4339,2.3721,2.3847,2.2266,2.5025,1.9173,2.1605,2.1598,2.2088,2.0672,2.3426,2.2816,2.2573,2.4615,2.2999,2.233,2.2866,2.0628,2.0703,3.2235,2.0856,2.3457,2.2295,2.5181,2.2553,3.0727,2.0664,2.0274,2.0505,3.0382
2.4339,2.0821,2.3404,2.0129,2.189,1.8909,2.1605,2.1576,2.2088,2.0454,2.2619,2.2816,2.2531,2.4615,2.2999,2.233,2.2866,2.0628,2.0703,3.2235,2.0774,2.3385,2.015,2.5181,2.2553,3.0727,2.0664,2.0274,2.0505,3.0382
2.4339,2.0821,2.1045,1.9441,2.1655,1.8038,2.1175,1.811,2.2088,2.0454,2.1407,2.2056,2.2531,2.4615,2.2999,2.1097,2.2866,2.0628,2.0675,3.2235,2.076,2.2351,2.015,2.5181,2.2553,3.0727,2.0119,2.0274,2.0504,3.0382
2.3069,2.0813,1.9964,1.9441,2.0909,1.7826,2.1072,1.811,2.2088,1.989,2.1407,2.073,2.2531,2.4615,2.2999,2.1097,2.2866,2.0628,2.0675,3.2235,2.076,2.1794,2.015,2.1299,2.2553,3.0727,2.0119,2.0274,2.0255,2.5094
2.2076,2.0534,1.9964,1.9441,2.0909,1.7826,2.0505,1.811,2.2053,1.989,2.118,2.0426,2.2531,2.4615,2.187,2.1097,2.2866,2.0627,2.0472,3.2235,2.076,2.1794,2.015,2.1299,2.2401,3.0727,2.0119,2.0274,2.0255,2.5094
2.1293,2.0534,1.9964,1.9441,2.0909,1.7688,2.0327,1.811,2.2053,1.989,2.0751,2.0426,2.108,2.4615,2.187,2.1097,2.2866,2.062,2.0472,3.2235,2.076,2.0887,2.015,2.0158,2.2294,2.8749,2.0119,2.0274,2.0255,2.5094
2.1293,2.0534,1.9964,1.9441,2.0874,1.7688,2.0327,1.811,2.2053,1.989,1.9072,2.0426,2.108,2.4615,2.183,2.1097,2.2866,2.0549,1.9515,2.9562,2.0754,2.0219,2.015,2.0158,2.1913,2.8151,2.0119,2.0274,2.0255,2.5094
2.1278,2.0358,1.9964,1.9441,2.0874,1.7688,2.0327,1.811,2.2053,1.989,1.9072,2.0426,2.108,2.4615,2.1595,2.1097,2.2535,2.0493,1.9515,2.6694,2.0754,2.0219,2.015,2.0085,2.1891,2.4438,2.0119,2.0274,2.0255,2.4893
2.1278,1.9134,1.9964,1.9441,2.0874,1.7688,2.0244,1.811,2.2053,1.989,1.9072,2.0426,2.0978,2.4615,2.1595,2.1097,2.2535,2.0228,1.9515,2.6694,2.0754,2.0219,2.015,2.0085,2.1891,2.2151,2.0119,2.0274,2.0255,2.4893
2.1278,1.9134,1.9964,1.9441,2.086,1.7688,2.0152,1.811,2.2053,1.989,1.6427,2.0333,2.0978,2.4615,2.0715,2.1097,2.2523,2.0228,1.9515,2.6545,2.0754,2.0219,2.015,2.0085,2.1177,2.0447,2.0119,2.0274,2.0193,2.4893
2.1278,1.7957,1.9964,1.9441,2.0682,1.7688,2.0075,1.811,2.1882,1.989,1.6416,2.0333,2.0978,2.4615,2.0715,2.1097,2.1601,2.0228,1.9515,2.4885,2.0754,1.9016,1.9355,2.0085,2.1177,2.0231,2.0119,2.0274,2.0193,2.4017
2.1278,1.7957,1.9964,1.9441,2.0682,1.7688,2.0075,1.811,2.1882,1.989,1.6416,2.0333,2.0978,2.252,2.0715,2.1097,2.1601,2.0228,1.9515,2.4563,2.0754,1.9016,1.8601,2.0085,2.1177,1.8612,2.0119,2.0274,2.0193,2.3393
2.1278,1.7957,1.9964,1.9441,2.0682,1.7688,1.9766,1.811,2.1753,1.989,1.6416,2.0333,2.0978,2.1532,2.0715,2.1097,2.127,2.0228,1.9515,2.1195,2.0754,1.8912,1.8547,2.0085,2.1177,1.8612,2.0119,2.0274,2.0193,2.2728
2.1278,1.7957,1.9964,1.9441,2.0682,1.7688,1.8452,1.811,2.1753,1.989,1.6416,2.0333,2.0143,2.1532,2.0715,2.1097,2.0528,2.0228,1.9515,2.1195,2.0754,1.8912,1.8547,2.0085,2.1177,1.8612,1.9779,2.0274,2.0193,2.1071
2.1278,1.7957,1.9964,1.9441,2.0682,1.7688,1.8452,1.811,2.1753,1.989,1.6416,2.0333,2.0143,2.1532,2.0715,2.1097,2.0528,2.0228,1.9515,2.1195,2.0754,1.8912,1.8547,2.0085,2.1177,1.8612,1.9779,2.0274,2.0193,2.0701
2.1278,1.7957,1.9964,1.9441,2.0577,1.7688,1.8396,1.811,2.1753,1.989,1.6416,2.0333,2.0143,2.1262,2.0715,2.1097,2.0211,2.0228,1.9515,2.1195,2.0754,1.8912,1.8547,2.0085,2.1177,1.8612,1.9779,2.0274,2.0193,2.0298
2.1278,1.7957,1.9863,1.9441,2.0577,1.7688,1.8393,1.811,2.1544,1.989,1.6416,2.0333,2.0143,2.1024,2.0715,2.1097,2.0211,2.0228,1.9515,2.0805,2.0754,1.8472,1.7761,2.0085,2.0834,1.8612,1.9779,2.0274,1.8281,2.0298
2.1278,1.7957,1.9861,1.9441,2.0346,1.7688,1.795,1.811,2.1544,1.989,1.6416,1.8901,2.0143,2.0924,1.9825,2.1097,2.0211,2.0228,1.9515,2.0655,2.0754,1.8472,1.7761,2.0085,2.0834,1.8064,1.9779,2.0274,1.8281,2.0298
2.1278,1.7957,1.9354,1.9441,2.0346,1.7688,1.795,1.811,2.1544,1.989,1.6416,1.8901,2.0143,2.0924,1.9737,2.1097,2.0211,2.0228,1.9515,2.0655,2.0754,1.774,1.7526,2.008,2.0834,1.8064,1.9779,2.0274,1.8281,2.0298
2.1278,1.7957,1.9354,1.9441,2.0346,1.7688,1.795,1.811,2.1544,1.989,1.6416,1.8901,2.0143,2.0566,1.9737,2.1097,2.0211,2.0228,1.9484,2.0645,2.0754,1.774,1.7526,2.008,2.0834,1.8064,1.9779,2.0274,1.8279,2.0298
2.1278,1.7957,1.9354,1.9441,2.0346,1.7688,1.795,1.811,2.1544,1.989,1.6416,1.8901,2.0143,2.0566,1.9737,2.1097,2.0211,2.0228,1.9484,2.0645,2.0754,1.774,1.7001,2.008,2.0716,1.8064,1.9272,2.0274,1.8279,2.0298
2.1278,1.7957,1.9354,1.9441,2.0346,1.7688,1.795,1.811,2.1544,1.989,1.6416,1.8901,2.0143,2.0463,1.9737,2.1097,2.0211,2.0228,1.9484,2.0645,2.0754,1.7308,1.7001,2.008,2.0095,1.8064,1.9272,2.0274,1.8279,2.0298
2.1278,1.7957,1.9354,1.9441,2.0346,1.7688,1.7506,1.811,2.1544,1.989,1.6416,1.8745,2.0143,2.0459,1.9737,2.1097,1.9394,2.0228,1.9484,2.0603,2.0754,1.7139,1.7001,2.008,2.0095,1.8064,1.9272,2.0274,1.8279,2.0298
2.1278,1.7957,1.9354,1.9441,2.0346,1.7688,1.6947,1.811,2.1544,1.989,1.6416,1.8745,2.0047,2.0459,1.9737,2.1097,1.9204,2.0228,1.9484,1.99,2.0754,1.6438,1.7001,2.008,2.0095,1.8064,1.9272,2.0274,1.8279,2.0298
2.1278,1.7957,1.9354,1.9441,2.0346,1.7688,1.6947,1.811,2.1544,1.989,1.6416,1.8745,2.0047,1.9625,1.9737,2.1097,1.867,2.0228,1.943,1.9522,2.0754,1.5622,1.6824,2.008,2.009,1.8064,1.9272,2.0274,1.6703,2.0298
2.1278,1.7957,1.9354,1.9441,2.0346,1.7688,1.6947,1.811,2.1544,1.989,1.6416,1.8745,2.0047,1.9625,1.9737,2.1097,1.867,2.0228,1.9226,1.9522,2.0754,1.5622,1.6824,2.008,2.009,1.8064,1.9272,2.0274,1.6703,2.0298
2.1278,1.7957,1.9354,1.9441,2.0346,1.7688,1.6947,1.811,2.1544,1.989,1.6416,1.8745,2.0047,1.81,1.9737,2.1097,1.867,2.0228,1.9194,1.9522,2.0754,1.5455,1.6618,2.008,2.0075,1.8064,1.9272,2.0274,1.6703,2.0298
2.1278,1.7957,1.9354,1.9441,2.0346,1.7688,1.6947,1.811,2.1544,1.989,1.6416,1.8745,2.0047,1.81,1.9737,2.1082,1.867,2.0228,1.7541,1.9522,2.0754,1.5455,1.6353,2.008,2.0075,1.8064,1.919,2.0274,1.6703,2.0298
2.1278,1.7957,1.9354,1.9441,2.0346,1.6701,1.6903,1.811,2.1544,1.989,1.6416,1.7907,1.9796,1.81,1.9737,2.1082,1.8623,2.0228,1.7541,1.9522,2.0754,1.5028,1.6209,2.008,2.0075,1.8064,1.919,2.0274,1.6703,2.0298
2.1278,1.7957,1.9354,1.9013,2.0346,1.6701,1.6822,1.811,2.1544,1.989,1.6416,1.7907,1.9796,1.81,1.9737,2.1082,1.8614,2.0228,1.7541,1.9398,2.0754,1.5018,1.6208,2.008,2.0075,1.8064,1.919,2.0274,1.6703,2.0298
2.1278,1.7957,1.9354,1.9013,2.0346,1.6686,1.682,1.811,2.1544,1.989,1.6416,1.7907,1.9796,1.81,1.9737,2.1082,1.8614,2.0228,1.7541,1.9398,2.0754,1.5016,1.6208,1.9357,2.007,1.8064,1.8909,2.0274,1.6703,2.0298
2.1278,1.7957,1.9354,1.9013,2.0346,1.6686,1.6798,1.811,2.1544,1.989,1.6416,1.7907,1.9796,1.772,1.9737,2.1082,1.8613,2.0228,1.7429,1.9398,2.0754,1.501,1.6208,1.9357,2.0044,1.8064,1.8909,2.0274,1.6703,2.0298
2.1278,1.7957,1.9354,1.9013,2.0346,1.6577,1.6794,1.811,2.1544,1.989,1.6416,1.7907,1.9378,1.7545,1.9737,2.1082,1.819,2.0228,1.7429,1.8795,2.0754,1.501,1.6208,1.9357,2.0044,1.8064,1.8909,2.0274,1.6703,2.0298
2.1278,1.7957,1.9354,1.8203,2.0346,1.6577,1.6794,1.811,2.1544,1.989,1.6416,1.7894,1.9378,1.75,1.9737,2.1082,1.8188,2.0228,1.7429,1.8737,2.0754,1.501,1.591,1.9357,2.0044,1.8064,1.8909,2.0274,1.6703,2.0298
2.1278,1.7957,1.9354,1.8203,2.0346,1.6577,1.6794,1.811,2.1544,1.989,1.6416,1.7582,1.9378,1.75,1.9737,2.1082,1.816,2.0228,1.7429,1.8737,2.0754,1.501,1.5577,1.9357,2.0025,1.8064,1.8908,2.0274,1.6703,2.0298
2.1278,1.7957,1.9354,1.8203,2.0346,1.6577,1.6794,1.811,2.1544,1.989,1.6416,1.7582,1.9378,1.722,1.9737,2.1082,1.816,2.0228,1.7429,1.8713,2.0754,1.501,1.5572,1.9357,2.0025,1.8064,1.8858,2.0274,1.6703,2.0298
2.1278,1.7957,1.9354,1.8203,2.0346,1.6577,1.6794,1.811,2.1544,1.989,1.6416,1.7563,1.9378,1.7066,1.9737,2.1082,1.816,2.0228,1.7321,1.8604,2.0754,1.4927,1.5572,1.9357,1.9865,1.8064,1.8727,2.0274,1.6703,2.0298
2.1278,1.7957,1.9354,1.8203,2.0346,1.6577,1.6145,1.811,2.1544,1.989,1.6416,1.7131,1.9378,1.7012,1.9737,2.0816,1.816,2.0228,1.7321,1.8496,2.0754,1.4927,1.5486,1.9357,1.9865,1.8064,1.8727,2.0176,1.6703,2.0298
2.1278,1.7957,1.9354,1.8203,2.0346,1.631,1.6145,1.811,2.1544,1.989,1.6416,1.7131,1.895,1.7007,1.9737,2.0816,1.816,2.0228,1.6814,1.8496,2.0754,1.4694,1.5486,1.9357,1.9865,1.8064,1.8727,2.0176,1.6703,2.0298
2.1278,1.7957,1.9354,1.8203,2.0346,1.631,1.6145,1.811,2.1544,1.989,1.6416,1.7131,1.895,1.6957,1.9737,2.0816,1.816,2.0228,1.6544,1.8496,2.0754,1.4694,1.5486,1.9357,1.9865,1.8064,1.8727,2.0176,1.6703,2.0298
2.1278,1.7957,1.9114,1.8203,2.0346,1.631,1.6082,1.811,2.1544,1.989,1.6416,1.7131,1.895,1.5748,1.9737,2.0816,1.816,2.0228,1.6453,1.8011,2.0754,1.4694,1.5486,1.9357,1.9865,1.8064,1.8727,2.0176,1.6703,2.0298
2.1278,1.7957,1.9114,1.8203,2.0346,1.631,1.6082,1.811,2.1544,1.989,1.6416,1.7131,1.895,1.5748,1.9737,2.0424,1.8119,2.0228,1.6453,1.8011,2.0754,1.4694,1.5379,1.9357,1.9865,1.8064,1.8727,2.0176,1.6703,2.0298
2.1278,1.7957,1.9114,1.8203,2.0346,1.631,1.6082,1.811,2.1544,1.989,1.6416,1.6734,1.8838,1.5748,1.9737,1.9952,1.8119,2.0228,1.6285,1.8009,2.0754,1.4542,1.5379,1.9357,1.9865,1.8064,1.8389,2.0176,1.6703,1.9892
2.1278,1.7957,1.9114,1.8203,2.0346,1.631,1.6082,1.811,2.1544,1.989,1.6416,1.6734,1.8838,1.5748,1.9737,1.9802,1.8119,2.0228,1.6285,1.8009,2.0754,1.4542,1.5372,1.9357,1.9865,1.8064,1.8389,2.0176,1.6703,1.9892
2.1278,1.7957,1.9111,1.8203,2.0346,1.5261,1.6082,1.811,2.1544,1.989,1.6416,1.5995,1.8838,1.5748,1.9737,1.9802,1.7963,2.0228,1.5305,1.8009,2.0754,1.4461,1.5337,1.9357,1.9865,1.8064,1.8389,2.0176,1.6703,1.9878
2.1278,1.7957,1.911,1.8203,2.0346,1.5261,1.5967,1.811,2.1544,1.989,1.6416,1.5995,1.8838,1.5345,1.9737,1.9802,1.7963,2.0228,1.5283,1.8009,2.0754,1.4461,1.5337,1.9357,1.9865,1.8064,1.8389,2.0176,1.6703,1.9878
2.1278,1.7957,1.911,1.8203,2.0346,1.4914,1.5894,1.811,2.1544,1.989,1.6416,1.5995,1.8838,1.5345,1.9737,1.9802,1.7759,2.0228,1.5181,1.8009,2.0754,1.4338,1.5337,1.9357,1.9756,1.8064,1.8243,2.0176,1.6703,1.9878
2.1278,1.7957,1.9097,1.8203,2.0346,1.4914,1.5782,1.811,2.1544,1.989,1.6416,1.5995,1.8838,1.5345,1.9737,1.9797,1.7759,2.0228,1.5181,1.8009,2.0754,1.4338,1.5337,1.9357,1.9738,1.8064,1.8243,2.0176,1.6703,1.9878
2.1278,1.7957,1.9095,1.8203,2.0346,1.4914,1.5694,1.811,2.1544,1.989,1.6416,1.5995,1.8838,1.5345,1.9737,1.9695,1.7759,2.0228,1.5181,1.8009,2.0754,1.377,1.5337,1.9357,1.9738,1.8064,1.8243,2.0176,1.6703,1.9878
2.1278,1.7957,1.9082,1.8046,2.0346,1.4914,1.5527,1.811,2.1544,1.989,1.6416,1.5995,1.8838,1.5345,1.9737,1.9677,1.7759,2.0228,1.5181,1.8009,2.0754,1.3682,1.5337,1.9357,1.9738,1.8064,1.8117,2.0176,1.6531,1.9878
2.1278,1.7957,1.8936,1.8046,2.0346,1.4914,1.5513,1.811,2.1544,1.989,1.6416,1.5995,1.8838,1.5345,1.9737,1.9666,1.7759,2.0228,1.5181,1.8009,2.0754,1.3682,1.5325,1.9357,1.9738,1.8064,1.8117,2.0176,1.6531,1.9878
2.1278,1.7915,1.8936,1.8046,2.016,1.4914,1.5438,1.811,2.1544,1.989,1.6416,1.5995,1.8838,1.486,1.9737,1.9666,1.7759,2.0228,1.5181,1.7985,2.0754,1.3682,1.5325,1.9357,1.9738,1.8064,1.8117,2.0176,1.6531,1.9878
2.1278,1.7915,1.8936,1.8046,2.016,1.4914,1.5438,1.811,2.1544,1.989,1.6416,1.5995,1.8838,1.486,1.9737,1.9666,1.7759,2.0228,1.5181,1.7985,2.0754,1.3682,1.5325,1.9357,1.9738,1.8064,1.8117,2.0176,1.6531,1.9878
2.1278,1.6302,1.8813,1.8046,2.016,1.4914,1.5438,1.811,2.1544,1.989,1.6416,1.5995,1.8838,1.3536,1.9737,1.9666,1.7759,2.0228,1.5181,1.7985,2.0754,1.3682,1.5325,1.9357,1.9738,1.8064,1.8117,2.0176,1.6531,1.9878
2.1278,1.6302,1.8813,1.8046,2.016,1.4914,1.5438,1.811,2.1544,1.989,1.6416,1.5995,1.8838,1.3445,1.9737,1.9594,1.7759,2.0228,1.5181,1.7985,2.0754,1.3682,1.5284,1.9357,1.9738,1.8064,1.8117,2.0176,1.6524,1.9878
2.1278,1.6302,1.8813,1.8046,2.016,1.4914,1.5438,1.811,2.1544,1.989,1.6416,1.5995,1.8838,1.3445,1.9737,1.9594,1.7759,2.0228,1.5181,1.7979,2.0754,1.3572,1.5279,1.9357,1.9738,1.8064,1.8117,2.0176,1.6483,1.9878
2.1278,1.6302,1.8813,1.8046,2.016,1.4914,1.5438,1.811,2.1544,1.989,1.6416,1.5995,1.8838,1.3445,1.9737,1.9594,1.7759,2.0228,1.509,1.7888,2.0754,1.3572,1.5269,1.9357,1.9738,1.8064,1.8117,2.0176,1.6483,1.9878
2.1278,1.5516,1.8813,1.8046,2.016,1.4914,1.5438,1.811,2.1544,1.989,1.6416,1.5995,1.8838,1.2759,1.9737,1.9594,1.7759,2.0228,1.506,1.7771,2.0754,1.3425,1.5263,1.9357,1.9738,1.8064,1.8117,2.0176,1.6476,1.9878
2.1278,1.5516,1.8813,1.8046,2.0139,1.4914,1.5438,1.811,2.1544,1.989,1.6416,1.5995,1.8838,1.2758,1.9737,1.9594,1.7759,2.0228,1.5044,1.7644,2.0754,1.3425,1.5263,1.9357,1.9738,1.8064,1.8117,2.0176,1.6426,1.9334
2.1278,1.5516,1.8813,1.8046,2.0139,1.4914,1.5438,1.811,2.1544,1.955,1.6416,1.5995,1.8837,1.2758,1.9737,1.9594,1.7759,2.0228,1.5,1.7644,2.0754,1.3031,1.5246,1.9357,1.9738,1.8064,1.8117,2.0176,1.6426,1.9308
2.1278,1.5516,1.8813,1.8046,2.0139,1.4914,1.5411,1.811,2.1544,1.955,1.6416,1.5995,1.8733,1.2758,1.9737,1.9594,1.7759,2.0228,1.5,1.7644,2.0754,1.3031,1.5246,1.9357,1.9738,1.8064,1.8117,2.0176,1.6425,1.9308
2.1149,1.5457,1.8813,1.8046,2.0139,1.4914,1.5411,1.811,2.1544,1.955,1.6416,1.5995,1.8733,1.2758,1.9737,1.8767,1.7759,2.0228,1.4974,1.7333,2.0754,1.3012,1.5229,1.9357,1.9738,1.8064,1.8117,2.0176,1.6425,1.8439
2.1149,1.5447,1.8813,1.8046,2.0139,1.4914,1.5409,1.811,2.1544,1.9422,1.6416,1.5995,1.8733,1.2758,1.9737,1.8767,1.7759,2.0228,1.4871,1.7333,2.0754,1.3012,1.5163,1.9357,1.9738,1.8064,1.8117,2.0176,1.6425,1.8388
2.1149,1.5447,1.8813,1.8046,1.9381,1.4914,1.5375,1.811,2.1544,1.9422,1.6416,1.5995,1.8733,1.2758,1.9737,1.8767,1.7663,2.0228,1.4871,1.7333,2.0754,1.2973,1.5161,1.9357,1.9738,1.8064,1.7881,2.0176,1.6404,1.8388
2.1149,1.5135,1.8813,1.8046,1.9381,1.4914,1.5326,1.811,2.1544,1.9422,1.6416,1.5995,1.8733,1.2758,1.9737,1.8767,1.7663,2.0228,1.4871,1.7319,2.0754,1.2973,1.5138,1.9357,1.9738,1.8033,1.7881,2.0176,1.6228,1.8264
2.1149,1.5135,1.8622,1.8046,1.9381,1.4914,1.5326,1.811,2.1544,1.9422,1.6416,1.5995,1.8733,1.2758,1.9737,1.8767,1.7663,2.0228,1.4865,1.7232,2.0754,1.2973,1.5138,1.911,1.9738,1.8033,1.7881,2.0176,1.6228,1.8185
2.1149,1.4908,1.8618,1.7937,1.9381,1.4914,1.5326,1.7721,2.1544,1.9422,1.6416,1.5995,1.8733,1.2758,1.9737,1.8767,1.7663,2.0228,1.4865,1.7232,2.0754,1.2254,1.5097,1.911,1.9738,1.8033,1.7881,2.0176,1.6228,1.8179
2.1149,1.4908,1.8617,1.7937,1.9025,1.4914,1.5326,1.7721,2.1544,1.9422,1.6416,1.5995,1.8733,1.2758,1.9737,1.8767,1.7663,2.0228,1.4865,1.7177,2.0754,1.2254,1.5071,1.8926,1.9738,1.8033,1.7881,2.0176,1.6228,1.8179
2.1149,1.4908,1.8533,1.7937,1.9025,1.4914,1.5326,1.7721,2.1544,1.9422,1.6416,1.5995,1.8733,1.2758,1.9737,1.8767,1.7663,2.0228,1.4865,1.7175,2.0754,1.2254,1.5071,1.8926,1.9738,1.8033,1.7881,2.0176,1.6228,1.8129
2.1149,1.4908,1.8533,1.7937,1.9017,1.4914,1.5326,1.7721,2.1544,1.9422,1.6416,1.5995,1.8733,1.2271,1.9737,1.8767,1.7663,2.0228,1.4865,1.7171,2.0754,1.2254,1.5067,1.8926,1.9738,1.8033,1.7881,2.0176,1.6228,1.8096
2.1149,1.348,1.8477,1.7937,1.8923,1.4914,1.5232,1.7721,2.1544,1.9422,1.6416,1.5995,1.8733,1.2271,1.9737,1.8767,1.7663,2.0228,1.4865,1.6679,2.0754,1.2254,1.5029,1.8926,1.9738,1.8033,1.7881,2.0176,1.6213,1.8096
2.1149,1.3478,1.8477,1.7937,1.8923,1.4914,1.5026,1.7721,2.1544,1.9275,1.6416,1.5995,1.8733,1.2271,1.95,1.8767,1.7663,2.0228,1.4843,1.6679,2.0754,1.2254,1.5017,1.8926,1.9738,1.8033,1.767,2.0176,1.6213,1.8048
2.1149,1.3029,1.8477,1.7937,1.8815,1.4914,1.5026,1.7721,2.1544,1.9115,1.6416,1.473,1.8733,1.1418,1.95,1.8767,1.7663,2.0228,1.4843,1.6679,2.0754,1.2254,1.4995,1.8926,1.9738,1.8033,1.767,2.0176,1.6213,1.797
2.1149,1.3029,1.7662,1.7937,1.8815,1.4914,1.4775,1.7721,2.1544,1.9115,1.6416,1.473,1.8733,1.1316,1.95,1.8767,1.7663,2.0228,1.4843,1.6679,2.0754,1.2254,1.4995,1.8926,1.9731,1.8033,1.7547,2.0176,1.4661,1.7957
2.1149,1.2945,1.7662,1.7778,1.8815,1.4914,1.4762,1.7721,2.1544,1.9115,1.6416,1.473,1.8733,1.1312,1.95,1.8767,1.7663,2.0228,1.4843,1.6679,2.0754,1.2254,1.4976,1.8926,1.9731,1.8033,1.7541,2.0176,1.4661,1.7957
2.1149,1.1873,1.7662,1.7778,1.8815,1.4761,1.4762,1.7721,2.1544,1.9115,1.6416,1.473,1.8733,1.096,1.95,1.8767,1.7663,2.0228,1.4779,1.6408,2.0754,1.2209,1.4976,1.8926,1.9697,1.8033,1.7541,2.0176,1.4661,1.7957
2.1149,1.1873,1.7662,1.7778,1.8787,1.4761,1.4762,1.7721,2.1544,1.9115,1.6416,1.473,1.8733,1.0763,1.95,1.8767,1.7663,2.0228,1.4766,1.6408,2.0754,1.2209,1.4963,1.8926,1.9504,1.8033,1.7469,2.0176,1.4661,1.7957
2.1149,1.1873,1.7295,1.7778,1.8774,1.4761,1.4762,1.7721,2.1544,1.9115,1.6416,1.473,1.8733,1.0763,1.9238,1.8767,1.7663,2.0228,1.4734,1.6408,2.0208,1.1789,1.4963,1.8926,1.9504,1.8033,1.7399,2.0176,1.4661,1.7957
2.1149,1.1873,1.7295,1.7778,1.8774,1.4744,1.4762,1.7721,2.1352,1.9115,1.6416,1.473,1.8733,1.0763,1.9196,1.8767,1.7391,2.0228,1.4717,1.6258,2.0208,1.1789,1.4963,1.8926,1.9504,1.8033,1.731,2.0176,1.4661,1.7957
2.1149,1.1873,1.7295,1.7778,1.8669,1.4744,1.4762,1.7721,2.1352,1.9115,1.6416,1.473,1.8722,1.0725,1.9196,1.8767,1.7391,2.0228,1.4717,1.5995,2.0208,1.1789,1.4941,1.8926,1.9504,1.8033,1.7253,2.0176,1.4661,1.7946
2.1149,1.1873,1.7295,1.7778,1.8658,1.4744,1.4288,1.7721,2.1352,1.9115,1.6416,1.473,1.8722,1.0725,1.9196,1.8767,1.7391,2.0228,1.4716,1.5973,2.0208,1.1789,1.4109,1.8926,1.9504,1.8033,1.7253,2.0176,1.4661,1.7909
2.1149,1.1873,1.7295,1.7778,1.8496,1.4744,1.4288,1.7721,2.1352,1.9115,1.6416,1.473,1.8722,1.0725,1.8819,1.8767,1.7391,2.0228,1.4716,1.5973,2.0208,1.1568,1.4109,1.8926,1.9504,1.8033,1.7253,2.0176,1.4661,1.7909
2.1149,1.1873,1.7058,1.7778,1.8496,1.4744,1.4288,1.7721,2.1352,1.9115,1.6416,1.473,1.8722,1.0725,1.8819,1.8767,1.7391,2.0228,1.4648,1.5824,2.0208,1.1568,1.4086,1.8926,1.9504,1.8033,1.7253,2.0176,1.4661,1.7818
2.1149,1.1873,1.7058,1.7778,1.8496,1.4744,1.4288,1.7721,2.1352,1.9115,1.6416,1.3258,1.8722,1.0603,1.8819,1.8767,1.7391,2.0228,1.4648,1.5421,2.0208,1.15,1.4072,1.8926,1.9504,1.8033,1.7253,2.0176,1.4661,1.7818
2.1149,1.1873,1.7058,1.7722,1.8413,1.4744,1.4288,1.7721,2.1352,1.9115,1.6416,1.3258,1.8709,1.0603,1.8819,1.8767,1.7391,2.0228,1.4648,1.5421,1.9349,1.15,1.4072,1.8812,1.9504,1.8033,1.7253,2.0176,1.4661,1.7818
2.1131,1.1873,1.7058,1.7722,1.8183,1.4744,1.4288,1.7721,2.1352,1.9115,1.6416,1.3258,1.868,1.0603,1.8819,1.8767,1.7391,2.0228,1.457,1.5044,1.9319,1.1433,1.4072,1.8812,1.9504,1.8033,1.7253,2.0176,1.4661,1.7089
2.1131,1.1873,1.7058,1.7722,1.8183,1.4744,1.4288,1.7721,2.1352,1.9115,1.6416,1.2197,1.868,1.0603,1.8819,1.8767,1.7391,2.0228,1.4563,1.5044,1.9317,1.1368,1.4054,1.8812,1.9504,1.8033,1.7253,2.0176,1.4661,1.7019
2.1131,1.1873,1.7058,1.7705,1.8176,1.4744,1.4288,1.7721,2.1352,1.9115,1.6416,1.2128,1.868,1.0603,1.7556,1.8767,1.7391,2.0228,1.4563,1.5044,1.9304,1.1368,1.4053,1.8812,1.9504,1.8033,1.7099,2.0176,1.4661,1.7019
2.0131,1.1873,1.7058,1.7535,1.7993,1.4744,1.4288,1.7721,2.1352,1.9115,1.6416,1.1803,1.862,1.0603,1.7538,1.8767,1.7391,2.0228,1.4509,1.5044,1.9304,1.1368,1.4053,1.8812,1.9495,1.8033,1.7099,2.0176,1.4661,1.7019
2.0131,1.1873,1.7058,1.727,1.7993,1.4744,1.4288,1.7721,2.1352,1.9115,1.6416,1.1803,1.8576,1.0603,1.7538,1.8767,1.7391,2.0228,1.4494,1.4689,1.9304,1.1368,1.4022,1.8812,1.9495,1.8033,1.7099,2.0176,1.4661,1.7019
2.0131,1.1873,1.7058,1.727,1.7993,1.4744,1.4288,1.7721,2.1352,1.9115,1.6416,1.1242,1.8576,1.0603,1.7538,1.8767,1.7391,2.0228,1.4494,1.4689,1.9304,1.1368,1.4,1.8812,1.9301,1.8033,1.6806,2.0176,1.4661,1.7019
2.0131,1.1873,1.7058,1.727,1.7993,1.4744,1.4288,1.7721,2.1352,1.9115,1.6416,1.1242,1.8576,1.0603,1.7533,1.8767,1.7391,2.0228,1.4494,1.4344,1.9304,1.1368,1.4,1.8812,1.9297,1.8033,1.6806,2.0176,1.4661,1.7019
2.0131,1.1662,1.7058,1.727,1.7993,1.4744,1.4288,1.7721,2.1352,1.9115,1.6416,1.1242,1.8532,1.0568,1.6682,1.8767,1.7391,2.0228,1.4494,1.4344,1.9249,1.1368,1.3988,1.8812,1.924,1.8033,1.676,2.0176,1.4661,1.7019
2.0131,1.1618,1.7058,1.727,1.7871,1.4744,1.4288,1.7529,2.1352,1.9115,1.6416,1.115,1.8237,1.0558,1.5773,1.8767,1.7391,2.0228,1.4494,1.4344,1.9212,1.1334,1.3949,1.8812,1.924,1.8033,1.672,2.0176,1.4661,1.692
2.0131,1.1337,1.7058,1.727,1.7846,1.4744,1.4288,1.7529,2.0268,1.909,1.6416,1.115,1.8237,1.0558,1.5561,1.8767,1.7391,2.0228,1.4494,1.4344,1.9212,1.1229,1.3944,1.8812,1.9224,1.8033,1.672,2.0176,1.4661,1.692
2.0131,1.1337,1.7058,1.727,1.7566,1.4744,1.4288,1.7529,2.0268,1.909,1.6397,1.1141,1.8237,1.0549,1.5284,1.8767,1.7391,2.0228,1.449,1.4344,1.9212,1.1109,1.3935,1.8812,1.9204,1.8033,1.672,2.0176,1.4661,1.692
2.0131,1.1337,1.7016,1.727,1.7184,1.4744,1.4288,1.7529,1.9513,1.909,1.6323,1.1011,1.8237,1.0549,1.5284,1.8767,1.7373,2.0228,1.449,1.4344,1.9212,1.1108,1.3723,1.8812,1.9204,1.8033,1.672,2.0176,1.4661,1.692
2.0131,1.1337,1.7016,1.727,1.7184,1.4648,1.4288,1.7529,1.9513,1.909,1.6323,1.0805,1.8237,1.0549,1.5284,1.8767,1.7325,2.0228,1.4486,1.4344,1.9148,1.0884,1.3723,1.8812,1.9204,1.8033,1.6084,2.0176,1.4661,1.6816
2.0131,1.0462,1.7016,1.727,1.7184,1.4289,1.4288,1.7529,1.9512,1.9073,1.6323,1.0805,1.8237,1.0549,1.5284,1.8767,1.7264,2.0228,1.4467,1.4344,1.9148,1.0872,1.3692,1.8812,1.9168,1.803,1.6084,2.0176,1.4661,1.6788
2.0131,1.0462,1.7016,1.727,1.7158,1.4289,1.4288,1.7529,1.9512,1.8985,1.6323,1.0805,1.8237,1.0549,1.5284,1.8767,1.7191,2.0228,1.4467,1.4344,1.9148,1.0867,1.3591,1.8812,1.9168,1.803,1.6084,2.0176,1.4661,1.6788
2.0131,1.0462,1.7016,1.727,1.7158,1.4289,1.4288,1.7512,1.9512,1.8985,1.6287,1.0805,1.8237,1.0549,1.5284,1.8767,1.7191,2.0228,1.4459,1.4344,1.9148,1.0842,1.3591,1.8812,1.9168,1.7968,1.6084,2.0077,1.4661,1.6788
2.0131,1.0462,1.661,1.727,1.7158,1.418,1.3918,1.7294,1.9512,1.8985,1.6287,1.0805,1.8237,1.0549,1.5284,1.8767,1.7171,2.0228,1.4459,1.4344,1.9148,1.0831,1.3591,1.8812,1.9027,1.7968,1.6084,2.0051,1.4661,1.6296
2.0131,1.0396,1.6579,1.727,1.7158,1.418,1.391,1.7294,1.9377,1.8731,1.6287,1.0805,1.8237,1.0549,1.5284,1.8767,1.7171,2.0228,1.4457,1.4344,1.714,1.0831,1.359,1.8812,1.9027,1.7968,1.6084,2.0051,1.4661,1.6296
2.0131,1.039,1.6494,1.727,1.7023,1.418,1.391,1.7294,1.9377,1.8731,1.6287,1.0768,1.8237,1.0441,1.5284,1.8767,1.7171,2.0228,1.4457,1.4219,1.7137,1.0681,1.359,1.8812,1.9027,1.7968,1.6084,2.0051,1.4661,1.6296
1.9986,1.0266,1.6494,1.727,1.6948,1.418,1.3761,1.7294,1.9377,1.8731,1.6287,1.0768,1.8237,1.0441,1.5284,1.8767,1.7162,2.0228,1.4446,1.4209,1.6567,1.0681,1.359,1.8812,1.9027,1.7968,1.6084,2.0051,1.4661,1.6296
1.9986,1.0266,1.6396,1.727,1.6799,1.418,1.3761,1.7294,1.9377,1.8731,1.6287,1.06,1.8237,1.0441,1.5284,1.8767,1.7099,2.0228,1.4445,1.4081,1.6567,1.067,1.359,1.8812,1.8983,1.7968,1.6084,1.9687,1.4661,1.6262
1.9801,1.0189,1.6294,1.727,1.6362,1.418,1.3761,1.7294,1.9377,1.8731,1.6287,1.0567,1.8237,1.0441,1.5284,1.8767,1.7057,2.0228,1.4442,1.4081,1.6567,1.067,1.359,1.8812,1.8983,1.7897,1.6084,1.9687,1.4661,1.6262
1.9801,1.0189,1.6294,1.727,1.6329,1.418,1.3761,1.7294,1.927,1.8731,1.6287,1.0567,1.8237,1.0441,1.5284,1.8767,1.7057,2.0228,1.4442,1.4081,1.6567,1.0504,1.359,1.8812,1.8983,1.7897,1.6084,1.9687,1.4661,1.6262
1.9801,1.0189,1.6068,1.727,1.6329,1.418,1.3649,1.7294,1.927,1.8731,1.6287,1.0567,1.8237,1.0441,1.5284,1.8767,1.7057,2.0228,1.4441,1.4081,1.6567,1.0369,1.3512,1.8812,1.8983,1.7897,1.6084,1.9687,1.4661,1.6201
1.9801,1.0189,1.5681,1.727,1.6013,1.418,1.3543,1.7294,1.927,1.8731,1.6287,1.0567,1.8237,1.0441,1.5284,1.8767,1.6877,2.0228,1.4441,1.4081,1.6567,1.0369,1.3512,1.8812,1.8983,1.7897,1.6084,1.9687,1.457,1.6037
1.9801,1.0189,1.5681,1.727,1.6013,1.418,1.3543,1.7294,1.927,1.8731,1.6287,1.0567,1.8237,1.0441,1.486,1.8767,1.6877,2.0154,1.4441,1.4081,1.6567,1.0369,1.3512,1.8812,1.8983,1.7897,1.6084,1.9687,1.457,1.6037
1.9801,1.0189,1.5681,1.727,1.6013,1.418,1.3543,1.7294,1.927,1.872,1.6287,1.0567,1.8237,1.0441,1.486,1.8767,1.6742,2.0154,1.4441,1.4081,1.6567,1.0369,1.3512,1.8812,1.8983,1.7897,1.6084,1.9687,1.457,1.5999
1.9016,1.0189,1.5681,1.727,1.5986,1.418,1.3543,1.7294,1.927,1.872,1.6287,1.0567,1.8237,1.0441,1.486,1.8767,1.6742,2.0154,1.444,1.4081,1.5676,1.0369,1.3512,1.8775,1.8983,1.7833,1.6084,1.9687,1.457,1.5999
1.9016,1.0189,1.5681,1.727,1.5986,1.418,1.3543,1.7294,1.927,1.872,1.6287,1.0567,1.8237,1.0441,1.486,1.8767,1.6742,2.0154,1.444,1.4081,1.5676,1.023,1.3512,1.8688,1.8804,1.7833,1.6008,1.9687,1.457,1.5936
1.8848,1.0189,1.5681,1.727,1.5891,1.418,1.3477,1.7294,1.927,1.872,1.6287,1.0567,1.8237,1.0441,1.486,1.8767,1.6742,2.0154,1.444,1.4081,1.5676,1.023,1.3512,1.8688,1.8619,1.7504,1.5853,1.9687,1.457,1.5917
1.8848,1.0189,1.5681,1.727,1.5891,1.418,1.3469,1.7294,1.927,1.872,1.6287,1.0567,1.8237,1.0441,1.486,1.8767,1.6742,2.0154,1.444,1.4001,1.5676,1.023,1.3511,1.8688,1.8619,1.7462,1.5705,1.9687,1.457,1.5624
1.8848,1.0189,1.5681,1.727,1.5799,1.418,1.3466,1.7294,1.927,1.872,1.6287,1.0567,1.8237,1.0441,1.486,1.8767,1.6716,2.0154,1.444,1.396,1.5676,1.023,1.3509,1.8688,1.8604,1.7462,1.5705,1.8729,1.457,1.5624
1.8848,1.0189,1.5681,1.727,1.5617,1.4174,1.3466,1.7294,1.9268,1.872,1.6274,1.0567,1.8237,1.0441,1.486,1.8767,1.6656,2.0154,1.444,1.3509,1.5676,1.023,1.3454,1.8688,1.8604,1.7276,1.5705,1.8729,1.457,1.5624
1.8714,1.0189,1.5681,1.727,1.5617,1.4174,1.3466,1.7294,1.9268,1.872,1.6273,1.0567,1.8237,1.0441,1.486,1.8767,1.6656,2.0154,1.4439,1.3509,1.5676,1.0141,1.3448,1.8688,1.8604,1.7276,1.5695,1.8729,1.4025,1.5624
1.8714,1.0189,1.5681,1.727,1.5459,1.4174,1.3268,1.7294,1.9268,1.872,1.6273,1.0567,1.8237,1.044,1.486,1.8767,1.6656,2.0154,1.4439,1.3509,1.4575,1.0141,1.3432,1.8688,1.8604,1.7276,1.5695,1.8729,1.4025,1.5563
1.8714,1.0013,1.5681,1.727,1.5326,1.3999,1.3268,1.7294,1.9118,1.872,1.6273,1.0567,1.8237,1.044,1.486,1.8767,1.6656,2.0154,1.4439,1.3509,1.4575,1.0141,1.3429,1.8688,1.8604,1.7276,1.5695,1.8729,1.4025,1.5563
1.8565,0.99344,1.5681,1.727,1.5259,1.3974,1.3268,1.7294,1.9118,1.872,1.6273,1.0567,1.8237,1.044,1.486,1.8767,1.6656,2.0154,1.4439,1.3509,1.4575,1.0141,1.3371,1.8688,1.8604,1.7276,1.5695,1.8729,1.4025,1.5229
1.8394,0.98483,1.5681,1.727,1.5192,1.3974,1.3268,1.7294,1.9118,1.872,1.6273,1.0404,1.8237,1.0439,1.4736,1.8767,1.655,2.0124,1.4439,1.3509,1.4575,1.0141,1.3331,1.8688,1.8489,1.7276,1.5695,1.8729,1.4025,1.5201
1.8262,0.98483,1.5681,1.727,1.5187,1.3963,1.3268,1.7269,1.9118,1.872,1.6273,1.0404,1.8237,1.0439,1.4736,1.8767,1.654,2.0124,1.4439,1.3509,1.4518,1.0141,1.3331,1.8688,1.8336,1.7276,1.5695,1.8729,1.4025,1.5201
1.8262,0.98483,1.5681,1.727,1.5156,1.3954,1.3268,1.6721,1.9118,1.872,1.6272,1.0398,1.8237,1.0439,1.4736,1.8767,1.653,2.0124,1.4439,1.3509,1.4518,1.0141,1.3331,1.8688,1.7922,1.7276,1.5695,1.8729,1.4025,1.5047
1.8262,0.98483,1.5618,1.727,1.5056,1.3949,1.3268,1.6721,1.9118,1.872,1.6272,1.0398,1.8237,1.036,1.4736,1.8767,1.653,2.0124,1.4439,1.3509,1.4518,0.99012,1.3331,1.8688,1.7922,1.7276,1.5695,1.8729,1.4025,1.5047
1.8262,0.98483,1.5602,1.727,1.4808,1.3877,1.3268,1.6685,1.9118,1.872,1.6272,1.0398,1.8237,1.036,1.4736,1.8767,1.6498,2.0113,1.4438,1.3509,1.4518,0.99012,1.3331,1.8688,1.7922,1.7276,1.5695,1.8729,1.4025,1.5047
1.8262,0.98483,1.5501,1.727,1.4668,1.3877,1.3268,1.642,1.9118,1.872,1.6272,1.0368,1.8201,1.036,1.4736,1.8767,1.6464,2.0113,1.4438,1.3315,1.4435,0.99012,1.3331,1.8688,1.7922,1.7276,1.5695,1.8729,1.4025,1.502
1.8111,0.98483,1.5301,1.727,1.4668,1.3785,1.3268,1.6373,1.9118,1.872,1.6269,1.032,1.8201,1.036,1.4723,1.8767,1.6464,2.0113,1.4437,1.3315,1.4384,0.98973,1.3286,1.8688,1.7823,1.7276,1.5695,1.8729,1.4025,1.5018
1.8102,0.98483,1.5192,1.727,1.4668,1.3785,1.3268,1.5739,1.9118,1.872,1.6266,1.032,1.7942,1.036,1.4706,1.8767,1.6464,2.0113,1.4437,1.3315,1.4375,0.98973,1.3286,1.8688,1.7769,1.7276,1.5695,1.8729,1.4025,1.4964
1.7918,0.98483,1.5192,1.7254,1.4668,1.3769,1.3268,1.5738,1.906,1.872,1.6266,1.032,1.7942,1.036,1.4653,1.8767,1.6375,2.0113,1.4437,1.3315,1.4375,0.98973,1.3275,1.8688,1.6967,1.7276,1.5646,1.8729,1.4025,1.4862
1.7918,0.98483,1.5123,1.7254,1.4668,1.3769,1.3268,1.5736,1.906,1.872,1.6266,1.032,1.7942,1.036,1.4537,1.8767,1.6335,2.0113,1.4437,1.3315,1.4375,0.98973,1.3264,1.8688,1.6907,1.7276,1.5646,1.8729,1.4025,1.4862
1.7635,0.98483,1.5123,1.7254,1.4242,1.3769,1.3268,1.5699,1.906,1.872,1.6266,1.032,1.7942,1.036,1.4513,1.8767,1.6335,2.0113,1.4437,1.3315,1.4375,0.98973,1.3263,1.8688,1.6907,1.7276,1.5646,1.8729,1.3849,1.4822
1.7635,0.98483,1.5123,1.7137,1.3986,1.3769,1.3268,1.5699,1.906,1.872,1.6266,1.032,1.7942,1.036,1.4513,1.8767,1.6335,2.0113,1.4437,1.3315,1.3278,0.98973,1.3231,1.8688,1.6907,1.7276,1.5646,1.8729,1.3838,1.4772
1.7635,0.98483,1.5123,1.7137,1.3986,1.3769,1.3268,1.5699,1.8831,1.872,1.6266,1.032,1.7942,1.036,1.4512,1.8767,1.6335,2.0113,1.4437,1.3228,1.3181,0.98973,1.3231,1.8688,1.6907,1.7276,1.5578,1.8729,1.3815,1.4772
1.7635,0.98483,1.4966,1.7137,1.3986,1.3768,1.3236,1.5699,1.8831,1.872,1.5059,1.032,1.7942,1.036,1.3521,1.8767,1.6335,2.0113,1.4437,1.3228,1.3181,0.98973,1.3227,1.8688,1.6907,1.7276,1.5356,1.8729,1.3815,1.4772
1.7635,0.98483,1.4966,1.7137,1.3917,1.3768,1.3236,1.5699,1.8831,1.872,1.5059,1.032,1.7942,1.036,1.3521,1.8767,1.6307,2.0098,1.4437,1.3228,1.3181,0.98973,1.3049,1.8688,1.6907,1.7276,1.494,1.8729,1.3815,1.4772
1.7635,0.98472,1.4966,1.7137,1.3917,1.3681,1.3236,1.5699,1.8831,1.872,1.5059,1.032,1.7942,1.036,1.3521,1.8767,1.6259,2.0098,1.4437,1.3141,1.3181,0.98973,1.3048,1.8688,1.6907,1.7276,1.494,1.8729,1.3815,1.4772
1.7568,0.98425,1.4885,1.7105,1.3914,1.3679,1.3236,1.566,1.8831,1.872,1.5059,1.032,1.7875,1.036,1.1944,1.8767,1.6259,2.0098,1.4437,1.2934,1.318,0.98973,1.3047,1.8688,1.6907,1.7276,1.494,1.8729,1.3798,1.4772
1.7568,0.97598,1.4855,1.7105,1.3914,1.3653,1.3236,1.566,1.8831,1.872,1.5059,1.032,1.7875,1.036,1.1937,1.8767,1.6259,2.0098,1.4435,1.2933,1.316,0.98973,1.3045,1.8688,1.5941,1.6732,1.494,1.8729,1.3798,1.4772
1.7568,0.97598,1.4704,1.7105,1.3827,1.3486,1.3236,1.566,1.8831,1.872,1.5059,1.032,1.7875,1.036,1.1937,1.8747,1.6259,2.0098,1.4434,1.2933,1.3125,0.98973,1.3045,1.8688,1.5941,1.6673,1.494,1.8729,1.3798,1.4772
1.7524,0.97598,1.4704,1.7079,1.3809,1.3486,1.3236,1.566,1.8831,1.872,1.5059,1.032,1.7875,1.036,1.1937,1.8747,1.6259,2.0098,1.4434,1.2933,1.2809,0.98973,1.3045,1.8688,1.5941,1.662,1.494,1.8729,1.3798,1.455
1.7499,0.97598,1.4625,1.7079,1.367,1.3486,1.3231,1.5272,1.8831,1.872,1.5059,1.032,1.7875,1.0348,1.1937,1.8747,1.6259,2.0098,1.4434,1.2888,1.2312,0.98973,1.3045,1.8688,1.5941,1.662,1.494,1.8729,1.3798,1.455
1.6849,0.97598,1.4607,1.7079,1.3652,1.3486,1.3168,1.5272,1.8831,1.872,1.5059,1.032,1.7875,1.0348,1.1937,1.8747,1.6259,2.0098,1.4431,1.2888,1.2312,0.98973,1.2983,1.8688,1.5941,1.662,1.494,1.8729,1.3798,1.455
1.6849,0.97598,1.4492,1.7079,1.3625,1.3304,1.3168,1.5272,1.8831,1.872,1.5059,1.032,1.7875,1.0348,1.1937,1.8747,1.6259,2.0098,1.4431,1.2742,1.2312,0.98973,1.2983,1.8688,1.5941,1.6585,1.494,1.8729,1.3798,1.4542
1.6849,0.97598,1.4492,1.7079,1.3123,1.3218,1.3022,1.5272,1.8831,1.872,1.5059,1.032,1.7875,1.0348,1.1937,1.8662,1.6248,2.0094,1.4431,1.2742,1.2312,0.98973,1.2983,1.8688,1.5941,1.6585,1.494,1.8729,1.3798,1.4542
1.6838,0.97598,1.4408,1.7079,1.3123,1.3218,1.3022,1.5256,1.8831,1.872,1.5059,1.032,1.7875,1.0348,1.1937,1.8662,1.617,2.0094,1.4431,1.2742,1.2312,0.98973,1.2983,1.8688,1.5941,1.6585,1.494,1.8729,1.3798,1.4542
1.6838,0.97598,1.422,1.7079,1.2738,1.3218,1.3019,1.5172,1.8831,1.872,1.5059,1.032,1.7875,1.0199,1.1937,1.8662,1.6139,2.0094,1.4431,1.2742,1.2306,0.98973,1.2983,1.8688,1.5941,1.6585,1.494,1.8729,1.3798,1.4512
1.6835,0.9754,1.3896,1.7079,1.2738,1.3218,1.295,1.5077,1.8831,1.872,1.5059,1.032,1.7829,1.0199,1.1775,1.8662,1.6021,2.0094,1.4431,1.2742,1.2248,0.98973,1.2983,1.8688,1.5941,1.6585,1.4879,1.8729,1.3798,1.4512
1.6835,0.9754,1.3881,1.7079,1.2418,1.3218,1.295,1.5077,1.8831,1.872,1.5059,1.032,1.7829,1.0178,1.1775,1.8662,1.5987,2.0094,1.3777,1.2742,1.2248,0.98973,1.2963,1.8688,1.5941,1.6585,1.4665,1.8729,1.3798,1.4512
1.6818,0.9754,1.3881,1.7079,1.2367,1.3218,1.295,1.491,1.8831,1.872,1.5059,1.032,1.7821,1.0178,1.1263,1.8662,1.5987,1.9768,1.3777,1.2742,1.2248,0.98973,1.2963,1.8101,1.5941,1.6585,1.4665,1.8729,1.3798,1.4512
1.678,0.97401,1.3881,1.7079,1.2316,1.3166,1.295,1.4737,1.8831,1.872,1.5059,1.031,1.781,1.0177,1.1263,1.8662,1.5854,1.9768,1.3777,1.2742,1.2222,0.98973,1.2963,1.8101,1.5941,1.6527,1.4665,1.8729,1.3798,1.4512
1.6758,0.97401,1.3881,1.7079,1.1999,1.3158,1.2949,1.4737,1.8831,1.872,1.5059,1.031,1.781,1.0177,1.1122,1.8662,1.5854,1.9768,1.3777,1.1464,1.2222,0.98973,1.2931,1.8101,1.5941,1.6527,1.4665,1.8729,1.3798,1.4512
1.6749,0.97401,1.3881,1.7079,1.1995,1.3158,1.2948,1.4737,1.8831,1.872,1.5059,1.0288,1.781,1.0177,1.1025,1.8662,1.5854,1.9768,1.3777,1.0975,1.2217,0.98973,1.2931,1.8101,1.5941,1.6527,1.4665,1.8729,1.3798,1.4512
1.665,0.97401,1.377,1.7079,1.1653,1.3014,1.2948,1.4737,1.8831,1.872,1.5059,1.0202,1.781,1.0174,1.1025,1.8662,1.5854,1.9768,1.3777,1.0975,1.2217,0.98973,1.2916,1.8101,1.5941,1.6527,1.4665,1.8729,1.3798,1.4512
1.6643,0.97401,1.377,1.7079,1.1617,1.3014,1.2948,1.4737,1.8831,1.872,1.5059,1.0202,1.781,1.0151,1.1025,1.8662,1.5854,1.9768,1.3777,1.0968,1.1735,0.98973,1.2916,1.8101,1.5941,1.6527,1.4665,1.8729,1.3798,1.4442
1.6643,0.97401,1.3709,1.7079,1.1518,1.3014,1.2933,1.4737,1.8831,1.872,1.5059,1.0202,1.781,1.0132,1.1025,1.8662,1.5422,1.9768,1.3777,1.0968,1.1627,0.98618,1.2909,1.8101,1.579,1.6527,1.4665,1.8729,1.3798,1.4442
1.6643,0.97401,1.3709,1.7079,1.1413,1.3014,1.2933,1.4737,1.8831,1.872,1.5059,1.0202,1.781,1.0115,1.1025,1.8662,1.5422,1.9768,1.3777,1.0968,1.1627,0.98262,1.2909,1.8096,1.579,1.6527,1.4665,1.8729,1.3327,1.4442
1.6643,0.97401,1.3572,1.7079,1.141,1.3014,1.2933,1.4737,1.8831,1.872,1.5059,1.0202,1.781,1.0115,1.1025,1.8662,1.5422,1.9768,1.3777,1.0888,1.1627,0.97861,1.2909,1.8096,1.579,1.6527,1.4665,1.8729,1.3327,1.4425
1.6575,0.97401,1.3572,1.7079,1.1213,1.3014,1.2933,1.3981,1.8831,1.872,1.5059,1.0202,1.7671,1.0115,1.1002,1.8662,1.5414,1.9758,1.3777,1.0854,1.1627,0.97861,1.2909,1.8096,1.579,1.6527,1.4665,1.8729,1.3327,1.4349
1.6575,0.97401,1.3572,1.7079,1.1213,1.3014,1.2933,1.3981,1.8831,1.872,1.4109,1.0202,1.7671,1.0115,1.1002,1.8662,1.5414,1.9732,1.3777,1.0854,1.1627,0.97854,1.2909,1.8096,1.579,1.6527,1.4665,1.8729,1.3327,1.4349
1.6575,0.96647,1.3347,1.7079,1.1123,1.3014,1.2933,1.3981,1.8831,1.872,1.4109,1.0145,1.7671,1.0115,1.0962,1.8662,1.5414,1.9594,1.3777,1.0854,1.1627,0.97705,1.2909,1.8096,1.579,1.6527,1.4665,1.8729,1.3327,1.4324
1.6575,0.96647,1.3344,1.7079,1.1042,1.3014,1.2933,1.3981,1.8831,1.872,1.4109,1.0145,1.7669,1.0115,1.0962,1.8662,1.5414,1.9132,1.3777,1.0721,1.1579,0.97705,1.2909,1.8096,1.579,1.6527,1.4665,1.8729,1.3314,1.4324
1.6575,0.96647,1.3212,1.7079,1.0933,1.3014,1.2933,1.3981,1.8831,1.8622,1.4109,1.0145,1.7669,1.0115,1.0935,1.8662,1.5414,1.9132,1.3777,1.0721,1.1514,0.97705,1.2909,1.7842,1.579,1.6527,1.4665,1.8729,1.3314,1.4324
1.6575,0.96623,1.3159,1.7079,1.0923,1.2998,1.2847,1.3981,1.8831,1.8144,1.4109,1.0145,1.7516,1.0115,1.0904,1.8662,1.5292,1.8429,1.3777,1.0721,1.1514,0.97677,1.2909,1.7842,1.579,1.6527,1.4154,1.8729,1.3314,1.4324
1.6575,0.96623,1.3159,1.7079,1.0923,1.2998,1.2846,1.3981,1.8831,1.8144,1.4109,1.0145,1.7516,1.0115,1.0904,1.8662,1.5275,1.8429,1.3777,1.0721,1.1514,0.97677,1.2872,1.7842,1.579,1.6527,1.4154,1.8729,1.3314,1.4297
1.6575,0.96255,1.3159,1.7079,1.0869,1.2998,1.2846,1.3981,1.8831,1.8144,1.4109,1.0145,1.7516,1.009,1.0901,1.8662,1.5172,1.8413,1.3777,1.0721,1.1514,0.97677,1.2872,1.7842,1.5599,1.6527,1.4154,1.8729,1.3314,1.4297
1.6575,0.96101,1.3159,1.7079,1.0869,1.2998,1.2846,1.3981,1.8831,1.8144,1.4109,1.0145,1.7516,1.009,1.0901,1.8662,1.5131,1.8413,1.3777,1.0721,1.1514,0.9757,1.2871,1.7842,1.5599,1.6527,1.4154,1.8729,1.3314,1.4297
1.6575,0.96101,1.3133,1.7079,1.0733,1.2998,1.2846,1.3981,1.8831,1.8144,1.4109,1.0052,1.7516,1.009,1.0901,1.8662,1.5131,1.7528,1.3777,1.0721,1.1514,0.96397,1.2871,1.7842,1.5599,1.6527,1.4154,1.8729,1.3314,1.4297
1.6575,0.96101,1.3133,1.7079,1.0733,1.2998,1.2846,1.3981,1.8831,1.8144,1.4109,1.0052,1.7516,1.009,1.0901,1.8662,1.5131,1.7528,1.3777,1.0721,1.1514,0.96397,1.2871,1.7842,1.5354,1.6527,1.4154,1.8583,1.3314,1.4297
1.6575,0.96101,1.2919,1.7049,1.0733,1.2544,1.2846,1.3981,1.8831,1.8144,1.4109,1.0052,1.7516,1.009,1.0876,1.8662,1.5131,1.7528,1.3777,1.0721,1.1514,0.96397,1.2871,1.7842,1.5354,1.6527,1.4154,1.8576,1.3314,1.4297
1.6575,0.96101,1.2919,1.7049,1.0733,1.2544,1.2508,1.3981,1.8831,1.8144,1.4109,1.0052,1.7516,1.009,1.0875,1.8277,1.5109,1.7528,1.3777,1.0721,1.1514,0.9608,1.2871,1.7842,1.5354,1.6527,1.4019,1.8576,1.2976,1.4297
1.6575,0.96101,1.2631,1.6839,1.0725,1.2544,1.2508,1.3981,1.8831,1.8144,1.4109,1.0052,1.7516,1.0078,1.0855,1.8224,1.5109,1.7528,1.3777,1.0478,1.1513,0.9608,1.2871,1.7842,1.5354,1.6527,1.4019,1.8471,1.2934,1.4297
1.6575,0.96101,1.2631,1.6738,1.0591,1.2544,1.2508,1.3981,1.8831,1.8144,1.4109,1.0052,1.7516,1.0078,1.0798,1.8219,1.5109,1.7528,1.3777,1.0478,1.1513,0.9608,1.2871,1.7842,1.5354,1.6512,1.4019,1.8455,1.2934,1.4297
1.6575,0.96101,1.2631,1.6738,1.0553,1.2544,1.2508,1.3981,1.8831,1.8144,1.4109,1.0052,1.7516,1.0078,1.0798,1.8219,1.5055,1.7528,1.3777,1.0478,1.1513,0.95038,1.2871,1.7842,1.4173,1.647,1.4019,1.8455,1.2934,1.4297
1.6575,0.96101,1.2631,1.6738,1.0553,1.2544,1.2508,1.3981,1.8831,1.8144,1.4109,1.0052,1.7516,1.0078,1.0798,1.7834,1.5051,1.7528,1.3777,1.0478,1.1459,0.95038,1.2805,1.7842,1.4173,1.647,1.4002,1.8332,1.2934,1.4297
1.6575,0.96101,1.2631,1.668,1.0553,1.2544,1.2508,1.3981,1.8831,1.8144,1.4109,1.0052,1.7516,1.0078,1.0798,1.775,1.5051,1.7404,1.3777,1.0478,1.1459,0.95038,1.2805,1.7842,1.4173,1.6417,1.3995,1.8332,1.2934,1.4297
1.6575,0.96101,1.2631,1.668,1.0497,1.2544,1.2508,1.3981,1.8831,1.8058,1.4109,1.0052,1.7516,1.0056,1.0798,1.7558,1.4946,1.7404,1.3777,1.0478,1.1459,0.95038,1.2805,1.7842,1.4173,1.6332,1.3995,1.8298,1.2934,1.4297
1.6575,0.94063,1.2631,1.668,1.0497,1.2544,1.2508,1.3981,1.8831,1.8058,1.4109,1.0052,1.7516,1.0055,1.0798,1.7558,1.4941,1.7404,1.3777,1.0478,1.144,0.95038,1.2805,1.7842,1.4173,1.6332,1.3954,1.8154,1.2934,1.4297
1.6516,0.94063,1.2581,1.668,1.0497,1.2544,1.2508,1.3981,1.8831,1.8058,1.4109,1.0052,1.7516,1.0049,1.0798,1.7558,1.4821,1.7404,1.3777,1.0478,1.144,0.95038,1.2805,1.7842,1.3955,1.6248,1.3954,1.8065,1.2934,1.4289
1.6516,0.94063,1.2431,1.6581,1.0435,1.2544,1.2508,1.3981,1.8831,1.8058,1.4109,1.0052,1.7516,1.0033,1.0798,1.7558,1.4813,1.7404,1.3777,1.0478,1.144,0.94674,1.2805,1.782,1.3955,1.612,1.3954,1.8065,1.2934,1.4289
1.6516,0.94063,1.2328,1.6581,1.0435,1.2544,1.2508,1.3981,1.8831,1.8058,1.4109,1.0052,1.7516,1.0033,1.0798,1.7558,1.4813,1.7404,1.3777,1.0478,1.144,0.94674,1.2801,1.782,1.3923,1.6071,1.3954,1.8065,1.2934,1.4289
1.6516,0.94063,1.2131,1.6581,1.0395,1.2432,1.2508,1.3981,1.8831,1.8058,1.4109,1.0052,1.7516,1.0033,1.0798,1.7558,1.47,1.7404,1.3777,1.0478,1.144,0.94603,1.2801,1.782,1.3906,1.6048,1.3954,1.8021,1.2934,1.4289
1.6516,0.94063,1.2015,1.6581,1.039,1.2432,1.2508,1.3981,1.8831,1.8058,1.4109,1.0052,1.7516,1.0033,1.0798,1.7558,1.47,1.7404,1.3777,1.0478,1.144,0.94603,1.2801,1.782,1.3906,1.6048,1.3954,1.8021,1.2934,1.4289
1.6516,0.93137,1.2015,1.6581,1.039,1.2432,1.2508,1.3981,1.8831,1.8058,1.4109,1.0052,1.7516,1.0022,1.0798,1.7558,1.47,1.7404,1.3777,1.0478,1.144,0.94003,1.2801,1.7574,1.3906,1.5959,1.3954,1.7976,1.2698,1.4289
1.6516,0.93137,1.1878,1.6581,1.037,1.2388,1.2508,1.3381,1.8831,1.8058,1.4109,1.0052,1.7516,1.0022,1.0798,1.7558,1.4679,1.7404,1.3777,1.0478,1.144,0.94003,1.2801,1.7128,1.3906,1.5917,1.379,1.7865,1.2562,1.4289
1.6513,0.93137,1.176,1.6581,1.0163,1.2388,1.2508,1.3381,1.8831,1.8058,1.4109,1.0052,1.7516,1.0022,1.0798,1.7558,1.4644,1.7404,1.3777,1.0478,1.144,0.94003,1.2801,1.7128,1.3906,1.5816,1.3789,1.7865,1.2562,1.4289
1.6513,0.93137,1.176,1.6581,1.0122,1.2376,1.2437,1.3283,1.8303,1.8058,1.4109,1.0052,1.7498,1.0022,1.0798,1.7558,1.464,1.7404,1.3777,1.0478,1.144,0.93955,1.2801,1.7128,1.3906,1.5816,1.3789,1.7865,1.2562,1.4289
1.6513,0.93135,1.167,1.6581,1.0122,1.2372,1.2437,1.3283,1.8303,1.8058,1.4109,1.0052,1.7498,1.0022,1.0798,1.7558,1.464,1.7404,1.3777,1.0478,1.144,0.93955,1.2774,1.7128,1.3906,1.579,1.3789,1.7855,1.2562,1.4289
1.6513,0.93135,1.167,1.6581,1.0122,1.2372,1.2437,1.3283,1.8303,1.8058,1.4109,1.0052,1.7498,0.99826,1.0798,1.7558,1.4504,1.7404,1.3777,1.0478,1.1396,0.93256,1.2774,1.7128,1.3906,1.5741,1.3789,1.7855,1.2562,1.4289
1.6499,0.93135,1.1575,1.6484,1.0122,1.2354,1.2437,1.3283,1.8294,1.8058,1.4109,1.0052,1.7498,0.99826,1.0798,1.7558,1.4504,1.7404,1.3777,1.0478,1.1396,0.93256,1.2648,1.7128,1.3906,1.5741,1.374,1.7843,1.2562,1.4289
1.6499,0.93135,1.1412,1.6468,1.0122,1.2354,1.2437,1.3283,1.8294,1.8058,1.4109,1.0052,1.7487,0.99826,1.0798,1.7558,1.4339,1.7404,1.3777,1.0478,1.1396,0.93256,1.2648,1.7128,1.3906,1.5741,1.374,1.7755,1.2562,1.4289
1.6499,0.93135,1.115,1.6468,0.99886,1.2351,1.2437,1.3283,1.8294,1.8058,1.4109,1.0052,1.7487,0.99826,1.0681,1.7558,1.4305,1.7404,1.3777,1.0478,1.1396,0.93256,1.2648,1.7128,1.3785,1.5741,1.374,1.7738,1.2562,1.4289
