0.37601,0.34543,0.32083,0.31032,0.375,0.40055,0.35106,0.3987,0.35903,0.36725,0.40227,0.38737,0.35343,0.32203,0.36201,0.34701,0.37133,0.39438,0.32467,0.40143,0.41104,0.39765,0.42397,0.40904,0.28923,0.35717,0.34064,0.40411,0.37745,0.36896
0.37601,0.34543,0.32083,0.29835,0.37023,0.36799,0.35106,0.37899,0.35903,0.36441,0.40227,0.38737,0.35343,0.32203,0.36201,0.34701,0.36861,0.39031,0.32467,0.39232,0.41104,0.39765,0.41449,0.40904,0.28923,0.35717,0.34064,0.37745,0.3395,0.36077
0.37601,0.34543,0.32083,0.29835,0.36485,0.36799,0.34331,0.36344,0.3463,0.35832,0.38264,0.38737,0.35343,0.32203,0.34538,0.34701,0.33996,0.36404,0.32467,0.32374,0.41104,0.39765,0.38316,0.40689,0.28923,0.35717,0.34064,0.33705,0.3395,0.32852
0.37601,0.32373,0.32083,0.29835,0.3608,0.36799,0.33532,0.36256,0.34209,0.35832,0.38264,0.38737,0.35343,0.31131,0.34451,0.34701,0.33996,0.36404,0.32467,0.32374,0.41104,0.38896,0.38316,0.40689,0.28923,0.34193,0.34064,0.3319,0.33835,0.32619
0.37601,0.32373,0.32083,0.29835,0.3608,0.36799,0.3342,0.35965,0.33226,0.35832,0.35851,0.38737,0.35343,0.31131,0.34451,0.34701,0.33996,0.36404,0.32467,0.32374,0.41104,0.38896,0.37557,0.40689,0.28923,0.33932,0.32758,0.3319,0.33443,0.32437
0.37601,0.31539,0.32083,0.29835,0.35565,0.36799,0.32107,0.31208,0.33226,0.35832,0.35851,0.38737,0.33182,0.31131,0.34451,0.34701,0.33996,0.36404,0.32467,0.32374,0.41104,0.37879,0.36155,0.3769,0.28923,0.33932,0.32758,0.32358,0.33443,0.32437
0.35577,0.31539,0.3156,0.29835,0.33361,0.36799,0.31436,0.31208,0.30307,0.35832,0.35851,0.37878,0.33182,0.31131,0.34451,0.34701,0.33996,0.36404,0.31655,0.32374,0.40931,0.37712,0.36155,0.3769,0.28923,0.33886,0.32758,0.32358,0.33443,0.31741
0.35577,0.31539,0.31476,0.29835,0.33361,0.36799,0.31436,0.31208,0.30307,0.35428,0.35261,0.37878,0.33182,0.31131,0.34451,0.34701,0.33996,0.36404,0.31655,0.32374,0.39229,0.37637,0.36155,0.36895,0.28923,0.33886,0.32758,0.32358,0.33443,0.31718
0.35577,0.31025,0.31105,0.29835,0.32584,0.36799,0.31436,0.31208,0.30307,0.32951,0.35261,0.37878,0.32541,0.31131,0.34451,0.34701,0.33996,0.36404,0.31655,0.32374,0.39229,0.36954,0.36155,0.36895,0.28923,0.33886,0.32138,0.32056,0.33286,0.31718
0.35577,0.31025,0.31105,0.29835,0.32584,0.36799,0.31436,0.31208,0.30307,0.32789,0.34913,0.3775,0.30134,0.31131,0.34451,0.34701,0.33996,0.36404,0.31655,0.32374,0.38705,0.36954,0.36155,0.36895,0.28923,0.33886,0.31757,0.31614,0.31948,0.31697
0.35554,0.31025,0.30989,0.29835,0.32584,0.36799,0.31436,0.31208,0.30307,0.32789,0.34913,0.3775,0.30134,0.31131,0.34451,0.34701,0.33996,0.36404,0.3075,0.32374,0.37244,0.36954,0.36155,0.36895,0.28923,0.33886,0.31757,0.31614,0.31948,0.31697
0.35472,0.31025,0.30989,0.29835,0.32545,0.36799,0.31436,0.31208,0.30307,0.32315,0.34913,0.36977,0.30134,0.30231,0.34451,0.34178,0.33996,0.36404,0.30559,0.32374,0.37244,0.34369,0.36155,0.35767,0.28923,0.33886,0.31757,0.3147,0.31948,0.31697
0.35472,0.31025,0.30989,0.29835,0.32502,0.36799,0.29921,0.31208,0.30307,0.32315,0.31174,0.36977,0.30134,0.30231,0.34451,0.34178,0.33996,0.36404,0.30559,0.32374,0.37244,0.34369,0.36155,0.35736,0.28923,0.33474,0.31653,0.3147,0.31948,0.31697
0.35472,0.31025,0.30989,0.29835,0.32297,0.36799,0.29921,0.31208,0.30307,0.31377,0.31174,0.36977,0.30134,0.30231,0.34451,0.34178,0.33996,0.36404,0.30559,0.32374,0.37244,0.34369,0.36155,0.35736,0.28923,0.32965,0.29527,0.3147,0.31948,0.31697
0.328,0.31025,0.30989,0.29835,0.32029,0.36775,0.29921,0.31208,0.30307,0.31377,0.31174,0.36704,0.30134,0.30231,0.34451,0.34,0.33996,0.35137,0.30346,0.32374,0.37244,0.34369,0.36155,0.35736,0.28923,0.32908,0.29527,0.3147,0.31674,0.31697
0.328,0.31025,0.30989,0.29835,0.31465,0.36775,0.29466,0.31208,0.30307,0.31377,0.31174,0.36704,0.30134,0.30231,0.34451,0.34,0.33996,0.35137,0.30346,0.32374,0.37244,0.34369,0.36155,0.35736,0.28923,0.32908,0.29527,0.31206,0.31674,0.30993
0.328,0.31025,0.30989,0.29835,0.31435,0.3643,0.2925,0.31208,0.30307,0.31377,0.30185,0.35408,0.30134,0.30231,0.34451,0.34,0.33996,0.35137,0.30344,0.32374,0.34702,0.34369,0.36155,0.35736,0.28923,0.32908,0.29527,0.31206,0.31674,0.30993
0.328,0.31025,0.30989,0.29835,0.30907,0.35818,0.2925,0.31208,0.30307,0.31377,0.30185,0.35408,0.30134,0.30231,0.34451,0.32916,0.33996,0.35137,0.30344,0.32374,0.32893,0.34369,0.36155,0.34637,0.28923,0.32908,0.29527,0.30893,0.31396,0.30993
0.328,0.31025,0.30989,0.29835,0.30907,0.35818,0.2925,0.31208,0.30307,0.31377,0.30185,0.35392,0.30134,0.30231,0.34451,0.32916,0.33996,0.35137,0.30302,0.32374,0.32893,0.34369,0.36155,0.34637,0.28923,0.32908,0.29017,0.30893,0.31396,0.30993
0.328,0.31025,0.30989,0.29835,0.30647,0.35818,0.29166,0.31208,0.30307,0.31377,0.30185,0.35392,0.30134,0.30231,0.34451,0.32916,0.33996,0.35137,0.29616,0.32374,0.32893,0.34369,0.36155,0.34579,0.28923,0.32908,0.28568,0.30893,0.31396,0.30993
0.328,0.30716,0.30989,0.29835,0.30647,0.33819,0.29166,0.31208,0.30307,0.31377,0.30185,0.35392,0.29691,0.30231,0.34451,0.32916,0.33996,0.35137,0.29616,0.32374,0.32711,0.34369,0.36155,0.34342,0.28923,0.32908,0.28568,0.30893,0.31396,0.30993
0.328,0.30716,0.30854,0.29835,0.29093,0.33819,0.2892,0.31208,0.30307,0.31377,0.30185,0.35392,0.29691,0.30231,0.34221,0.32916,0.33996,0.35117,0.28914,0.32374,0.32711,0.34369,0.36155,0.34142,0.28923,0.32908,0.28568,0.30893,0.31396,0.30993
0.328,0.3045,0.30854,0.29835,0.29093,0.33109,0.2892,0.31208,0.29284,0.31377,0.30185,0.35392,0.29691,0.30161,0.34221,0.32916,0.33996,0.34083,0.28914,0.32374,0.32612,0.34369,0.36155,0.34142,0.28923,0.32908,0.28115,0.30893,0.31359,0.30993
0.328,0.29551,0.30854,0.29835,0.29093,0.32715,0.28898,0.31208,0.29284,0.31377,0.30185,0.35392,0.29691,0.30161,0.34062,0.32916,0.32404,0.33465,0.28286,0.32374,0.32612,0.34369,0.36155,0.31533,0.28923,0.32908,0.28115,0.30893,0.31359,0.30993
0.328,0.29402,0.30854,0.2969,0.28846,0.32715,0.28898,0.31208,0.29284,0.31377,0.30185,0.35392,0.29691,0.29912,0.34062,0.32678,0.32404,0.33343,0.27855,0.32374,0.32612,0.34369,0.36155,0.31533,0.28923,0.32908,0.28115,0.30893,0.31322,0.30993
0.328,0.29402,0.30854,0.29425,0.28846,0.32715,0.28898,0.31208,0.29011,0.31377,0.30185,0.35392,0.29691,0.29912,0.34062,0.32678,0.31141,0.33221,0.27855,0.32374,0.32612,0.34369,0.36155,0.31533,0.28923,0.32908,0.28115,0.30893,0.31104,0.30993
0.32519,0.29402,0.30854,0.29425,0.28846,0.31914,0.28898,0.31208,0.28787,0.31377,0.30086,0.35392,0.29691,0.29912,0.34062,0.32627,0.30829,0.3307,0.27855,0.32374,0.32612,0.34369,0.3613,0.31533,0.28923,0.32908,0.28115,0.30893,0.31104,0.30993
0.32519,0.29402,0.30854,0.29425,0.28846,0.31914,0.28898,0.31208,0.28688,0.31377,0.29371,0.35168,0.29691,0.29877,0.34062,0.32627,0.30829,0.3307,0.27855,0.32374,0.32612,0.34369,0.36052,0.31533,0.28923,0.32908,0.28115,0.30893,0.31104,0.30993
0.32519,0.29159,0.30854,0.29425,0.28607,0.31914,0.28585,0.31208,0.28688,0.31377,0.29371,0.34784,0.29691,0.29868,0.34062,0.32,0.30132,0.32579,0.27855,0.32374,0.32612,0.34369,0.35844,0.31533,0.28923,0.32908,0.28115,0.30893,0.31104,0.30993
0.32519,0.29078,0.30801,0.29425,0.26652,0.31664,0.27911,0.31208,0.28688,0.31377,0.29371,0.33968,0.29691,0.29868,0.34062,0.32,0.30132,0.32534,0.27855,0.32374,0.32612,0.34369,0.35032,0.31533,0.28923,0.32908,0.28115,0.30893,0.31104,0.30993
0.32519,0.29078,0.30801,0.29253,0.26652,0.31391,0.27911,0.31208,0.28688,0.31377,0.29371,0.33968,0.29691,0.29868,0.34062,0.32,0.30132,0.32514,0.27627,0.32374,0.32612,0.34369,0.35032,0.31533,0.28923,0.32908,0.28115,0.30893,0.31104,0.30993
0.32519,0.29078,0.30801,0.29253,0.26652,0.31069,0.27911,0.31208,0.28688,0.31377,0.29371,0.33968,0.28514,0.29828,0.34062,0.32,0.30132,0.32458,0.27627,0.32374,0.31339,0.34258,0.35032,0.31533,0.28923,0.32908,0.28115,0.30893,0.31104,0.30205
0.32519,0.29078,0.30679,0.29102,0.26652,0.3004,0.27911,0.31208,0.28688,0.31377,0.29371,0.33968,0.28514,0.29762,0.34062,0.32,0.30132,0.32378,0.27627,0.32374,0.31339,0.34258,0.35032,0.31533,0.28923,0.32336,0.28115,0.30893,0.31083,0.30205
0.32519,0.28901,0.30608,0.29102,0.26652,0.3004,0.27748,0.31208,0.28688,0.31377,0.29371,0.33968,0.28514,0.29534,0.34052,0.32,0.30132,0.32262,0.27627,0.32374,0.31339,0.34258,0.35032,0.31533,0.28923,0.32336,0.28115,0.30893,0.31027,0.29333
0.32519,0.28223,0.30577,0.29102,0.26652,0.3004,0.27748,0.31208,0.28688,0.31377,0.29371,0.33968,0.28514,0.29534,0.34052,0.32,0.30132,0.32262,0.27627,0.32374,0.31339,0.34258,0.35032,0.31533,0.28923,0.32336,0.28115,0.30893,0.31027,0.29333
0.32519,0.28223,0.30483,0.29102,0.26449,0.3004,0.27748,0.31208,0.28688,0.31377,0.29371,0.33968,0.28514,0.29534,0.34012,0.32,0.30132,0.3218,0.27627,0.32374,0.31339,0.33988,0.35032,0.31533,0.28923,0.32336,0.28115,0.30893,0.3052,0.29333
0.32519,0.28223,0.30395,0.29102,0.26421,0.3004,0.27748,0.31208,0.28688,0.31377,0.29371,0.33968,0.28514,0.29534,0.33929,0.32,0.30132,0.31968,0.27627,0.32374,0.31339,0.33988,0.35032,0.31533,0.28923,0.32336,0.28115,0.30893,0.3052,0.29333
0.32519,0.28223,0.30382,0.29102,0.2636,0.29996,0.27748,0.31208,0.28688,0.31377,0.29371,0.33968,0.28514,0.29534,0.3381,0.32,0.30132,0.31968,0.27627,0.32374,0.31339,0.33988,0.35032,0.31533,0.28923,0.32336,0.28115,0.30893,0.3052,0.29333
0.32519,0.28223,0.30382,0.29102,0.2636,0.29996,0.27726,0.31208,0.28688,0.31377,0.29371,0.33968,0.28514,0.29534,0.3381,0.32,0.30132,0.31968,0.27627,0.32374,0.31339,0.33988,0.35032,0.31533,0.28923,0.32336,0.28115,0.30893,0.3052,0.29333
0.32519,0.28223,0.30382,0.29102,0.26039,0.2964,0.27726,0.31208,0.28688,0.31377,0.28707,0.33968,0.28514,0.29534,0.3381,0.32,0.30132,0.31968,0.27627,0.32374,0.31339,0.33988,0.34308,0.31533,0.28923,0.32336,0.28115,0.30893,0.3052,0.29333
0.32519,0.28223,0.30316,0.29102,0.25888,0.2964,0.27724,0.31208,0.28688,0.30501,0.28707,0.33968,0.28514,0.29534,0.33708,0.32,0.30132,0.31741,0.27627,0.32374,0.31339,0.33988,0.34308,0.31533,0.28923,0.32336,0.28115,0.30893,0.3052,0.29333
0.32519,0.28223,0.30308,0.29102,0.25888,0.2964,0.27078,0.31208,0.28688,0.30501,0.28707,0.33968,0.27342,0.29534,0.33708,0.32,0.30132,0.31741,0.27627,0.32374,0.31339,0.33883,0.34308,0.31533,0.28923,0.32336,0.28115,0.30893,0.3052,0.29333
0.32519,0.28223,0.30308,0.29102,0.25888,0.28473,0.27078,0.31208,0.28688,0.30501,0.28707,0.33968,0.27342,0.29534,0.3358,0.32,0.30132,0.31325,0.27627,0.32374,0.31276,0.33742,0.34308,0.31533,0.28923,0.32336,0.28115,0.30893,0.3052,0.29333
0.32519,0.28223,0.29867,0.29102,0.25888,0.28425,0.27003,0.31208,0.28688,0.30501,0.28707,0.33968,0.27342,0.29534,0.3358,0.32,0.30132,0.31214,0.27627,0.32374,0.31276,0.33742,0.34308,0.31533,0.28923,0.32336,0.27215,0.30893,0.3052,0.29333
0.32519,0.28223,0.29867,0.29102,0.25833,0.28425,0.27003,0.31208,0.28688,0.30501,0.28707,0.33968,0.27342,0.29534,0.3358,0.31843,0.30132,0.31214,0.27627,0.32374,0.31276,0.33696,0.34308,0.31533,0.28923,0.32336,0.27215,0.30893,0.3052,0.29333
0.32519,0.28223,0.29867,0.29102,0.25716,0.28425,0.26688,0.31208,0.28688,0.30501,0.28707,0.33968,0.27342,0.29534,0.3358,0.31843,0.30132,0.30983,0.27627,0.32374,0.31276,0.33696,0.34308,0.31533,0.28923,0.32336,0.27215,0.30893,0.3052,0.29333
0.32519,0.28223,0.29867,0.28568,0.25716,0.28425,0.26688,0.31208,0.28688,0.30501,0.28707,0.33968,0.27342,0.29534,0.33527,0.31767,0.30132,0.30983,0.27627,0.32374,0.31276,0.33602,0.34308,0.31533,0.28923,0.32336,0.27215,0.30893,0.30487,0.29333
0.32519,0.28223,0.29867,0.28568,0.25716,0.28425,0.26688,0.31208,0.28688,0.30501,0.28707,0.33968,0.27342,0.29534,0.33493,0.31767,0.30132,0.30983,0.27627,0.32374,0.31276,0.33529,0.34308,0.31533,0.28923,0.32336,0.27215,0.30893,0.30487,0.29333
0.32519,0.28223,0.29867,0.28568,0.25716,0.28425,0.26688,0.31208,0.28688,0.30501,0.28707,0.33968,0.27342,0.29534,0.33493,0.31767,0.30132,0.30983,0.27627,0.32374,0.31276,0.33062,0.34308,0.31533,0.28871,0.32336,0.27215,0.30893,0.30487,0.29333
0.32519,0.28223,0.29867,0.28568,0.25494,0.28171,0.26688,0.31208,0.28688,0.30501,0.28707,0.33968,0.27342,0.29534,0.33493,0.31603,0.30132,0.30983,0.27627,0.32374,0.31276,0.3303,0.34308,0.31533,0.28871,0.32336,0.27215,0.30893,0.30436,0.29333
0.32519,0.28223,0.29867,0.28568,0.25494,0.28038,0.26688,0.31208,0.28688,0.30501,0.28707,0.33968,0.27342,0.29534,0.33246,0.31412,0.30132,0.30983,0.27627,0.32374,0.31276,0.3303,0.34308,0.31533,0.28871,0.32336,0.27215,0.30893,0.30436,0.29333
0.32519,0.28223,0.29867,0.28568,0.2531,0.28038,0.26688,0.31208,0.28688,0.30501,0.28707,0.33968,0.27342,0.29246,0.33246,0.31264,0.30132,0.30983,0.27627,0.32374,0.31276,0.3303,0.34308,0.31533,0.28871,0.32336,0.27215,0.30893,0.30436,0.29333
0.32519,0.28223,0.29867,0.28568,0.2531,0.27896,0.26688,0.31208,0.28688,0.30501,0.28707,0.33968,0.27342,0.29246,0.33135,0.30707,0.30132,0.30983,0.27627,0.32374,0.31276,0.32609,0.34308,0.31533,0.28871,0.32336,0.27215,0.30893,0.30436,0.29333
0.32519,0.28223,0.29867,0.28568,0.2531,0.27896,0.26688,0.31208,0.28688,0.30501,0.28707,0.33968,0.27342,0.29246,0.33106,0.3056,0.30132,0.30875,0.27627,0.32374,0.31276,0.32459,0.34308,0.31533,0.28871,0.32336,0.27215,0.30893,0.30436,0.29333
0.32519,0.28223,0.29867,0.28568,0.2531,0.27896,0.26688,0.31208,0.28688,0.30501,0.28707,0.33968,0.27342,0.29246,0.33094,0.3056,0.30132,0.3081,0.27627,0.32374,0.31276,0.32459,0.34308,0.31533,0.28871,0.32336,0.27215,0.30893,0.30353,0.29333
0.32519,0.28223,0.29867,0.28568,0.2531,0.27878,0.26688,0.31208,0.28688,0.30501,0.28707,0.33968,0.27342,0.29246,0.32811,0.3056,0.30132,0.3073,0.27627,0.32374,0.30796,0.32459,0.34308,0.31533,0.28871,0.32071,0.27215,0.30893,0.30353,0.29333
0.32519,0.28223,0.29867,0.28568,0.25155,0.27878,0.26688,0.31208,0.28688,0.30501,0.28707,0.33968,0.27342,0.29246,0.32811,0.3056,0.30132,0.30713,0.27627,0.32374,0.30796,0.32459,0.34308,0.31533,0.28871,0.32071,0.27215,0.30893,0.30293,0.29333
0.32519,0.28223,0.29867,0.28568,0.25155,0.27878,0.26688,0.31208,0.28688,0.30501,0.28487,0.33968,0.27342,0.29246,0.32627,0.3056,0.30132,0.30581,0.27627,0.32374,0.30796,0.32459,0.34308,0.31533,0.28871,0.32071,0.27215,0.30893,0.30186,0.29333
0.32519,0.28223,0.29867,0.28568,0.25155,0.27878,0.26688,0.31208,0.28688,0.30392,0.28487,0.33968,0.27342,0.29246,0.32627,0.3056,0.30132,0.30581,0.27627,0.32374,0.30796,0.32459,0.34308,0.31533,0.28871,0.32071,0.27215,0.30893,0.30109,0.29333
0.32519,0.28223,0.29867,0.28568,0.25155,0.27878,0.26688,0.31208,0.28688,0.30392,0.28487,0.33968,0.27328,0.29246,0.3236,0.3056,0.30132,0.30581,0.27627,0.32374,0.30796,0.32459,0.34308,0.31533,0.28871,0.32071,0.27215,0.30893,0.30109,0.29333
0.32373,0.28223,0.29867,0.28568,0.25155,0.27878,0.26688,0.31072,0.28688,0.30109,0.28266,0.33968,0.27328,0.29246,0.3236,0.3056,0.30132,0.30316,0.27627,0.32374,0.30796,0.32459,0.34308,0.31533,0.28871,0.32071,0.27215,0.30893,0.30063,0.29333
0.32373,0.28223,0.29867,0.28568,0.25155,0.27878,0.26688,0.31072,0.28688,0.30109,0.28104,0.33968,0.27328,0.29246,0.32315,0.3056,0.30132,0.30316,0.27627,0.32374,0.30796,0.32459,0.34308,0.31533,0.28871,0.32071,0.27215,0.30893,0.30063,0.29333
0.32373,0.28223,0.29867,0.28568,0.25155,0.27878,0.26688,0.31072,0.28688,0.30109,0.28104,0.31654,0.27328,0.29246,0.32129,0.3056,0.30132,0.3029,0.27627,0.32374,0.30796,0.32459,0.34308,0.31533,0.28871,0.32071,0.27215,0.30893,0.30063,0.29333
0.32373,0.28223,0.29867,0.28353,0.25155,0.27744,0.26688,0.31072,0.28688,0.29876,0.28104,0.31654,0.27328,0.29246,0.32056,0.3056,0.30132,0.30277,0.27627,0.32374,0.30549,0.32459,0.34308,0.31533,0.28871,0.32071,0.27215,0.30893,0.3005,0.29333
0.32373,0.28223,0.29806,0.28353,0.25155,0.27493,0.26688,0.31072,0.28688,0.29599,0.28104,0.31654,0.26846,0.29238,0.32056,0.30479,0.30132,0.30277,0.27627,0.32374,0.30549,0.32459,0.34308,0.31533,0.28871,0.32071,0.27215,0.30893,0.29916,0.29333
0.32373,0.28223,0.29806,0.28353,0.25155,0.27493,0.26688,0.31072,0.28688,0.2953,0.28104,0.31654,0.26695,0.29044,0.31904,0.30418,0.30132,0.30139,0.27627,0.32374,0.30366,0.32459,0.34308,0.31533,0.28871,0.32071,0.27215,0.30893,0.29401,0.29333
0.32373,0.28223,0.29615,0.28353,0.25155,0.27393,0.26688,0.31072,0.28688,0.2953,0.28104,0.31654,0.26695,0.29044,0.31904,0.30403,0.30132,0.30139,0.27627,0.32374,0.30366,0.32459,0.34308,0.31455,0.28871,0.32071,0.27215,0.30893,0.29401,0.29333
0.32373,0.28223,0.29615,0.28353,0.25155,0.27393,0.26688,0.31072,0.28688,0.2953,0.28104,0.31654,0.26695,0.29044,0.31904,0.30343,0.30132,0.30031,0.27627,0.32374,0.30366,0.32459,0.34308,0.31455,0.28871,0.32071,0.27215,0.30893,0.29401,0.29333
0.32373,0.28223,0.29521,0.2808,0.25155,0.27285,0.26688,0.31072,0.28688,0.2953,0.28104,0.31491,0.26695,0.29044,0.31904,0.30343,0.30132,0.29569,0.27627,0.31894,0.30366,0.32459,0.34308,0.31455,0.28871,0.32071,0.27215,0.30893,0.29401,0.29333
0.32373,0.28223,0.29521,0.27778,0.25155,0.27285,0.26688,0.31072,0.28688,0.2953,0.28104,0.31491,0.26695,0.28937,0.31904,0.30343,0.30132,0.29569,0.27627,0.31894,0.30366,0.32459,0.34308,0.3137,0.28871,0.32071,0.27215,0.30893,0.29401,0.29333
0.32373,0.28223,0.29521,0.27201,0.25155,0.27285,0.26688,0.29761,0.28688,0.29518,0.28104,0.31491,0.26695,0.28937,0.31813,0.30343,0.30132,0.29569,0.27627,0.31894,0.30366,0.32459,0.34308,0.3137,0.28871,0.32071,0.27215,0.30893,0.29401,0.29333
0.32373,0.28223,0.29521,0.27201,0.25155,0.27285,0.26688,0.29761,0.28688,0.29446,0.28104,0.31491,0.26695,0.28937,0.31655,0.30244,0.30132,0.29557,0.27627,0.31894,0.30285,0.32459,0.34254,0.3137,0.28871,0.32071,0.27215,0.30893,0.29401,0.29333
0.32373,0.28223,0.29521,0.27201,0.25155,0.27285,0.26688,0.28718,0.28688,0.29336,0.28104,0.31491,0.26695,0.28937,0.31655,0.2983,0.30132,0.29557,0.27627,0.31894,0.30182,0.31981,0.34254,0.3137,0.28871,0.32071,0.27215,0.30893,0.29401,0.29333
0.32373,0.28223,0.29521,0.27201,0.25155,0.27285,0.26688,0.28718,0.28688,0.29336,0.28104,0.31491,0.26695,0.28937,0.31655,0.2983,0.30132,0.29557,0.27627,0.31894,0.30182,0.31981,0.34254,0.3099,0.28871,0.32071,0.27215,0.30632,0.29138,0.29333
0.32373,0.28223,0.29521,0.27201,0.25155,0.27285,0.26688,0.28718,0.28688,0.29238,0.28104,0.31491,0.26695,0.28917,0.31655,0.2983,0.30132,0.29384,0.27627,0.31894,0.30182,0.31981,0.34254,0.3099,0.28871,0.32071,0.27215,0.30512,0.29138,0.29333
0.32373,0.28223,0.29453,0.27201,0.25155,0.27285,0.26688,0.28718,0.28688,0.2909,0.28104,0.31491,0.26695,0.28917,0.31655,0.29774,0.30132,0.29384,0.27627,0.31894,0.30182,0.31772,0.34254,0.3099,0.28871,0.32071,0.27215,0.30512,0.29113,0.29333
0.32373,0.28223,0.29453,0.27201,0.25155,0.27285,0.26515,0.28718,0.28688,0.29031,0.28104,0.31491,0.26524,0.28917,0.31646,0.29737,0.30132,0.29384,0.27302,0.31894,0.30182,0.31486,0.33855,0.30926,0.28871,0.32071,0.27215,0.30512,0.29113,0.29333
0.32373,0.28223,0.29453,0.27201,0.25155,0.27285,0.26515,0.28718,0.28688,0.28969,0.28104,0.30668,0.25627,0.28895,0.31646,0.29737,0.30132,0.29332,0.27035,0.31894,0.30068,0.31486,0.33855,0.30926,0.28871,0.32071,0.27215,0.30512,0.29075,0.29333
0.32373,0.28223,0.29453,0.27172,0.25155,0.27285,0.26515,0.28718,0.28688,0.28969,0.28104,0.30668,0.25627,0.28895,0.31608,0.2972,0.30132,0.29332,0.27009,0.31894,0.29802,0.31486,0.32973,0.30926,0.28017,0.32071,0.27215,0.30512,0.29075,0.29333
0.32373,0.28223,0.29453,0.27172,0.2512,0.27285,0.2643,0.28718,0.28688,0.28969,0.28104,0.30668,0.25627,0.28895,0.31293,0.2972,0.30132,0.29332,0.27009,0.31894,0.29802,0.31196,0.32973,0.30926,0.27997,0.32071,0.27215,0.30512,0.29075,0.29333
0.32373,0.28223,0.29453,0.27172,0.2512,0.27285,0.2643,0.28718,0.28688,0.28969,0.28104,0.30668,0.25627,0.28895,0.31209,0.2972,0.30132,0.29181,0.27009,0.31894,0.29802,0.31196,0.32398,0.30926,0.27997,0.32071,0.27215,0.29751,0.28719,0.29278
0.32373,0.28223,0.29453,0.26967,0.2512,0.27285,0.2643,0.28718,0.28688,0.28644,0.28104,0.30525,0.25627,0.28742,0.31146,0.2972,0.30132,0.29181,0.27009,0.31894,0.29802,0.31196,0.32398,0.30926,0.27997,0.32071,0.27215,0.29751,0.28622,0.29278
0.32373,0.28223,0.29453,0.26967,0.2512,0.27285,0.2643,0.28718,0.28688,0.28603,0.28104,0.30525,0.25627,0.28742,0.31146,0.2972,0.30132,0.29181,0.27009,0.31894,0.29517,0.31196,0.31946,0.30926,0.27997,0.32071,0.27215,0.29751,0.28622,0.2908
0.32373,0.28223,0.2931,0.26967,0.2512,0.27285,0.2643,0.28718,0.28688,0.28603,0.28104,0.30519,0.25627,0.28742,0.31146,0.29571,0.30132,0.29181,0.27009,0.31894,0.29517,0.30814,0.31946,0.30926,0.27735,0.32071,0.27215,0.29751,0.28622,0.2908
0.32373,0.28223,0.2931,0.26967,0.2512,0.27285,0.2643,0.28718,0.28688,0.28603,0.28104,0.30519,0.25277,0.28742,0.31146,0.29254,0.30132,0.29181,0.27009,0.31894,0.29517,0.30814,0.3185,0.30926,0.27735,0.32071,0.27215,0.29183,0.28622,0.2908
0.32373,0.28223,0.2931,0.26842,0.2512,0.27285,0.2643,0.28718,0.28688,0.28603,0.28104,0.30519,0.25277,0.28742,0.31146,0.29254,0.30132,0.29181,0.27009,0.31894,0.29517,0.30814,0.3185,0.30926,0.27735,0.32071,0.27215,0.29024,0.28548,0.2908
0.32373,0.28223,0.29219,0.26842,0.2504,0.27285,0.2643,0.28718,0.28688,0.28485,0.28104,0.29659,0.25277,0.28742,0.31146,0.29254,0.30132,0.29181,0.26963,0.31894,0.29517,0.30814,0.31773,0.30926,0.27735,0.32071,0.27143,0.29024,0.28437,0.28926
0.32373,0.28223,0.29219,0.26812,0.2504,0.27285,0.2643,0.28718,0.28688,0.28459,0.28104,0.29659,0.25277,0.28742,0.3095,0.29177,0.30132,0.29181,0.26963,0.31612,0.29517,0.30814,0.31773,0.30926,0.27735,0.32071,0.27143,0.28468,0.28346,0.28926
0.32373,0.2783,0.29219,0.26812,0.24734,0.27285,0.2643,0.28718,0.28688,0.28309,0.28104,0.29659,0.25277,0.28742,0.3095,0.29151,0.30132,0.28461,0.26963,0.31452,0.29517,0.30814,0.31773,0.30926,0.2742,0.32071,0.27143,0.28468,0.2814,0.28901
0.32373,0.2783,0.29219,0.26812,0.24734,0.27285,0.2643,0.28718,0.28688,0.28309,0.28104,0.29659,0.25277,0.28742,0.3095,0.29103,0.30132,0.28461,0.26963,0.31452,0.29454,0.30814,0.31773,0.30926,0.2742,0.32071,0.26832,0.28468,0.27992,0.28901
0.32373,0.2783,0.29219,0.26812,0.24734,0.27182,0.2643,0.28718,0.28688,0.27737,0.28104,0.29659,0.25277,0.28742,0.3095,0.29103,0.30132,0.28461,0.26963,0.31452,0.29154,0.30814,0.31773,0.30926,0.2742,0.32066,0.26832,0.28468,0.27908,0.28901
0.32373,0.27101,0.29219,0.26812,0.24734,0.27182,0.2643,0.28718,0.28688,0.27596,0.28104,0.2942,0.25277,0.28719,0.3095,0.28909,0.2963,0.28461,0.26963,0.31452,0.29061,0.30566,0.31644,0.30926,0.27263,0.32066,0.26832,0.28468,0.27908,0.28901
0.32373,0.27101,0.29219,0.26799,0.24734,0.27169,0.26365,0.28718,0.28688,0.27596,0.28104,0.2942,0.25277,0.28719,0.3095,0.28909,0.2963,0.27819,0.26963,0.31452,0.28673,0.30566,0.31585,0.30926,0.27263,0.32066,0.26634,0.28468,0.27908,0.28901
0.32373,0.27101,0.29219,0.26799,0.24734,0.26731,0.26365,0.28718,0.28688,0.27596,0.28104,0.29221,0.25277,0.28719,0.3095,0.2876,0.2963,0.27819,0.26963,0.31452,0.28673,0.30566,0.31585,0.30926,0.27263,0.32066,0.26634,0.28468,0.27799,0.28901
0.32373,0.27101,0.29219,0.26763,0.24734,0.26731,0.26365,0.28718,0.28688,0.27596,0.28104,0.29221,0.25013,0.28719,0.3095,0.2876,0.2963,0.27819,0.26963,0.31452,0.28673,0.30544,0.31155,0.30926,0.27263,0.32066,0.26634,0.28468,0.27799,0.28901
0.32373,0.27101,0.29219,0.26654,0.24734,0.26731,0.26365,0.28718,0.28688,0.27596,0.28104,0.28947,0.24722,0.28719,0.3095,0.2876,0.2963,0.27384,0.26963,0.31452,0.28673,0.305,0.31155,0.30926,0.27263,0.32066,0.26634,0.28468,0.27661,0.28737
0.32373,0.27101,0.29219,0.26609,0.24734,0.26731,0.26365,0.28718,0.28688,0.27445,0.28104,0.28947,0.24722,0.28719,0.3095,0.2876,0.2963,0.27269,0.26963,0.31452,0.28673,0.305,0.31155,0.30926,0.27263,0.31449,0.26634,0.28468,0.27661,0.28737
0.32373,0.27101,0.29219,0.26555,0.24734,0.26731,0.26365,0.28718,0.28688,0.2744,0.28104,0.28947,0.24722,0.28651,0.30865,0.28742,0.2963,0.27269,0.26963,0.31452,0.28117,0.305,0.30756,0.30926,0.27263,0.31449,0.26531,0.28468,0.27492,0.28737
0.32373,0.27101,0.29219,0.26555,0.24734,0.26731,0.26365,0.28718,0.28688,0.2744,0.28104,0.28947,0.24722,0.2832,0.30721,0.28595,0.29606,0.27269,0.26778,0.31452,0.28117,0.305,0.30756,0.30926,0.27263,0.31085,0.26531,0.28468,0.27427,0.28737
0.32373,0.27101,0.29219,0.26555,0.24549,0.26731,0.26365,0.28718,0.28688,0.2744,0.28104,0.28947,0.24722,0.2832,0.30721,0.28595,0.29606,0.27269,0.26676,0.31452,0.28117,0.29794,0.30658,0.30926,0.27263,0.31085,0.26531,0.28468,0.27235,0.28737
0.32373,0.27101,0.29123,0.26555,0.24549,0.26731,0.26365,0.28718,0.28688,0.26654,0.28104,0.28506,0.24722,0.2807,0.30594,0.28284,0.29606,0.27269,0.26676,0.31452,0.28117,0.29794,0.30658,0.30926,0.27263,0.31085,0.26504,0.28468,0.27235,0.28737
0.32373,0.27101,0.29123,0.26555,0.24549,0.26731,0.26365,0.28718,0.28688,0.26654,0.2796,0.28506,0.24722,0.28008,0.30594,0.28284,0.29606,0.27269,0.26676,0.31452,0.28117,0.29794,0.30658,0.30926,0.27263,0.31085,0.26504,0.28468,0.27235,0.28737
0.32373,0.27101,0.29123,0.26555,0.24549,0.26731,0.26365,0.28718,0.28688,0.26654,0.2796,0.28506,0.24722,0.28008,0.30594,0.28284,0.29606,0.27269,0.26676,0.31393,0.28117,0.29794,0.3057,0.30926,0.27263,0.31085,0.26504,0.28468,0.27235,0.28737
0.32373,0.27101,0.29123,0.26555,0.24158,0.26731,0.26365,0.28718,0.28688,0.26654,0.2796,0.28506,0.24722,0.27898,0.3058,0.28284,0.29606,0.27269,0.26676,0.31393,0.28117,0.29794,0.30525,0.30926,0.27263,0.31085,0.26504,0.28468,0.27169,0.28737
0.32373,0.27101,0.29123,0.26226,0.24158,0.26731,0.26365,0.28718,0.28688,0.26654,0.27839,0.28506,0.24722,0.27898,0.30447,0.28284,0.29606,0.27269,0.26676,0.31393,0.28117,0.29794,0.3037,0.30926,0.27263,0.31085,0.26504,0.28468,0.2713,0.28737
0.32373,0.27101,0.29123,0.26226,0.24158,0.26731,0.26274,0.28718,0.28688,0.26654,0.27839,0.28506,0.24722,0.27898,0.30447,0.28284,0.29606,0.27269,0.26676,0.30713,0.27977,0.29794,0.3037,0.30926,0.27263,0.31085,0.26504,0.28468,0.27032,0.28737
0.32373,0.27101,0.29123,0.26226,0.24158,0.26731,0.26252,0.28718,0.28688,0.26654,0.27752,0.28506,0.24722,0.27898,0.30447,0.28284,0.29206,0.26676,0.26676,0.30713,0.27977,0.29794,0.30159,0.30906,0.26542,0.31085,0.26504,0.28468,0.27032,0.28391
0.32373,0.27101,0.29123,0.26226,0.24158,0.26731,0.26252,0.28718,0.28586,0.26654,0.27752,0.28506,0.2456,0.27898,0.30447,0.28284,0.29206,0.26676,0.26676,0.30713,0.27977,0.29794,0.30159,0.3082,0.26542,0.31085,0.26504,0.28468,0.27032,0.28391
0.32373,0.27101,0.29123,0.26139,0.24158,0.26731,0.26252,0.28718,0.28586,0.26654,0.27752,0.28506,0.24376,0.27898,0.30447,0.28256,0.29206,0.26676,0.26556,0.30115,0.27977,0.29794,0.30159,0.30796,0.26542,0.31085,0.26504,0.28468,0.27032,0.28391
0.32373,0.26655,0.29123,0.26086,0.24158,0.26731,0.26252,0.28718,0.28586,0.26654,0.27752,0.28506,0.24376,0.27898,0.30345,0.28256,0.29206,0.26605,0.26371,0.30115,0.27977,0.29794,0.30159,0.30178,0.26542,0.31085,0.26504,0.28468,0.27032,0.28391
0.32373,0.26655,0.29123,0.26044,0.24158,0.26731,0.26252,0.28718,0.28586,0.26654,0.27752,0.28506,0.24376,0.27898,0.30345,0.28204,0.29206,0.26605,0.26371,0.30115,0.27977,0.29794,0.29789,0.30178,0.26542,0.31085,0.26121,0.28468,0.27032,0.28391
0.32373,0.26655,0.29123,0.26044,0.24158,0.26731,0.26252,0.28718,0.28586,0.26569,0.27752,0.28506,0.24376,0.27898,0.30345,0.28204,0.29206,0.26605,0.26353,0.30115,0.27921,0.29794,0.29457,0.30178,0.26542,0.31085,0.26121,0.28468,0.27026,0.28391
0.32373,0.26655,0.29123,0.26044,0.24158,0.26731,0.26252,0.28718,0.28586,0.26569,0.27752,0.28506,0.24376,0.27898,0.30345,0.28085,0.29206,0.26594,0.26329,0.30115,0.27921,0.29794,0.29322,0.30178,0.26542,0.31085,0.26121,0.28468,0.27026,0.28391
0.32373,0.26655,0.29053,0.26044,0.24158,0.26593,0.26252,0.28718,0.28586,0.26569,0.27752,0.28506,0.24376,0.27898,0.30345,0.28085,0.29206,0.26594,0.26086,0.30115,0.27905,0.29794,0.29322,0.3015,0.26542,0.31085,0.26121,0.28468,0.27026,0.28391
0.32373,0.26655,0.29053,0.26044,0.24158,0.26593,0.26252,0.28718,0.28586,0.26569,0.27739,0.28506,0.24376,0.27666,0.30345,0.28085,0.29206,0.26594,0.26086,0.30115,0.27905,0.29794,0.29322,0.3015,0.26542,0.31085,0.26121,0.28468,0.27026,0.28391
0.32373,0.26655,0.29053,0.26044,0.24158,0.26593,0.26252,0.28718,0.28586,0.26569,0.27739,0.28506,0.24376,0.27666,0.30345,0.28085,0.29206,0.26342,0.26086,0.30115,0.27794,0.29794,0.29322,0.30038,0.26542,0.31085,0.26121,0.28163,0.27026,0.28391
0.32373,0.26655,0.29053,0.26044,0.24158,0.26593,0.26252,0.28718,0.28586,0.26385,0.27739,0.28506,0.24376,0.27666,0.30345,0.28085,0.29206,0.26275,0.26026,0.29771,0.27794,0.28824,0.29127,0.30038,0.26542,0.31085,0.26121,0.28163,0.27026,0.28391
0.32373,0.26655,0.29053,0.26044,0.24158,0.26593,0.26252,0.28718,0.28586,0.26103,0.27739,0.28506,0.24376,0.27666,0.30345,0.28065,0.28917,0.26275,0.25956,0.29635,0.27793,0.28803,0.29127,0.29269,0.26542,0.31085,0.25797,0.28163,0.27026,0.28391
0.32373,0.26655,0.29053,0.26044,0.24158,0.26363,0.26252,0.28718,0.28586,0.26103,0.27739,0.28506,0.24376,0.27666,0.30345,0.28065,0.28054,0.26244,0.25956,0.29635,0.27793,0.28803,0.29127,0.29269,0.26542,0.31085,0.25797,0.28163,0.27026,0.28391
0.32373,0.26655,0.29053,0.26044,0.24158,0.2629,0.26252,0.28718,0.28586,0.26042,0.27635,0.28506,0.24376,0.27666,0.30345,0.27981,0.28034,0.26194,0.2594,0.29635,0.27793,0.28803,0.29127,0.29269,0.26542,0.31085,0.24747,0.28163,0.26863,0.28391
0.32373,0.26655,0.28879,0.26044,0.24158,0.26096,0.26252,0.28718,0.28586,0.26042,0.27635,0.28506,0.24376,0.27526,0.30312,0.27981,0.28034,0.26069,0.25844,0.29635,0.27538,0.28803,0.28878,0.29269,0.26542,0.31085,0.24691,0.28163,0.26863,0.27893
0.32373,0.26655,0.28879,0.26044,0.24158,0.26096,0.26252,0.28718,0.28586,0.26042,0.27614,0.28506,0.24376,0.27463,0.30165,0.27685,0.28034,0.25107,0.25844,0.29635,0.27538,0.28803,0.28878,0.29269,0.26542,0.31085,0.24691,0.28163,0.26863,0.27613
0.32373,0.26655,0.28879,0.26044,0.24158,0.26096,0.26252,0.28718,0.28586,0.26022,0.27614,0.28506,0.24285,0.27288,0.30023,0.27455,0.28034,0.25107,0.25601,0.29635,0.27538,0.28803,0.28878,0.29269,0.26542,0.31085,0.24691,0.28163,0.26863,0.27061
0.32373,0.26655,0.28821,0.26044,0.24158,0.26096,0.25954,0.28718,0.28586,0.26022,0.27614,0.28506,0.24285,0.27288,0.29882,0.27455,0.28034,0.25107,0.25601,0.29635,0.27538,0.28803,0.28878,0.29269,0.26542,0.31085,0.24691,0.28163,0.26863,0.27061
0.32373,0.26655,0.28819,0.25927,0.24158,0.26096,0.25954,0.28692,0.28586,0.25785,0.27614,0.28506,0.24285,0.27288,0.298,0.27455,0.28034,0.25107,0.25601,0.29635,0.27538,0.28803,0.28878,0.29269,0.26542,0.31085,0.24691,0.28078,0.26863,0.27061
0.32373,0.26655,0.28819,0.2592,0.23947,0.26096,0.25954,0.28692,0.28586,0.25785,0.27614,0.28506,0.24285,0.27288,0.2979,0.27455,0.28034,0.25107,0.25601,0.29635,0.27538,0.28803,0.28878,0.29269,0.26542,0.31085,0.24691,0.28066,0.26863,0.27061
0.32373,0.26655,0.28819,0.25858,0.23947,0.26096,0.25954,0.28692,0.28586,0.25785,0.27292,0.28506,0.24285,0.27086,0.29736,0.27455,0.28034,0.25107,0.25601,0.29635,0.27284,0.28803,0.28878,0.29269,0.26542,0.31085,0.24691,0.27806,0.26809,0.27061
0.32373,0.26655,0.28819,0.25858,0.23947,0.26096,0.25954,0.28692,0.28515,0.25785,0.27292,0.28506,0.24285,0.27086,0.29718,0.27452,0.28034,0.25107,0.25601,0.29635,0.27284,0.28803,0.28878,0.29269,0.26542,0.31085,0.24691,0.27765,0.26809,0.27061
0.32373,0.26655,0.28819,0.25569,0.23947,0.26096,0.25954,0.28692,0.28407,0.25785,0.27292,0.28506,0.24285,0.2706,0.29718,0.27452,0.28034,0.25107,0.25601,0.29635,0.27284,0.28803,0.28878,0.29269,0.26542,0.31085,0.24691,0.27765,0.26809,0.27061
0.32373,0.26655,0.28814,0.25378,0.23947,0.26068,0.25954,0.28502,0.28407,0.25785,0.27292,0.28506,0.23995,0.2706,0.29718,0.27452,0.28034,0.25107,0.25601,0.29635,0.27284,0.28803,0.28878,0.29269,0.26542,0.31085,0.24691,0.27765,0.26809,0.27061
0.32373,0.26655,0.28814,0.25346,0.23947,0.26048,0.25954,0.28502,0.28356,0.25785,0.27292,0.28506,0.23995,0.2706,0.29597,0.27452,0.28034,0.25107,0.25601,0.29635,0.27284,0.28803,0.28878,0.29269,0.26542,0.31085,0.24691,0.27765,0.26809,0.27061
0.32373,0.26655,0.28743,0.25311,0.23947,0.26048,0.25954,0.28502,0.28022,0.25785,0.27292,0.28506,0.23881,0.2706,0.29597,0.27452,0.28034,0.25107,0.25601,0.29635,0.27284,0.28803,0.28878,0.29269,0.26542,0.31085,0.24691,0.27765,0.26809,0.27061
0.32373,0.26339,0.28713,0.25289,0.23947,0.26048,0.25954,0.28502,0.28022,0.25785,0.27292,0.28506,0.23881,0.2706,0.28908,0.27109,0.27488,0.25107,0.25601,0.29635,0.27284,0.28803,0.28878,0.29269,0.26542,0.31085,0.24691,0.27765,0.26809,0.27061
0.32373,0.26339,0.28684,0.25237,0.23947,0.26048,0.25954,0.28502,0.28022,0.25785,0.27292,0.28506,0.23881,0.26847,0.28908,0.27109,0.27488,0.25107,0.25601,0.29635,0.27284,0.28803,0.28878,0.29269,0.26542,0.31085,0.24691,0.27765,0.26809,0.27061
0.32373,0.26339,0.28684,0.2514,0.23947,0.26048,0.25954,0.28502,0.27816,0.25785,0.27292,0.28506,0.23881,0.26847,0.28908,0.27109,0.27488,0.25107,0.25601,0.29635,0.27284,0.28803,0.28878,0.29269,0.26542,0.31085,0.24691,0.27765,0.26809,0.27061
0.32373,0.26339,0.28531,0.2514,0.23947,0.25988,0.25954,0.28502,0.27816,0.25785,0.27292,0.28506,0.23881,0.26847,0.28908,0.27109,0.27488,0.25107,0.25601,0.29635,0.27284,0.28227,0.28878,0.29269,0.26542,0.31085,0.24691,0.27765,0.26809,0.27061
0.32373,0.26339,0.28531,0.24982,0.23947,0.25988,0.25954,0.28237,0.27816,0.25785,0.27292,0.28506,0.23782,0.26847,0.28908,0.27109,0.27172,0.25078,0.25601,0.29261,0.27284,0.28227,0.28878,0.29269,0.26542,0.31085,0.24691,0.27765,0.26781,0.27061
0.32373,0.26339,0.28531,0.24982,0.23947,0.25988,0.25954,0.28237,0.27816,0.25785,0.27292,0.28089,0.23782,0.26847,0.28908,0.27109,0.27172,0.25078,0.25601,0.29261,0.27284,0.28227,0.28878,0.29269,0.26372,0.31085,0.24691,0.27765,0.26781,0.27061
0.32373,0.26339,0.28443,0.2482,0.23947,0.25988,0.25954,0.28237,0.27816,0.25785,0.27292,0.28089,0.23782,0.26847,0.28908,0.27093,0.26932,0.24963,0.25601,0.2916,0.27284,0.28227,0.28878,0.29269,0.26372,0.31085,0.24624,0.27765,0.26781,0.27061
0.32373,0.26339,0.28338,0.2482,0.23947,0.25988,0.25954,0.28237,0.27816,0.25785,0.27272,0.27403,0.23782,0.26847,0.28813,0.27093,0.26932,0.24963,0.25601,0.2916,0.27007,0.28227,0.28878,0.29269,0.26372,0.31085,0.24351,0.27765,0.26761,0.27061
0.32373,0.26339,0.28338,0.2482,0.23947,0.25988,0.25954,0.28237,0.27816,0.25785,0.27272,0.27403,0.23501,0.26847,0.28755,0.27093,0.26932,0.24963,0.25601,0.29142,0.27007,0.28227,0.28878,0.29269,0.26354,0.31085,0.24351,0.27765,0.26761,0.27061
0.32373,0.26339,0.28338,0.2482,0.23947,0.25988,0.25954,0.28237,0.27816,0.25785,0.27272,0.27305,0.23501,0.26847,0.28755,0.2674,0.26778,0.24926,0.25601,0.29142,0.27007,0.28227,0.28878,0.29269,0.26354,0.31085,0.24351,0.27765,0.26577,0.27061
0.32373,0.26339,0.28338,0.2482,0.23947,0.25988,0.25954,0.28237,0.27656,0.25785,0.27272,0.27281,0.23501,0.26847,0.28755,0.2674,0.26585,0.24712,0.25601,0.29142,0.27007,0.28227,0.28878,0.29269,0.25798,0.31085,0.24326,0.27765,0.26577,0.27061
0.32373,0.26339,0.28338,0.2482,0.23947,0.25988,0.25954,0.28237,0.27505,0.25785,0.2719,0.27281,0.23442,0.26847,0.28755,0.2674,0.26585,0.24703,0.25601,0.29142,0.27007,0.28213,0.28878,0.29269,0.25759,0.31085,0.24259,0.27765,0.26577,0.27061
0.32373,0.26339,0.28338,0.2482,0.23947,0.25988,0.25954,0.28237,0.27505,0.25785,0.2719,0.26927,0.23226,0.26847,0.28755,0.2674,0.26585,0.24539,0.25601,0.29142,0.27007,0.28145,0.28878,0.29269,0.25759,0.31085,0.24185,0.27765,0.26577,0.27061
0.32373,0.26339,0.28338,0.2482,0.23947,0.25988,0.25954,0.28237,0.27292,0.25785,0.2719,0.26927,0.23226,0.26847,0.28579,0.2674,0.26585,0.2444,0.25601,0.29142,0.27007,0.28145,0.28878,0.2909,0.25759,0.31085,0.24105,0.27765,0.26577,0.27061
0.32373,0.26339,0.28338,0.2482,0.23947,0.25988,0.25954,0.28237,0.27292,0.25785,0.27126,0.26883,0.2322,0.26847,0.28579,0.2674,0.26585,0.2444,0.25601,0.29142,0.27007,0.28145,0.28878,0.2909,0.25759,0.31085,0.23972,0.27765,0.26577,0.27061
0.32373,0.26339,0.28338,0.24755,0.23947,0.25988,0.25954,0.28237,0.27292,0.25778,0.27126,0.26601,0.2322,0.26847,0.28579,0.2674,0.26585,0.2444,0.25601,0.29142,0.27007,0.28145,0.28878,0.2909,0.2506,0.31085,0.23972,0.27706,0.26439,0.27061
0.32373,0.26339,0.28338,0.24755,0.23947,0.25988,0.25954,0.28237,0.26998,0.25778,0.26974,0.26601,0.2322,0.26847,0.28579,0.2674,0.26585,0.2444,0.25601,0.29142,0.27007,0.28145,0.28878,0.29042,0.2506,0.31085,0.23911,0.27703,0.26439,0.27061
0.32373,0.26339,0.28146,0.24744,0.23947,0.25988,0.25954,0.28237,0.26554,0.25714,0.26974,0.26601,0.2322,0.26651,0.28579,0.2674,0.26442,0.24194,0.25512,0.29142,0.27007,0.28145,0.28878,0.29042,0.25043,0.31085,0.23911,0.27703,0.26439,0.27061
0.32373,0.26339,0.28146,0.24744,0.23947,0.25988,0.25954,0.28237,0.26554,0.2556,0.26974,0.26601,0.2322,0.26651,0.28579,0.2674,0.26442,0.24178,0.25512,0.29142,0.27007,0.28145,0.28878,0.29042,0.25039,0.31085,0.23862,0.27703,0.26439,0.27061
0.32373,0.26339,0.28146,0.24723,0.23947,0.2578,0.25954,0.28237,0.26345,0.2556,0.26974,0.26601,0.2322,0.26651,0.28471,0.2674,0.26442,0.24178,0.25512,0.29142,0.27007,0.28145,0.28878,0.29042,0.25039,0.31085,0.23862,0.27308,0.26439,0.27061
0.32373,0.26339,0.28146,0.24656,0.23947,0.25713,0.25954,0.28237,0.26345,0.2556,0.26974,0.26601,0.2322,0.26651,0.28471,0.2674,0.2609,0.24178,0.25512,0.29142,0.27007,0.28116,0.28878,0.29042,0.25038,0.31085,0.2381,0.27174,0.26439,0.27061
0.32373,0.26339,0.28146,0.24524,0.23947,0.25713,0.25954,0.28237,0.26345,0.2556,0.26974,0.25955,0.2322,0.26651,0.28365,0.2674,0.26074,0.24178,0.25512,0.29142,0.27007,0.28116,0.28878,0.29042,0.25038,0.31085,0.2381,0.27113,0.26404,0.27061
0.32373,0.26339,0.28146,0.24524,0.23947,0.25713,0.25954,0.28237,0.26345,0.2556,0.26974,0.25658,0.23219,0.26651,0.28365,0.2674,0.26074,0.24178,0.25512,0.29142,0.27007,0.28116,0.28878,0.28721,0.25038,0.31085,0.23695,0.27113,0.26404,0.27061
0.32373,0.26339,0.28146,0.24524,0.23947,0.25713,0.25954,0.28237,0.262,0.2556,0.26974,0.25152,0.23219,0.26651,0.28365,0.2674,0.26074,0.24178,0.25512,0.29104,0.27007,0.27916,0.28878,0.28721,0.25038,0.31085,0.23695,0.27113,0.26223,0.27061
0.32373,0.26339,0.28146,0.24524,0.23947,0.25713,0.25954,0.28237,0.26167,0.25498,0.26974,0.25152,0.23219,0.26651,0.28365,0.2674,0.26074,0.24178,0.25512,0.29049,0.27007,0.27916,0.28878,0.28721,0.25038,0.31085,0.23695,0.26997,0.26223,0.27061
0.32373,0.26339,0.28146,0.24524,0.23947,0.25713,0.25954,0.28237,0.26167,0.25498,0.26974,0.25152,0.23204,0.26651,0.28365,0.2674,0.26074,0.24178,0.25512,0.28578,0.27007,0.27916,0.28878,0.28483,0.24842,0.31085,0.23695,0.26997,0.26223,0.27061
0.32373,0.26339,0.28146,0.24524,0.23947,0.25713,0.25954,0.28237,0.25106,0.25473,0.26974,0.25152,0.23085,0.26651,0.28365,0.2674,0.26074,0.24178,0.25512,0.28578,0.27007,0.27916,0.28878,0.28483,0.24842,0.31085,0.23695,0.26997,0.26223,0.27061
0.32373,0.26339,0.28146,0.24518,0.23947,0.25713,0.25954,0.28237,0.25106,0.25425,0.26974,0.25152,0.23085,0.26651,0.28365,0.2674,0.26074,0.24178,0.25512,0.28578,0.27007,0.27916,0.28878,0.28483,0.24842,0.31085,0.23695,0.2697,0.26223,0.27061
0.32373,0.26339,0.28146,0.2434,0.23947,0.25713,0.25954,0.28237,0.25106,0.25425,0.26974,0.25152,0.23085,0.26651,0.28365,0.2674,0.26074,0.24178,0.25512,0.28578,0.27007,0.27775,0.28878,0.28232,0.24842,0.31085,0.23695,0.2697,0.26223,0.27061
0.32373,0.26339,0.28146,0.24277,0.23947,0.25713,0.25954,0.28237,0.25106,0.25425,0.26974,0.25152,0.23085,0.26497,0.28365,0.2674,0.26074,0.24178,0.25512,0.28578,0.27007,0.27775,0.28878,0.28232,0.24842,0.31085,0.23695,0.26804,0.26223,0.27061
0.32373,0.26339,0.28146,0.24277,0.23947,0.25713,0.25954,0.28237,0.25106,0.25425,0.26974,0.25152,0.23085,0.26497,0.28365,0.2674,0.26074,0.24178,0.25512,0.28578,0.27007,0.27775,0.28878,0.28232,0.24842,0.31085,0.23695,0.26804,0.26223,0.27061
0.32373,0.26339,0.28146,0.24277,0.23947,0.25713,0.25954,0.28237,0.25106,0.25425,0.26974,0.25152,0.23085,0.26497,0.28365,0.2674,0.26074,0.24178,0.25512,0.28578,0.27007,0.27756,0.28878,0.28232,0.24842,0.31085,0.23695,0.26804,0.26201,0.27061
0.32373,0.26339,0.28146,0.24277,0.23947,0.25635,0.25954,0.28237,0.25106,0.25386,0.26974,0.25152,0.23085,0.26497,0.28306,0.2674,0.26021,0.24178,0.25512,0.28578,0.26744,0.27756,0.28878,0.28232,0.24842,0.31085,0.23695,0.26804,0.26179,0.27061
0.32373,0.26339,0.28146,0.24277,0.23911,0.25635,0.25954,0.28237,0.25106,0.25386,0.26974,0.25152,0.23085,0.26497,0.28178,0.2674,0.25732,0.24178,0.25512,0.28578,0.26591,0.27756,0.28878,0.28232,0.24842,0.31085,0.23695,0.26234,0.26179,0.27061
0.32331,0.26339,0.28146,0.24277,0.23911,0.25572,0.25954,0.28237,0.25106,0.25349,0.26974,0.25152,0.23048,0.26369,0.28069,0.2674,0.25732,0.24177,0.25512,0.28578,0.26456,0.27756,0.28878,0.28232,0.24842,0.31085,0.23695,0.26234,0.26179,0.27006
0.32331,0.26339,0.28146,0.24277,0.23911,0.25572,0.25954,0.28237,0.25106,0.25349,0.26974,0.25152,0.23,0.26369,0.28069,0.2674,0.25732,0.24177,0.25512,0.28578,0.26456,0.27756,0.28878,0.28232,0.24842,0.31085,0.23695,0.26234,0.25985,0.26883
0.32302,0.26339,0.27996,0.24277,0.23911,0.25572,0.25954,0.28237,0.25106,0.25349,0.26974,0.25152,0.2298,0.26369,0.28069,0.2674,0.25732,0.24177,0.25512,0.28578,0.26456,0.27756,0.28878,0.28232,0.24842,0.31085,0.23695,0.26234,0.25985,0.26883
0.32302,0.26339,0.27996,0.24277,0.23911,0.25572,0.25954,0.28237,0.25106,0.25328,0.26974,0.25152,0.2298,0.2628,0.2803,0.2674,0.25732,0.24177,0.25512,0.27789,0.26456,0.27756,0.28878,0.28232,0.24789,0.31085,0.23695,0.26234,0.25985,0.26883
0.32302,0.25887,0.27996,0.24277,0.23911,0.25572,0.25954,0.28237,0.2502,0.25319,0.26974,0.25152,0.22804,0.26178,0.28017,0.2674,0.25732,0.24177,0.25512,0.27789,0.26456,0.27756,0.28878,0.28191,0.24731,0.31085,0.23695,0.26234,0.25985,0.26883
0.32302,0.25887,0.27996,0.24277,0.23911,0.25467,0.25954,0.28237,0.24841,0.25319,0.26974,0.25152,0.22804,0.26178,0.28017,0.2674,0.25732,0.24177,0.25512,0.27789,0.26266,0.27756,0.28878,0.27721,0.24731,0.31085,0.23695,0.26234,0.25985,0.26883
0.32302,0.25887,0.27996,0.2427,0.23911,0.25467,0.25954,0.28237,0.24841,0.25269,0.26974,0.25152,0.22804,0.26178,0.28017,0.2674,0.25576,0.23938,0.25512,0.27789,0.26266,0.27756,0.28878,0.27721,0.24077,0.31085,0.23695,0.2621,0.25985,0.26883
0.32302,0.25887,0.27996,0.2427,0.23911,0.25467,0.25954,0.28237,0.24841,0.25151,0.26974,0.25152,0.22804,0.25967,0.28017,0.2674,0.25576,0.23867,0.25419,0.27789,0.26266,0.27756,0.28878,0.27721,0.24077,0.31085,0.23695,0.26036,0.25985,0.26883
0.32011,0.25887,0.27996,0.2427,0.23911,0.25467,0.25954,0.28237,0.24841,0.25134,0.26974,0.25152,0.22804,0.25967,0.28004,0.26663,0.25576,0.23867,0.25419,0.27789,0.26266,0.27756,0.28878,0.27721,0.24077,0.31085,0.23695,0.26036,0.25953,0.26883
0.32011,0.25887,0.27996,0.2427,0.23911,0.25467,0.25954,0.28237,0.24841,0.25134,0.25623,0.25152,0.22804,0.25967,0.27986,0.26663,0.25576,0.23867,0.25419,0.27789,0.26266,0.27756,0.28878,0.27721,0.24077,0.31085,0.23695,0.26036,0.25918,0.26883
0.31917,0.25887,0.27996,0.24139,0.23911,0.25467,0.25954,0.28237,0.24841,0.25119,0.25623,0.25152,0.22804,0.25967,0.27854,0.26663,0.25576,0.23867,0.25419,0.27789,0.26266,0.27756,0.28878,0.27721,0.24077,0.31085,0.23695,0.26036,0.25876,0.26707
0.31917,0.25887,0.27996,0.24079,0.23911,0.25467,0.25572,0.28237,0.24841,0.25119,0.25623,0.25152,0.22733,0.25945,0.27854,0.26663,0.25576,0.23789,0.25419,0.27789,0.26266,0.27756,0.28878,0.27721,0.24077,0.31085,0.23695,0.26036,0.25831,0.26707
0.31917,0.25887,0.27996,0.24062,0.23911,0.25467,0.25572,0.28237,0.24841,0.25119,0.25623,0.25152,0.22733,0.25945,0.27854,0.26663,0.25576,0.23633,0.25419,0.27789,0.26266,0.27722,0.28878,0.27721,0.24077,0.31085,0.23695,0.26036,0.2577,0.26707
0.31917,0.25887,0.27996,0.24062,0.23509,0.25467,0.25572,0.28237,0.24841,0.25119,0.25623,0.25152,0.22619,0.25945,0.27854,0.26527,0.25576,0.23629,0.25419,0.27789,0.26266,0.27722,0.28878,0.27721,0.24077,0.31085,0.23695,0.26036,0.2577,0.26707
0.31712,0.25887,0.27943,0.24062,0.23509,0.25467,0.25572,0.28237,0.24841,0.25119,0.25623,0.25152,0.22619,0.25945,0.27854,0.26527,0.25576,0.23629,0.25419,0.27789,0.26266,0.27722,0.28878,0.27554,0.24077,0.31085,0.23695,0.26036,0.25749,0.26707
0.31712,0.25887,0.27866,0.24031,0.23509,0.25467,0.25572,0.28237,0.24841,0.25119,0.25623,0.25152,0.22568,0.25945,0.27854,0.26527,0.25576,0.23629,0.25419,0.27789,0.26266,0.27722,0.28878,0.27554,0.24077,0.31085,0.23695,0.26036,0.25612,0.26707
0.31712,0.25887,0.27866,0.24031,0.23509,0.25467,0.25572,0.28237,0.24841,0.25119,0.25623,0.25152,0.22568,0.25945,0.2748,0.26527,0.25576,0.23629,0.25419,0.27789,0.26266,0.27716,0.28878,0.27554,0.24077,0.31085,0.23695,0.25926,0.25612,0.26707
0.31712,0.25887,0.27858,0.23864,0.23509,0.25467,0.25572,0.28237,0.24841,0.25041,0.25623,0.25152,0.22464,0.25945,0.2748,0.26527,0.25576,0.23629,0.25419,0.27789,0.26266,0.27696,0.28878,0.27554,0.24077,0.31085,0.23695,0.25926,0.25606,0.26011
0.31712,0.25887,0.27853,0.23783,0.23509,0.25467,0.25572,0.28237,0.24841,0.25041,0.25076,0.25152,0.22418,0.25945,0.2748,0.26381,0.25576,0.2346,0.25419,0.27789,0.26266,0.27696,0.28878,0.27184,0.24077,0.31085,0.23695,0.25926,0.25573,0.26011
0.31712,0.25887,0.27853,0.23783,0.23509,0.25467,0.25572,0.28237,0.24841,0.25041,0.23711,0.25152,0.2223,0.25945,0.2748,0.26381,0.25576,0.2346,0.25419,0.27789,0.26266,0.27696,0.28878,0.27184,0.24077,0.31085,0.23542,0.25926,0.25454,0.26011
0.31712,0.25887,0.27853,0.23783,0.23509,0.25467,0.25572,0.28053,0.24841,0.25041,0.23711,0.25152,0.2223,0.25945,0.27154,0.26069,0.25576,0.2346,0.25419,0.27789,0.26266,0.27696,0.28878,0.27184,0.23901,0.31085,0.23359,0.25926,0.25454,0.26011
0.31633,0.25887,0.27853,0.23783,0.23307,0.25467,0.25572,0.28053,0.24841,0.25041,0.23711,0.25152,0.22209,0.25945,0.27154,0.26019,0.25576,0.23422,0.25378,0.27789,0.26266,0.27696,0.28878,0.27184,0.23901,0.31085,0.23276,0.25926,0.25454,0.26011
0.31633,0.25887,0.27837,0.23783,0.23307,0.25467,0.25572,0.28053,0.24841,0.25041,0.23711,0.25152,0.22209,0.25905,0.27154,0.25897,0.25438,0.23388,0.25378,0.27789,0.26266,0.27696,0.28878,0.27171,0.23871,0.31085,0.23276,0.2571,0.25404,0.26011
0.31633,0.25887,0.27837,0.23783,0.23307,0.25467,0.25572,0.28053,0.24388,0.25041,0.23711,0.25152,0.22139,0.25816,0.27154,0.25897,0.25438,0.23388,0.25378,0.27789,0.26266,0.27696,0.28878,0.27171,0.23871,0.31085,0.23258,0.25701,0.25363,0.26011
0.31513,0.25887,0.27837,0.23783,0.23307,0.25467,0.25572,0.28053,0.24388,0.25041,0.23711,0.25152,0.21847,0.25816,0.27154,0.2589,0.25438,0.23388,0.25086,0.27789,0.26266,0.27696,0.28878,0.27171,0.23871,0.31085,0.23258,0.25701,0.25363,0.26011
0.31244,0.25842,0.27805,0.23783,0.23307,0.25467,0.25572,0.28053,0.24388,0.24753,0.23711,0.25152,0.21847,0.25564,0.27154,0.2589,0.25405,0.23388,0.2503,0.27789,0.26266,0.27696,0.28878,0.27171,0.23774,0.31085,0.23258,0.25701,0.25297,0.26011
0.31244,0.25371,0.27805,0.23783,0.23307,0.25467,0.25572,0.28053,0.24388,0.24753,0.23711,0.25152,0.21847,0.25564,0.27154,0.2589,0.25405,0.23388,0.25,0.27789,0.26266,0.27696,0.28878,0.27171,0.23772,0.31085,0.23258,0.25701,0.25297,0.26011
0.31244,0.25371,0.27805,0.23783,0.23019,0.25467,0.25572,0.28053,0.24388,0.24753,0.23711,0.25152,0.21847,0.25563,0.27154,0.2589,0.25405,0.23388,0.25,0.27789,0.26266,0.27696,0.28878,0.27171,0.23648,0.31085,0.23258,0.25701,0.25297,0.26011
0.31244,0.25371,0.27695,0.23783,0.23019,0.25467,0.25572,0.28053,0.24388,0.24753,0.23711,0.25152,0.21847,0.2521,0.27154,0.2589,0.25264,0.23388,0.24831,0.27789,0.26266,0.27696,0.28878,0.27171,0.23648,0.31085,0.23258,0.2552,0.25297,0.26011
0.31244,0.25371,0.27695,0.23769,0.23019,0.25467,0.25572,0.28053,0.24388,0.24753,0.23711,0.25152,0.21847,0.2521,0.27154,0.2589,0.25264,0.23388,0.24831,0.27789,0.26266,0.27696,0.28878,0.27171,0.23648,0.31085,0.23258,0.2552,0.25297,0.26011
0.31244,0.25371,0.27695,0.23769,0.23019,0.25467,0.25572,0.28053,0.24388,0.24753,0.23711,0.25152,0.21783,0.25118,0.27154,0.2589,0.25092,0.23388,0.24831,0.27789,0.26266,0.27696,0.28878,0.27171,0.23648,0.31085,0.23258,0.25327,0.25297,0.26011
0.31244,0.25371,0.27695,0.23769,0.22652,0.25467,0.25572,0.28053,0.24388,0.24753,0.23711,0.25152,0.21783,0.25118,0.27154,0.2589,0.24955,0.23388,0.24831,0.27789,0.26266,0.27696,0.28878,0.27171,0.23648,0.31085,0.23233,0.25289,0.2525,0.26011
0.31244,0.25371,0.27695,0.23707,0.22652,0.25467,0.25572,0.28053,0.24388,0.24753,0.23711,0.25152,0.2164,0.25118,0.27154,0.2589,0.24955,0.23014,0.24831,0.27789,0.26266,0.27696,0.28878,0.27059,0.23522,0.31085,0.23233,0.25236,0.25195,0.26011
0.31244,0.25371,0.27695,0.23707,0.22652,0.25432,0.25572,0.28053,0.24388,0.24753,0.23711,0.25152,0.21535,0.24931,0.27154,0.2589,0.24955,0.22812,0.24831,0.27789,0.26266,0.27696,0.28719,0.27059,0.23522,0.31085,0.23228,0.25088,0.25195,0.26011
0.31244,0.25371,0.27695,0.23706,0.22652,0.25432,0.25572,0.28053,0.24388,0.24753,0.23711,0.25152,0.21535,0.2471,0.27154,0.2589,0.24955,0.22812,0.24831,0.27574,0.26266,0.27696,0.28696,0.27059,0.23522,0.31085,0.23218,0.25088,0.25195,0.26011
