0.031911,0.02197,0.020647,0.020555,0.027099,0.022527,0.024364,0.026066,0.019105,0.022532,0.020704,0.028943,0.020641,0.024708,0.025347,0.01953,0.024038,0.020196,0.022518,0.021744,0.02937,0.023392,0.028975,0.027626,0.02215,0.024317,0.033726,0.022684,0.021259,0.028347
0.031911,0.019812,0.020647,0.020555,0.027099,0.022217,0.024364,0.023047,0.018708,0.022503,0.020704,0.025111,0.020641,0.024359,0.023873,0.01953,0.024038,0.020196,0.022518,0.021744,0.02937,0.023189,0.022489,0.027626,0.021187,0.024224,0.030803,0.02238,0.019568,0.028347
0.01744,0.019812,0.020647,0.020555,0.027099,0.022217,0.024364,0.023047,0.018708,0.022503,0.020066,0.025017,0.020499,0.021682,0.022833,0.01953,0.01852,0.020196,0.020992,0.021744,0.022195,0.023189,0.01936,0.020343,0.021187,0.024043,0.025255,0.022147,0.018836,0.028347
0.01744,0.019812,0.020647,0.019999,0.027099,0.022163,0.024364,0.020413,0.018708,0.021549,0.020066,0.024895,0.020499,0.021682,0.021849,0.01953,0.01852,0.020196,0.016068,0.021076,0.022195,0.022977,0.01936,0.020343,0.021187,0.024007,0.024741,0.022075,0.018836,0.02807
0.01744,0.019812,0.020647,0.019702,0.026403,0.022163,0.024364,0.020413,0.018708,0.021549,0.018157,0.024679,0.020499,0.019529,0.021849,0.01953,0.01852,0.020196,0.016068,0.02014,0.022195,0.022528,0.01936,0.020343,0.020002,0.019804,0.024394,0.022075,0.018836,0.02807
0.01744,0.018861,0.020647,0.019702,0.017443,0.022121,0.024364,0.020413,0.018708,0.021493,0.018157,0.024679,0.019833,0.019529,0.021849,0.017424,0.01852,0.020196,0.016068,0.02014,0.022195,0.022528,0.019208,0.020343,0.020002,0.019804,0.023825,0.022075,0.018836,0.02807
0.01744,0.018732,0.020647,0.018699,0.017442,0.022011,0.024364,0.020413,0.018708,0.021338,0.018157,0.024679,0.019833,0.019529,0.021849,0.017424,0.01852,0.020196,0.016068,0.02014,0.022195,0.017088,0.019133,0.019455,0.020002,0.019804,0.023825,0.022075,0.01839,0.02807
0.01744,0.018732,0.020647,0.018699,0.017442,0.022011,0.024364,0.020413,0.018708,0.021338,0.018157,0.024679,0.019833,0.019529,0.021849,0.017424,0.01852,0.020196,0.016068,0.019779,0.022195,0.017088,0.019026,0.019455,0.019597,0.019804,0.023311,0.022075,0.01839,0.02807
0.01744,0.018732,0.020647,0.018699,0.017323,0.022011,0.018528,0.020413,0.018708,0.021116,0.018157,0.024679,0.018268,0.019529,0.021849,0.017424,0.01852,0.020196,0.016068,0.019722,0.021939,0.017088,0.019026,0.019455,0.019597,0.019804,0.022467,0.022075,0.01839,0.02807
0.01744,0.018266,0.020647,0.018699,0.017323,0.022011,0.017028,0.019645,0.018708,0.02101,0.017525,0.024679,0.018268,0.019529,0.021849,0.017424,0.01852,0.020196,0.016068,0.019722,0.021713,0.017088,0.019026,0.019455,0.019597,0.01688,0.022178,0.022075,0.01839,0.02807
0.01744,0.018266,0.020647,0.018699,0.01691,0.022011,0.017028,0.019645,0.018708,0.02101,0.01738,0.024679,0.018268,0.019529,0.021849,0.017424,0.01852,0.020196,0.016068,0.019722,0.021713,0.017088,0.019026,0.016125,0.019597,0.016545,0.022178,0.022075,0.01839,0.02807
0.01744,0.018266,0.020647,0.018699,0.01691,0.022011,0.017028,0.019645,0.018708,0.020684,0.016695,0.024679,0.018268,0.019529,0.021849,0.017424,0.01852,0.020196,0.016068,0.019402,0.021713,0.017084,0.019026,0.016125,0.019597,0.016545,0.02027,0.022075,0.01839,0.02807
0.01744,0.018266,0.020647,0.018699,0.01691,0.022011,0.017028,0.019567,0.018708,0.020684,0.016235,0.024679,0.018268,0.018026,0.021849,0.017424,0.01852,0.020196,0.016068,0.019344,0.021538,0.017084,0.019026,0.016125,0.019597,0.016545,0.02027,0.022075,0.01839,0.02807
0.01744,0.018266,0.020647,0.018699,0.01691,0.021967,0.017028,0.019567,0.018708,0.020684,0.016235,0.024679,0.018268,0.018026,0.021849,0.017424,0.01852,0.020196,0.016068,0.019344,0.021538,0.015137,0.018869,0.016125,0.019597,0.016545,0.02027,0.022075,0.01839,0.02807
0.01744,0.018266,0.020647,0.018699,0.01691,0.021923,0.017028,0.019218,0.018708,0.020684,0.016235,0.024679,0.017343,0.018026,0.021849,0.017424,0.01852,0.020196,0.016068,0.019318,0.021262,0.015137,0.018869,0.016125,0.019597,0.016545,0.02027,0.021841,0.01839,0.02807
0.01744,0.018266,0.020647,0.018699,0.01691,0.021923,0.016943,0.019218,0.018708,0.020684,0.016235,0.024679,0.017343,0.018026,0.021849,0.017424,0.01852,0.020196,0.016068,0.017634,0.021262,0.015137,0.018869,0.016125,0.019597,0.016545,0.0197,0.021841,0.01839,0.02807
0.01744,0.018266,0.020647,0.018699,0.01691,0.021923,0.016943,0.019218,0.018708,0.020652,0.016235,0.024679,0.017343,0.018026,0.021849,0.017424,0.01852,0.020196,0.016068,0.017634,0.021262,0.015137,0.018869,0.016125,0.019597,0.016545,0.0197,0.021841,0.01839,0.02807
0.01744,0.018266,0.020647,0.018699,0.01691,0.021923,0.016757,0.019218,0.018708,0.020652,0.016235,0.024679,0.016809,0.018026,0.021849,0.017424,0.01852,0.020196,0.016068,0.017634,0.021262,0.015137,0.018869,0.016125,0.019597,0.016545,0.0197,0.021841,0.01839,0.02807
0.01744,0.018266,0.020647,0.018699,0.01691,0.021923,0.016757,0.019218,0.018708,0.020652,0.016225,0.024679,0.016809,0.018026,0.021849,0.017424,0.01852,0.020196,0.016068,0.017634,0.021262,0.015137,0.018869,0.016125,0.019597,0.016545,0.0197,0.021841,0.01839,0.02807
0.01744,0.018266,0.020647,0.018699,0.01691,0.021923,0.01616,0.019218,0.018708,0.020652,0.016225,0.024679,0.016809,0.018026,0.021849,0.017424,0.01852,0.020196,0.016068,0.017634,0.021262,0.015137,0.018869,0.016125,0.019597,0.016545,0.0197,0.021841,0.018232,0.02807
0.01744,0.018266,0.020647,0.018699,0.01691,0.021923,0.01616,0.019218,0.018708,0.020344,0.016225,0.024679,0.01665,0.018026,0.021849,0.016585,0.01852,0.020196,0.016068,0.017634,0.021262,0.015137,0.018869,0.016125,0.019597,0.016545,0.0197,0.021841,0.018232,0.02807
0.01744,0.018266,0.020647,0.018699,0.01691,0.021923,0.01616,0.019218,0.018708,0.020331,0.016225,0.024679,0.016648,0.018026,0.021849,0.016585,0.01852,0.020196,0.016068,0.017634,0.021262,0.015137,0.018869,0.016125,0.019597,0.016545,0.0197,0.021841,0.018232,0.02807
0.01744,0.018266,0.020647,0.018699,0.01691,0.021923,0.01616,0.019218,0.018708,0.020109,0.016225,0.024679,0.016648,0.018026,0.021849,0.016327,0.017076,0.020196,0.016068,0.017634,0.021262,0.015137,0.018869,0.016125,0.019597,0.016545,0.0197,0.021841,0.018232,0.02807
0.01744,0.018266,0.020647,0.018699,0.01691,0.021923,0.016141,0.019218,0.018708,0.019989,0.016225,0.024679,0.016648,0.018026,0.021849,0.016327,0.017076,0.020196,0.016068,0.017634,0.021262,0.015137,0.018869,0.016125,0.019597,0.016545,0.0197,0.021841,0.018232,0.02807
0.01744,0.018266,0.020647,0.018699,0.01691,0.021923,0.016141,0.019218,0.018708,0.019989,0.015809,0.024679,0.016648,0.018026,0.021849,0.016327,0.017076,0.020196,0.016068,0.017634,0.021262,0.015137,0.018869,0.016125,0.019597,0.016545,0.0197,0.021841,0.018232,0.02807
0.01744,0.018266,0.020647,0.018699,0.01691,0.021923,0.016141,0.019218,0.018708,0.019673,0.015809,0.024679,0.016457,0.018026,0.021849,0.016015,0.017076,0.020196,0.016068,0.017615,0.021262,0.015137,0.017998,0.016125,0.019597,0.016545,0.019621,0.021841,0.018232,0.02807
0.01744,0.018266,0.020647,0.018699,0.01691,0.021923,0.016141,0.019218,0.018708,0.019673,0.015809,0.024679,0.016393,0.018026,0.021849,0.015996,0.017076,0.020196,0.016068,0.017615,0.021262,0.015137,0.017912,0.016125,0.019597,0.016545,0.019331,0.021841,0.018232,0.02807
0.01744,0.018266,0.020647,0.018699,0.01691,0.021923,0.015974,0.019218,0.018708,0.019639,0.015809,0.024679,0.016393,0.018026,0.021849,0.015996,0.017076,0.020196,0.016068,0.017423,0.021262,0.015137,0.017912,0.016125,0.019597,0.016545,0.019331,0.021841,0.01742,0.02807
0.01744,0.018266,0.020647,0.018699,0.01691,0.021923,0.015974,0.019218,0.018708,0.019639,0.015809,0.024679,0.016393,0.018026,0.021849,0.015941,0.017076,0.020196,0.016068,0.017423,0.021262,0.015137,0.017912,0.016125,0.019597,0.016545,0.019331,0.021841,0.01742,0.02807
0.01744,0.018266,0.020647,0.018699,0.01691,0.021923,0.015954,0.019218,0.018708,0.019639,0.015809,0.024679,0.016393,0.018026,0.021849,0.015941,0.017076,0.020196,0.016068,0.017423,0.021262,0.015137,0.017912,0.016125,0.019597,0.016545,0.019331,0.021841,0.01742,0.02807
0.01744,0.018266,0.020312,0.018699,0.01691,0.021923,0.015954,0.019218,0.018708,0.019639,0.015809,0.024679,0.016393,0.018026,0.021849,0.01588,0.017076,0.020196,0.016068,0.017177,0.021262,0.015137,0.017912,0.016125,0.019597,0.016545,0.019331,0.021841,0.016567,0.02807
0.01744,0.018266,0.020312,0.018699,0.01691,0.021923,0.015954,0.017902,0.018708,0.019639,0.015809,0.024679,0.016393,0.018026,0.021849,0.015075,0.017076,0.020196,0.016068,0.017102,0.021262,0.015137,0.017912,0.016125,0.019597,0.016545,0.017478,0.021841,0.016567,0.02807
0.01744,0.018266,0.020312,0.018699,0.016578,0.021923,0.015954,0.017902,0.018708,0.019639,0.015809,0.024679,0.016393,0.018026,0.021849,0.015075,0.017076,0.020196,0.016068,0.017102,0.021262,0.015137,0.017912,0.016125,0.019597,0.016545,0.017478,0.021841,0.016567,0.02807
0.01744,0.018266,0.020312,0.018699,0.016578,0.021923,0.015954,0.017902,0.018708,0.019639,0.015809,0.024679,0.016393,0.018026,0.021849,0.015075,0.017076,0.020196,0.016068,0.017102,0.021262,0.015137,0.017912,0.016125,0.019597,0.016545,0.017478,0.021841,0.016567,0.02807
0.01744,0.018266,0.020312,0.018699,0.016578,0.021923,0.015954,0.017902,0.018708,0.019639,0.015809,0.024679,0.016393,0.018026,0.021849,0.015075,0.017076,0.020196,0.016068,0.017102,0.021262,0.015137,0.017912,0.016125,0.019597,0.016545,0.017478,0.021841,0.016567,0.02807
0.01744,0.018266,0.020312,0.018699,0.016578,0.021923,0.015954,0.017902,0.018708,0.019639,0.015809,0.024679,0.016393,0.018026,0.021849,0.014963,0.017076,0.020196,0.016068,0.017102,0.021262,0.015137,0.01788,0.016125,0.019597,0.016545,0.017478,0.021841,0.016567,0.02807
0.01744,0.018266,0.020312,0.018699,0.016578,0.021923,0.015954,0.017902,0.018708,0.019639,0.015809,0.024679,0.016393,0.018026,0.021849,0.014963,0.017076,0.020196,0.016068,0.017032,0.021262,0.015137,0.01788,0.016125,0.019597,0.016545,0.017259,0.021841,0.016567,0.02807
0.01744,0.018266,0.020312,0.018699,0.016578,0.021923,0.015954,0.017902,0.018708,0.019639,0.015809,0.024679,0.016393,0.018026,0.021849,0.014963,0.017076,0.020196,0.016068,0.017032,0.021262,0.015137,0.01788,0.016125,0.019597,0.016545,0.01688,0.021841,0.016567,0.02807
0.01744,0.018266,0.020312,0.018699,0.016487,0.021923,0.015954,0.017902,0.018708,0.019639,0.015809,0.024679,0.016393,0.018026,0.021849,0.014963,0.016359,0.020196,0.016068,0.017032,0.021262,0.015137,0.01788,0.016125,0.019597,0.016545,0.016781,0.021841,0.016567,0.02807
0.01744,0.018266,0.020312,0.018699,0.016487,0.021923,0.015954,0.017902,0.018708,0.018958,0.015809,0.024679,0.016393,0.018026,0.021849,0.014963,0.016359,0.020196,0.016068,0.017032,0.021262,0.015137,0.01788,0.016125,0.019597,0.016545,0.016781,0.021841,0.016567,0.02807
0.01744,0.018266,0.019664,0.018699,0.016487,0.021923,0.015954,0.017902,0.018708,0.018958,0.015809,0.024679,0.016393,0.018026,0.021849,0.014963,0.016359,0.020196,0.016068,0.016959,0.021262,0.015137,0.01788,0.016125,0.019597,0.016545,0.016781,0.021841,0.016567,0.02807
0.017401,0.018266,0.019498,0.018699,0.016394,0.021923,0.015954,0.017902,0.018708,0.018725,0.015809,0.024679,0.016393,0.018026,0.021849,0.014963,0.016359,0.020196,0.016068,0.016959,0.021262,0.015137,0.01788,0.016125,0.019597,0.016545,0.016781,0.021841,0.016567,0.02807
0.017401,0.018266,0.019498,0.018699,0.016162,0.021923,0.015954,0.017902,0.018708,0.018725,0.01578,0.024679,0.016263,0.018026,0.021849,0.014963,0.015926,0.020196,0.016068,0.016959,0.021262,0.015137,0.01788,0.016125,0.019597,0.016545,0.016781,0.021841,0.016567,0.02807
0.017355,0.018266,0.019498,0.018699,0.016162,0.021923,0.015954,0.017902,0.018708,0.01838,0.01578,0.024679,0.016263,0.018026,0.021849,0.014963,0.015898,0.020196,0.016068,0.016959,0.021262,0.015137,0.01788,0.016125,0.019597,0.016545,0.016781,0.021841,0.016567,0.02807
0.01721,0.018266,0.019498,0.018699,0.016162,0.021923,0.015862,0.017902,0.018708,0.018349,0.01578,0.024679,0.016263,0.018026,0.021849,0.014963,0.015898,0.020196,0.016068,0.016959,0.021262,0.015137,0.01788,0.016125,0.019597,0.016545,0.016781,0.021841,0.016567,0.02807
0.01721,0.018266,0.019498,0.018699,0.016162,0.021923,0.015862,0.017902,0.018708,0.018349,0.01578,0.024679,0.016263,0.018026,0.021849,0.014963,0.015898,0.020196,0.016068,0.016959,0.021262,0.015137,0.01788,0.016125,0.019597,0.016545,0.016781,0.021841,0.016567,0.02807
0.01721,0.018266,0.019498,0.018699,0.016162,0.021923,0.015862,0.017902,0.018708,0.018114,0.01578,0.024679,0.016263,0.018026,0.021849,0.014963,0.014824,0.020196,0.016068,0.016959,0.021262,0.015137,0.01788,0.016125,0.019597,0.016545,0.016781,0.021841,0.016567,0.02807
0.01721,0.018266,0.018516,0.018699,0.015957,0.021923,0.015862,0.017902,0.018708,0.018114,0.01578,0.024679,0.015765,0.018026,0.021849,0.014963,0.014824,0.020196,0.016068,0.016959,0.021262,0.015137,0.01788,0.016125,0.019597,0.016545,0.016781,0.021841,0.016567,0.02807
0.017119,0.018266,0.018516,0.018699,0.015908,0.021923,0.015862,0.017902,0.018708,0.018114,0.01578,0.024679,0.015765,0.018026,0.021849,0.014963,0.014824,0.020196,0.016068,0.016954,0.021262,0.015137,0.01788,0.016125,0.019597,0.016545,0.016781,0.021841,0.016567,0.02807
0.017055,0.018266,0.018288,0.018699,0.015908,0.021923,0.015862,0.017902,0.018708,0.01795,0.01578,0.024679,0.015765,0.018026,0.021849,0.014963,0.014824,0.020196,0.016068,0.016944,0.021262,0.015137,0.01788,0.016125,0.019597,0.016545,0.016781,0.021841,0.016567,0.02807
0.016896,0.018266,0.018288,0.018699,0.015908,0.021923,0.015862,0.017902,0.018708,0.01795,0.01578,0.024679,0.015765,0.018026,0.021849,0.014963,0.014824,0.020196,0.016068,0.016944,0.021262,0.015137,0.01788,0.016125,0.019597,0.016545,0.016781,0.021841,0.016567,0.02807
0.016896,0.018266,0.018288,0.018699,0.015908,0.021923,0.015862,0.017902,0.018708,0.01795,0.01578,0.024679,0.015765,0.018026,0.021849,0.014963,0.01482,0.020196,0.016068,0.016944,0.021262,0.015137,0.01788,0.016125,0.019597,0.016545,0.016781,0.021841,0.016567,0.02807
0.016763,0.018266,0.016356,0.018699,0.015908,0.021923,0.015862,0.017902,0.018708,0.017877,0.01578,0.024679,0.015765,0.018026,0.021849,0.014963,0.01482,0.020196,0.016068,0.016944,0.021262,0.015137,0.01788,0.016125,0.019597,0.016545,0.016781,0.021841,0.016567,0.02807
0.016763,0.018266,0.016356,0.018699,0.015908,0.021923,0.015862,0.017902,0.018708,0.017877,0.01578,0.024679,0.015765,0.018026,0.021849,0.014963,0.01482,0.020196,0.016068,0.016944,0.021262,0.015137,0.01788,0.016125,0.019597,0.016545,0.016781,0.021841,0.016567,0.02807
0.016763,0.018266,0.016356,0.018699,0.015908,0.021923,0.015862,0.017902,0.018708,0.017868,0.01578,0.024679,0.015765,0.018026,0.021849,0.014963,0.01482,0.020196,0.016068,0.016944,0.021262,0.015137,0.01788,0.016125,0.019597,0.016545,0.016781,0.021841,0.016567,0.02807
0.016763,0.018266,0.016356,0.018699,0.015908,0.021923,0.015862,0.017901,0.018708,0.017868,0.01578,0.024679,0.015765,0.018026,0.021849,0.014963,0.01482,0.020196,0.016068,0.016788,0.021262,0.015137,0.01788,0.016125,0.019597,0.016545,0.016781,0.021841,0.016567,0.02807
0.016763,0.018266,0.016356,0.018699,0.015908,0.021923,0.015862,0.017901,0.018708,0.01781,0.01578,0.024679,0.015765,0.018026,0.021849,0.014963,0.01482,0.020196,0.016068,0.016788,0.021262,0.015137,0.01788,0.016125,0.019597,0.016545,0.016781,0.021841,0.016567,0.02807
0.016763,0.018266,0.016356,0.018699,0.015908,0.021923,0.015862,0.01787,0.018708,0.017603,0.01578,0.024679,0.015765,0.018026,0.021849,0.014963,0.01482,0.020196,0.016068,0.016788,0.021262,0.015137,0.01788,0.016125,0.019597,0.016545,0.016781,0.021841,0.016567,0.02807
0.016763,0.018266,0.016356,0.018699,0.015908,0.021923,0.015862,0.01787,0.018708,0.017523,0.015774,0.024679,0.015765,0.018026,0.021849,0.014963,0.01482,0.020196,0.016068,0.016788,0.021262,0.015137,0.01788,0.016125,0.019597,0.016545,0.016781,0.021841,0.016567,0.02807
0.016763,0.018266,0.016356,0.018699,0.015908,0.021923,0.015862,0.01787,0.018708,0.017523,0.015723,0.024679,0.01539,0.018026,0.021849,0.014963,0.01482,0.020196,0.016068,0.016788,0.021262,0.015137,0.01788,0.016125,0.019597,0.016545,0.016781,0.021841,0.016567,0.02807
0.016763,0.018266,0.016356,0.018699,0.015908,0.021923,0.015862,0.017694,0.018708,0.017523,0.015723,0.024679,0.01539,0.018026,0.021849,0.014963,0.01482,0.020196,0.016068,0.016788,0.021262,0.015137,0.01788,0.016125,0.019597,0.016545,0.016781,0.021841,0.016567,0.02807
0.016763,0.018266,0.016356,0.018699,0.015908,0.021923,0.015862,0.017694,0.018708,0.017523,0.015723,0.024679,0.01539,0.018026,0.021849,0.014963,0.01482,0.020196,0.016068,0.016788,0.021262,0.015137,0.01788,0.016125,0.019597,0.01618,0.016781,0.021841,0.016567,0.02807
0.016763,0.018266,0.016023,0.018699,0.015908,0.021923,0.015862,0.017694,0.018708,0.017522,0.015723,0.024679,0.01539,0.018026,0.021849,0.014963,0.01482,0.020196,0.016068,0.016788,0.021262,0.015137,0.01788,0.016125,0.019597,0.01618,0.016781,0.021841,0.016567,0.02807
0.016763,0.018266,0.016023,0.018699,0.015908,0.021923,0.015862,0.017694,0.018708,0.017522,0.015723,0.024679,0.01539,0.018026,0.021849,0.014963,0.01482,0.020196,0.016068,0.016788,0.021262,0.015137,0.01788,0.016125,0.019597,0.01618,0.016781,0.021841,0.016567,0.02807
0.016763,0.018266,0.015966,0.018699,0.015908,0.021923,0.015862,0.017639,0.018708,0.017522,0.015723,0.024679,0.01539,0.018026,0.021849,0.014963,0.01482,0.020196,0.016068,0.01677,0.021262,0.015137,0.01788,0.016125,0.019597,0.01618,0.016781,0.021841,0.016567,0.02807
0.016763,0.018266,0.015966,0.018699,0.015908,0.021923,0.015862,0.017639,0.018708,0.017522,0.015723,0.024679,0.015075,0.018026,0.021849,0.014963,0.01482,0.020196,0.016068,0.01677,0.021262,0.015137,0.01788,0.016125,0.019597,0.01618,0.016707,0.021841,0.016567,0.02807
0.016763,0.018266,0.015944,0.018699,0.015908,0.021923,0.015862,0.017364,0.018708,0.017522,0.015615,0.024679,0.015075,0.018026,0.021849,0.014963,0.01482,0.020196,0.016068,0.01677,0.021262,0.015137,0.01788,0.016125,0.019597,0.01618,0.01668,0.021841,0.016567,0.02807
0.016763,0.018266,0.015944,0.018699,0.015908,0.021923,0.015862,0.017364,0.018708,0.017522,0.015615,0.024679,0.015075,0.018026,0.021849,0.014963,0.01482,0.020196,0.016068,0.01677,0.021262,0.015137,0.017862,0.016125,0.019597,0.01618,0.016655,0.021841,0.016567,0.02807
0.016763,0.018266,0.015944,0.018699,0.015908,0.021923,0.015862,0.017284,0.018708,0.01752,0.015615,0.024679,0.015075,0.018026,0.021849,0.014963,0.01482,0.020196,0.016068,0.01677,0.021262,0.015137,0.017862,0.016125,0.019597,0.01618,0.016626,0.021841,0.016567,0.02807
0.016763,0.018266,0.015944,0.018699,0.015907,0.021923,0.015862,0.017284,0.018708,0.017509,0.015615,0.024679,0.015075,0.018026,0.021849,0.014963,0.01482,0.020196,0.016068,0.01677,0.021262,0.015137,0.017862,0.016125,0.019597,0.01618,0.016626,0.021841,0.016567,0.02807
0.016763,0.018266,0.015944,0.018699,0.015907,0.021923,0.015862,0.017284,0.018708,0.017145,0.015504,0.024679,0.015075,0.018026,0.021849,0.014963,0.01482,0.020196,0.016068,0.01677,0.021262,0.015137,0.017862,0.016125,0.019597,0.01618,0.016626,0.021821,0.016567,0.02807
0.016763,0.018266,0.015944,0.018699,0.015907,0.021923,0.015862,0.017284,0.018708,0.016589,0.015504,0.024679,0.015075,0.018026,0.021849,0.014963,0.01482,0.020196,0.016068,0.01677,0.021262,0.015137,0.017862,0.016125,0.019597,0.01618,0.016626,0.021671,0.016567,0.02807
0.016763,0.018266,0.015944,0.018699,0.015854,0.021923,0.015862,0.016699,0.018708,0.016429,0.015504,0.024679,0.015075,0.018026,0.021849,0.014963,0.01482,0.020196,0.016068,0.01677,0.021262,0.015137,0.017862,0.016125,0.019597,0.01618,0.016626,0.021671,0.016567,0.02807
0.016763,0.018266,0.015944,0.018699,0.015798,0.021923,0.015862,0.016699,0.018708,0.016429,0.015504,0.024679,0.015075,0.018026,0.021849,0.014963,0.01482,0.020196,0.016068,0.01677,0.021262,0.015137,0.017862,0.016125,0.019597,0.01618,0.016626,0.021625,0.016567,0.02807
0.016763,0.018266,0.015944,0.018699,0.015685,0.021923,0.015862,0.016699,0.018708,0.016429,0.015504,0.024679,0.015075,0.018026,0.021849,0.014963,0.01482,0.020196,0.016068,0.01677,0.021262,0.015137,0.017862,0.016125,0.019597,0.01618,0.016626,0.021625,0.016507,0.02807
0.016763,0.018266,0.015944,0.018699,0.015494,0.021923,0.015862,0.016699,0.018708,0.016351,0.015504,0.024679,0.015075,0.018026,0.021849,0.014963,0.01482,0.020196,0.016068,0.01677,0.021262,0.015137,0.017862,0.016125,0.019597,0.01618,0.016626,0.021625,0.016507,0.02807
0.016763,0.018266,0.015944,0.018699,0.015494,0.02171,0.015862,0.016699,0.018708,0.016302,0.015504,0.024679,0.015075,0.018026,0.021849,0.014963,0.01482,0.020196,0.016068,0.01677,0.021262,0.015137,0.017862,0.016125,0.019597,0.01618,0.016626,0.021625,0.016479,0.02807
0.016763,0.018266,0.015756,0.018699,0.015494,0.02171,0.015862,0.015997,0.018708,0.016302,0.015504,0.024679,0.014388,0.018026,0.021849,0.014963,0.014773,0.020196,0.016068,0.01677,0.021262,0.015137,0.017862,0.016125,0.019597,0.015676,0.016586,0.021596,0.016479,0.02807
0.016763,0.018266,0.015756,0.018699,0.015494,0.021684,0.015862,0.015997,0.018708,0.016302,0.015504,0.024679,0.014388,0.018026,0.021849,0.014963,0.014773,0.020196,0.016068,0.01677,0.021262,0.015137,0.017862,0.016125,0.019597,0.015676,0.016586,0.021249,0.016479,0.02807
0.016763,0.018266,0.015756,0.018699,0.015494,0.021684,0.015862,0.015997,0.018708,0.016223,0.015504,0.024679,0.014388,0.018026,0.021849,0.014963,0.014773,0.020196,0.016068,0.016683,0.021262,0.015137,0.017862,0.016125,0.019597,0.015665,0.016586,0.021249,0.016479,0.02807
0.016763,0.018266,0.01568,0.018699,0.015494,0.021684,0.015862,0.015997,0.018708,0.016223,0.015504,0.024679,0.014388,0.018026,0.021849,0.014963,0.014773,0.020196,0.016068,0.016683,0.021262,0.015137,0.017862,0.016125,0.019597,0.014993,0.016586,0.021249,0.016464,0.02807
0.016763,0.018266,0.01568,0.018699,0.015494,0.021638,0.015862,0.015997,0.018708,0.016223,0.015395,0.024679,0.014388,0.018026,0.021849,0.014963,0.014773,0.020196,0.016068,0.016683,0.021262,0.015137,0.017862,0.016125,0.019597,0.014993,0.016586,0.021249,0.016451,0.02807
0.016763,0.018266,0.01568,0.018699,0.015494,0.021638,0.015862,0.015997,0.018708,0.016209,0.015395,0.024679,0.014388,0.018026,0.021849,0.014963,0.014773,0.020196,0.016068,0.016683,0.021262,0.015137,0.017862,0.016125,0.019597,0.014993,0.016586,0.021249,0.016451,0.02807
0.016763,0.018266,0.01568,0.018699,0.015494,0.021638,0.015862,0.015997,0.018708,0.016209,0.015395,0.024679,0.014388,0.018026,0.021849,0.014963,0.014773,0.020196,0.016068,0.016683,0.021262,0.015137,0.017862,0.016125,0.019597,0.014993,0.016578,0.021249,0.01637,0.02807
0.016763,0.018266,0.015665,0.018699,0.015494,0.021638,0.015862,0.015997,0.018708,0.016137,0.015395,0.024679,0.014388,0.018026,0.021849,0.014963,0.014773,0.020196,0.016068,0.016683,0.021262,0.015137,0.017862,0.016125,0.019597,0.014993,0.016578,0.021249,0.01637,0.02807
0.016763,0.018266,0.015665,0.018699,0.015446,0.021638,0.015862,0.015997,0.018708,0.016137,0.015388,0.024679,0.014388,0.018026,0.021849,0.014963,0.014773,0.019488,0.016068,0.016683,0.021262,0.015137,0.017862,0.016125,0.019597,0.014993,0.016429,0.021249,0.016315,0.02807
0.016763,0.018266,0.015581,0.018699,0.015334,0.021638,0.015862,0.015997,0.018708,0.016137,0.015388,0.024679,0.014388,0.018026,0.021849,0.014963,0.014744,0.019488,0.016068,0.016683,0.021262,0.015137,0.017862,0.016125,0.019597,0.014993,0.016429,0.021212,0.016315,0.02807
0.016763,0.018266,0.015581,0.018699,0.015334,0.021638,0.015862,0.015997,0.018708,0.016137,0.015355,0.024679,0.014388,0.018026,0.021849,0.014963,0.01469,0.019488,0.016068,0.016683,0.021262,0.015137,0.017862,0.016125,0.019597,0.014993,0.016429,0.021212,0.016245,0.02807
0.016763,0.018266,0.015581,0.018699,0.015326,0.021638,0.015862,0.015997,0.018708,0.016069,0.015355,0.024679,0.014388,0.018026,0.021849,0.014963,0.014609,0.019488,0.016068,0.016683,0.021262,0.015137,0.017862,0.016125,0.019597,0.014993,0.016429,0.021212,0.016245,0.02807
0.016763,0.018266,0.015581,0.018699,0.015325,0.021638,0.015862,0.015997,0.018708,0.016069,0.015355,0.024679,0.014388,0.018026,0.021849,0.014963,0.014609,0.019488,0.016068,0.016683,0.021262,0.015137,0.01783,0.016125,0.019597,0.014993,0.016429,0.021212,0.016245,0.02807
0.016763,0.018266,0.015581,0.018699,0.015324,0.021638,0.015862,0.015997,0.018708,0.016069,0.015355,0.024679,0.014388,0.018026,0.021849,0.014963,0.014609,0.019488,0.016068,0.016683,0.021262,0.015137,0.01783,0.016125,0.019597,0.014993,0.016331,0.021212,0.016245,0.02807
0.016763,0.018266,0.015581,0.018699,0.015324,0.021638,0.015862,0.015997,0.018708,0.016069,0.015355,0.024679,0.014388,0.018026,0.021849,0.014963,0.014609,0.019488,0.016068,0.016683,0.021262,0.015137,0.01783,0.016125,0.019597,0.014993,0.016331,0.02083,0.016245,0.02807
0.016763,0.018266,0.015581,0.018699,0.015324,0.021638,0.015862,0.015997,0.018708,0.016069,0.015355,0.024679,0.014388,0.018026,0.021849,0.014963,0.014609,0.019488,0.016068,0.016683,0.021262,0.015137,0.01783,0.016125,0.019597,0.014993,0.015938,0.02083,0.016245,0.02807
0.016763,0.018266,0.015581,0.018699,0.015308,0.021638,0.015862,0.015997,0.018708,0.016069,0.015355,0.024679,0.014388,0.018026,0.021849,0.014963,0.014609,0.019138,0.016068,0.016683,0.021262,0.015137,0.01783,0.016125,0.019597,0.014993,0.015938,0.02083,0.016245,0.02807
0.016763,0.018266,0.015581,0.018699,0.0153,0.021638,0.015862,0.015997,0.018708,0.015964,0.015355,0.024679,0.014388,0.018026,0.021849,0.014908,0.014609,0.018858,0.016068,0.016683,0.021262,0.015137,0.01783,0.016125,0.019597,0.014993,0.015938,0.02083,0.016245,0.02807
0.016763,0.018266,0.015581,0.018699,0.0153,0.021638,0.015862,0.015997,0.018708,0.015964,0.015355,0.024679,0.014388,0.018026,0.021849,0.014901,0.014609,0.018858,0.016068,0.016683,0.021262,0.015137,0.01783,0.016125,0.019597,0.014993,0.015938,0.02083,0.016245,0.02807
0.016763,0.018266,0.015581,0.018699,0.0153,0.021638,0.015862,0.015997,0.018708,0.015964,0.015355,0.024679,0.014276,0.018026,0.021849,0.014901,0.014609,0.018253,0.016068,0.016683,0.021262,0.015137,0.01783,0.016125,0.019597,0.014993,0.015938,0.02083,0.016245,0.02807
0.016763,0.018266,0.015491,0.018699,0.0153,0.021638,0.015862,0.015997,0.018708,0.015964,0.015355,0.024679,0.014276,0.018026,0.021849,0.014901,0.014609,0.018253,0.016068,0.016683,0.021262,0.015137,0.01783,0.016125,0.019597,0.014993,0.015938,0.02083,0.016245,0.02807
0.016763,0.018266,0.015458,0.018699,0.015299,0.021638,0.015862,0.015997,0.018708,0.015964,0.015355,0.024679,0.014276,0.018026,0.021849,0.014901,0.014609,0.018253,0.016068,0.016683,0.021262,0.015137,0.01783,0.016125,0.019597,0.014993,0.015938,0.02083,0.016207,0.02807
0.016763,0.018266,0.015458,0.018699,0.015209,0.021638,0.015862,0.015997,0.018708,0.015964,0.015355,0.024679,0.014276,0.018026,0.021849,0.014901,0.014609,0.018253,0.016068,0.016683,0.021262,0.015137,0.01783,0.016125,0.019597,0.014993,0.015837,0.02083,0.016207,0.02807
0.016763,0.018266,0.015458,0.018699,0.01519,0.021638,0.015862,0.015677,0.018708,0.015936,0.015355,0.024679,0.014276,0.018026,0.021849,0.014901,0.014609,0.018253,0.016068,0.016683,0.021262,0.015137,0.01783,0.016125,0.019597,0.014993,0.015837,0.02083,0.016207,0.02807
0.016763,0.018266,0.015354,0.018699,0.01519,0.021638,0.015862,0.015677,0.018708,0.015929,0.015355,0.024679,0.014276,0.018026,0.021849,0.014901,0.014609,0.017733,0.016068,0.016683,0.021262,0.015137,0.01783,0.016125,0.019597,0.014993,0.015823,0.02083,0.016207,0.02807
0.016763,0.018266,0.015354,0.018699,0.01519,0.021638,0.015862,0.015677,0.018708,0.015929,0.015355,0.024679,0.014276,0.018026,0.021849,0.014901,0.014609,0.017438,0.016068,0.016683,0.021262,0.015137,0.01783,0.016125,0.019597,0.014993,0.015823,0.02083,0.016116,0.02807
0.016763,0.018266,0.015354,0.018699,0.01519,0.021638,0.015862,0.015677,0.018708,0.015929,0.015355,0.024679,0.014276,0.018026,0.021849,0.014901,0.014609,0.017438,0.016068,0.016683,0.021262,0.015137,0.01783,0.016125,0.019597,0.014993,0.015823,0.020707,0.016116,0.02807
0.016763,0.018266,0.015333,0.018699,0.01519,0.02134,0.015862,0.015677,0.018708,0.015929,0.015355,0.024679,0.014276,0.018026,0.021849,0.014901,0.014609,0.017438,0.016068,0.016683,0.021262,0.015137,0.01783,0.016125,0.019597,0.014993,0.015823,0.020707,0.016116,0.02807
0.016763,0.018266,0.015303,0.018699,0.01519,0.02134,0.015862,0.015677,0.018708,0.015929,0.015355,0.024679,0.014276,0.018026,0.021849,0.014901,0.014609,0.017438,0.016068,0.016683,0.021262,0.015137,0.01783,0.016125,0.019597,0.014993,0.015757,0.020707,0.016116,0.02807
0.016763,0.018266,0.015299,0.018699,0.01519,0.02134,0.015862,0.015677,0.018708,0.015929,0.015355,0.024679,0.014276,0.018026,0.021849,0.014901,0.014609,0.017076,0.016068,0.016683,0.021262,0.015137,0.01783,0.016125,0.019597,0.014993,0.015757,0.020707,0.016116,0.02807
0.016763,0.018266,0.015299,0.018699,0.01519,0.021299,0.015862,0.015677,0.018708,0.015929,0.015355,0.024679,0.014276,0.018026,0.021849,0.014878,0.014609,0.016806,0.016068,0.016683,0.021262,0.015137,0.01783,0.016125,0.019597,0.014993,0.015757,0.020707,0.016052,0.02807
0.016763,0.018266,0.015239,0.018699,0.01519,0.021299,0.015862,0.015677,0.018708,0.01523,0.015355,0.024679,0.014276,0.018026,0.021849,0.014878,0.014609,0.016806,0.016068,0.016683,0.021262,0.015137,0.01783,0.016125,0.019597,0.014993,0.015757,0.020707,0.016052,0.02807
0.016743,0.018266,0.015239,0.018699,0.01519,0.021299,0.015862,0.015677,0.018708,0.01523,0.015355,0.024679,0.014276,0.018026,0.021849,0.014878,0.014609,0.016806,0.016068,0.016509,0.021262,0.015137,0.01783,0.016125,0.019597,0.014993,0.015757,0.020707,0.016052,0.02807
0.016743,0.018266,0.015239,0.018699,0.01519,0.021299,0.015862,0.015677,0.018708,0.01523,0.015355,0.024679,0.014276,0.018026,0.021849,0.014878,0.014609,0.016691,0.016068,0.016509,0.021262,0.015137,0.01783,0.016125,0.019597,0.014993,0.015622,0.020707,0.016052,0.02807
0.016743,0.018266,0.015239,0.018699,0.01519,0.021299,0.015862,0.015677,0.018708,0.014675,0.015355,0.024679,0.014276,0.018026,0.021849,0.014878,0.014609,0.016691,0.016068,0.016509,0.021262,0.015137,0.01783,0.016125,0.019597,0.014993,0.015622,0.020707,0.016052,0.02807
0.016743,0.018266,0.015239,0.018699,0.01519,0.021299,0.015862,0.015637,0.018708,0.014251,0.015334,0.024679,0.014276,0.018026,0.021849,0.014878,0.014609,0.016691,0.016068,0.016509,0.021262,0.015137,0.01783,0.016125,0.019597,0.014993,0.015622,0.020707,0.016052,0.02807
0.016743,0.018266,0.015239,0.018699,0.015123,0.021299,0.015862,0.015637,0.018708,0.014251,0.015334,0.024679,0.014276,0.018026,0.021849,0.014878,0.014609,0.016691,0.016068,0.016509,0.021262,0.015137,0.01783,0.016125,0.019597,0.014993,0.015622,0.020707,0.016052,0.02807
0.016743,0.018266,0.015239,0.018699,0.015119,0.021299,0.015862,0.015637,0.018708,0.014251,0.015334,0.024679,0.014276,0.018026,0.021849,0.014878,0.014609,0.016691,0.016068,0.016509,0.021262,0.015137,0.01783,0.016125,0.019597,0.014993,0.015622,0.020707,0.016052,0.02807
0.016743,0.018266,0.015239,0.018699,0.015119,0.021299,0.015862,0.015637,0.018708,0.014251,0.015334,0.024679,0.014253,0.018026,0.021849,0.014878,0.014609,0.016691,0.016068,0.016509,0.021262,0.015137,0.01783,0.016125,0.019597,0.014993,0.015622,0.020707,0.016052,0.02807
0.016741,0.018266,0.015239,0.018699,0.015053,0.021299,0.015862,0.015637,0.018708,0.014251,0.015334,0.024679,0.014214,0.018026,0.021849,0.014878,0.014593,0.016691,0.016068,0.016509,0.021262,0.015137,0.01783,0.016125,0.019597,0.014993,0.015622,0.020707,0.016052,0.02807
0.016741,0.018266,0.015239,0.018699,0.015053,0.021299,0.015862,0.015386,0.018708,0.014207,0.015334,0.024679,0.014116,0.018026,0.021849,0.014878,0.014593,0.016679,0.016068,0.016509,0.021262,0.015137,0.01783,0.016125,0.019597,0.014993,0.015622,0.020707,0.015967,0.02807
0.016741,0.018266,0.015239,0.018699,0.015053,0.021299,0.015862,0.015386,0.018708,0.014207,0.015334,0.024679,0.014116,0.018026,0.021849,0.014878,0.014593,0.016563,0.016068,0.016374,0.021262,0.015137,0.01783,0.016125,0.019597,0.014993,0.015622,0.020707,0.015967,0.02807
0.016729,0.018266,0.015239,0.018699,0.015053,0.021299,0.015862,0.015386,0.018708,0.014207,0.015334,0.024679,0.014116,0.018026,0.021849,0.014878,0.014593,0.01655,0.016068,0.016374,0.021262,0.015137,0.01783,0.016125,0.019597,0.014993,0.015622,0.020212,0.015967,0.02807
0.016729,0.018266,0.015216,0.018699,0.015053,0.021299,0.015862,0.015386,0.018708,0.014207,0.015334,0.024679,0.014114,0.018026,0.021849,0.014861,0.014593,0.016424,0.016068,0.016374,0.021262,0.015137,0.01783,0.016125,0.019597,0.014993,0.015622,0.020212,0.015967,0.02807
0.016718,0.018266,0.015204,0.018699,0.015053,0.021299,0.015862,0.015386,0.018708,0.014207,0.015334,0.024679,0.01408,0.018026,0.021849,0.014861,0.014593,0.016424,0.016068,0.016374,0.021262,0.015137,0.01783,0.016125,0.019597,0.014993,0.015622,0.020212,0.015967,0.02807
0.016718,0.018266,0.015204,0.018699,0.015053,0.021299,0.015862,0.015386,0.018708,0.014207,0.015334,0.024679,0.01408,0.018026,0.021849,0.014861,0.014593,0.016321,0.016068,0.016374,0.021262,0.015137,0.01783,0.016125,0.019597,0.014993,0.015622,0.019604,0.015967,0.02807
0.016718,0.018266,0.015181,0.018699,0.015053,0.021299,0.015862,0.015386,0.018708,0.014094,0.015334,0.024679,0.01408,0.018026,0.021849,0.014861,0.014593,0.016321,0.016068,0.016374,0.021262,0.015137,0.01783,0.016125,0.019597,0.014993,0.015622,0.019604,0.015967,0.02807
0.016698,0.018266,0.015181,0.018699,0.015053,0.021299,0.015862,0.015152,0.018708,0.014094,0.015334,0.024679,0.01408,0.018026,0.021849,0.014861,0.014593,0.016321,0.016068,0.016374,0.021262,0.015137,0.01783,0.016125,0.019597,0.014993,0.015622,0.019604,0.015967,0.02807
0.016696,0.018266,0.015143,0.018699,0.015053,0.021299,0.015862,0.015152,0.018708,0.014094,0.015334,0.024679,0.01408,0.018026,0.021849,0.014861,0.014593,0.016321,0.016068,0.016374,0.021262,0.015137,0.01783,0.016125,0.019597,0.014993,0.015622,0.019604,0.015967,0.02807
0.016692,0.018266,0.015117,0.018699,0.015053,0.021299,0.015862,0.015152,0.018708,0.014094,0.015334,0.024679,0.01408,0.018026,0.021849,0.014861,0.014593,0.016321,0.016068,0.016374,0.021262,0.015137,0.01783,0.016125,0.019597,0.014993,0.015622,0.019604,0.015967,0.02807
0.016692,0.018266,0.014929,0.018699,0.015053,0.021299,0.015862,0.015152,0.018708,0.014094,0.015334,0.024679,0.01408,0.018026,0.021849,0.014844,0.014593,0.016076,0.016068,0.016374,0.021262,0.015137,0.01783,0.016125,0.019597,0.014993,0.015622,0.019604,0.015967,0.02807
0.016692,0.018266,0.014919,0.018699,0.015053,0.021299,0.015862,0.015152,0.018708,0.014094,0.015334,0.024679,0.01408,0.018026,0.021849,0.014844,0.014593,0.016076,0.016068,0.016268,0.021262,0.015137,0.01783,0.016125,0.019597,0.014993,0.015622,0.019604,0.015967,0.02807
0.016652,0.018266,0.014919,0.018699,0.015053,0.021299,0.015862,0.015152,0.018708,0.014079,0.015334,0.024679,0.01408,0.018026,0.021849,0.014766,0.014593,0.015761,0.016068,0.016268,0.021262,0.015137,0.01783,0.016125,0.019597,0.014993,0.015622,0.019604,0.015967,0.02807
0.016652,0.018266,0.014917,0.018699,0.015053,0.021299,0.015862,0.015152,0.018708,0.014079,0.015334,0.024679,0.01408,0.018026,0.021849,0.014766,0.014593,0.015761,0.016068,0.016227,0.021262,0.015137,0.01783,0.016125,0.019597,0.014993,0.015622,0.019604,0.015967,0.02807
0.016652,0.018266,0.014891,0.018699,0.015053,0.021299,0.015862,0.015152,0.018708,0.013692,0.015334,0.024679,0.01408,0.018026,0.021849,0.014766,0.014593,0.015666,0.016068,0.016227,0.021262,0.015137,0.01783,0.016125,0.019597,0.014993,0.015622,0.01912,0.015967,0.02807
0.016652,0.018266,0.014891,0.018699,0.015053,0.021299,0.015862,0.015152,0.018708,0.013692,0.015334,0.024679,0.01408,0.018026,0.021849,0.01474,0.014593,0.015666,0.016068,0.016227,0.021262,0.015137,0.01783,0.016125,0.019597,0.014993,0.015622,0.019108,0.015967,0.02807
0.016652,0.018266,0.01486,0.018699,0.015053,0.021299,0.015862,0.015152,0.018708,0.013692,0.015334,0.024679,0.01408,0.018026,0.021849,0.01474,0.014593,0.015666,0.016068,0.016227,0.021262,0.015137,0.01783,0.016125,0.019597,0.014993,0.015622,0.019108,0.015967,0.02807
0.016652,0.018266,0.014797,0.018699,0.015053,0.021299,0.015862,0.015152,0.018708,0.013692,0.015334,0.024679,0.01408,0.018026,0.021849,0.01474,0.014593,0.015611,0.016068,0.016227,0.021262,0.015137,0.01783,0.016125,0.019597,0.014993,0.015622,0.019108,0.015967,0.02807
0.016652,0.018266,0.014775,0.018699,0.015043,0.021299,0.015862,0.015152,0.018708,0.013692,0.015334,0.024679,0.01408,0.018026,0.021849,0.01474,0.014593,0.015611,0.016068,0.016227,0.021262,0.015137,0.01783,0.016125,0.019597,0.014993,0.015622,0.018883,0.015967,0.02807
0.016652,0.018266,0.014694,0.018699,0.015027,0.020572,0.015862,0.015152,0.018708,0.013692,0.015334,0.024679,0.01408,0.018026,0.021849,0.01474,0.014593,0.015611,0.016068,0.016227,0.021262,0.015137,0.01783,0.016125,0.019597,0.014993,0.015622,0.018883,0.015967,0.02807
0.016652,0.018266,0.014694,0.018699,0.015027,0.020572,0.015862,0.015152,0.018708,0.013692,0.015334,0.024679,0.01408,0.018026,0.021849,0.01474,0.014593,0.015611,0.016068,0.016227,0.021262,0.015137,0.01783,0.016125,0.019597,0.014993,0.015622,0.01879,0.015967,0.02807
0.016652,0.018266,0.014694,0.018699,0.015027,0.020572,0.015862,0.015152,0.018708,0.013692,0.015334,0.024679,0.01408,0.018026,0.021849,0.01474,0.014593,0.015611,0.016068,0.016227,0.021262,0.015137,0.01783,0.016125,0.019597,0.014978,0.015622,0.01879,0.015967,0.02807
0.016652,0.018266,0.01469,0.018699,0.015013,0.020572,0.015719,0.015152,0.018708,0.013692,0.015334,0.024679,0.01408,0.018026,0.021849,0.01474,0.014593,0.015611,0.016068,0.016227,0.021262,0.015137,0.01783,0.016125,0.019597,0.014978,0.015622,0.01879,0.015967,0.02807
0.016652,0.018266,0.01469,0.018699,0.015012,0.020572,0.015691,0.015152,0.018708,0.013692,0.015334,0.024679,0.01408,0.018026,0.021849,0.01474,0.014593,0.015562,0.016068,0.016227,0.021262,0.015137,0.01783,0.016125,0.019597,0.014978,0.015622,0.01879,0.01591,0.02807
0.016652,0.018266,0.01469,0.018699,0.015012,0.020337,0.015691,0.015152,0.018708,0.013692,0.015214,0.024679,0.01408,0.018026,0.021849,0.01474,0.014593,0.015562,0.016068,0.016227,0.021262,0.015137,0.01783,0.016125,0.019597,0.014978,0.015622,0.01879,0.01591,0.02807
0.016652,0.018266,0.01469,0.018699,0.015012,0.020337,0.015691,0.015152,0.018708,0.013692,0.015214,0.024679,0.01408,0.018026,0.021849,0.01474,0.014593,0.015562,0.016068,0.016227,0.021262,0.015137,0.01783,0.016125,0.019597,0.014774,0.015622,0.01879,0.01591,0.02807
0.016652,0.018266,0.01469,0.018699,0.015002,0.020337,0.015691,0.015152,0.018708,0.013692,0.015214,0.024679,0.01408,0.018026,0.021849,0.01474,0.014593,0.015562,0.016068,0.016227,0.021262,0.015137,0.01783,0.016125,0.019597,0.014774,0.015599,0.018695,0.015852,0.02807
0.016652,0.018266,0.01469,0.018699,0.01499,0.020337,0.015691,0.015152,0.018708,0.013692,0.015153,0.024679,0.01408,0.018026,0.021849,0.014731,0.014593,0.015562,0.016068,0.016227,0.021262,0.015137,0.01783,0.016125,0.019597,0.014774,0.015584,0.018695,0.015852,0.02807
0.016652,0.018266,0.01469,0.018699,0.01499,0.020337,0.015691,0.015152,0.018708,0.013692,0.014888,0.024679,0.01408,0.018026,0.021849,0.014731,0.014593,0.015269,0.016068,0.016224,0.021262,0.015137,0.01783,0.016125,0.019597,0.014774,0.015584,0.018689,0.015828,0.02807
0.016652,0.018266,0.014657,0.018699,0.01499,0.020337,0.015691,0.015152,0.018708,0.013692,0.014852,0.024679,0.01408,0.018026,0.021849,0.014731,0.01459,0.015269,0.016068,0.016224,0.021262,0.015137,0.01783,0.016125,0.019597,0.014774,0.01556,0.018533,0.015823,0.02807
0.016652,0.018266,0.014657,0.018699,0.014963,0.020337,0.015691,0.015152,0.018708,0.013692,0.014852,0.024679,0.01408,0.018026,0.021849,0.014731,0.014524,0.015269,0.016068,0.016072,0.021262,0.015137,0.01783,0.016125,0.019597,0.014774,0.01556,0.017969,0.015765,0.02807
0.016652,0.018266,0.014626,0.018699,0.014961,0.020337,0.015691,0.015152,0.018708,0.013692,0.014852,0.024679,0.01408,0.018026,0.021849,0.014731,0.014524,0.015269,0.016068,0.016072,0.021262,0.015137,0.01783,0.016125,0.019597,0.014774,0.01556,0.017969,0.015765,0.02807
0.016652,0.018266,0.014593,0.018699,0.014952,0.020337,0.015691,0.015152,0.018708,0.013692,0.014852,0.024679,0.01408,0.018026,0.021849,0.014731,0.014524,0.015269,0.016068,0.016072,0.021262,0.015137,0.01783,0.016125,0.019597,0.014774,0.01556,0.017969,0.015765,0.02807
0.016652,0.018266,0.014593,0.018699,0.014952,0.020337,0.015691,0.015152,0.018708,0.013692,0.014852,0.024679,0.01408,0.018026,0.021849,0.014731,0.014524,0.015228,0.016068,0.016072,0.021262,0.015137,0.01783,0.016125,0.019597,0.014774,0.015533,0.017272,0.015765,0.02807
0.016652,0.018266,0.014589,0.018699,0.014918,0.020337,0.015691,0.015152,0.018708,0.013692,0.014852,0.024679,0.01408,0.018026,0.021849,0.014731,0.014524,0.015228,0.016068,0.01585,0.021262,0.015137,0.01783,0.016125,0.019597,0.014774,0.015533,0.017272,0.015727,0.02807
0.01664,0.018266,0.014589,0.018699,0.014918,0.020337,0.015691,0.015152,0.018708,0.013692,0.014852,0.024679,0.01408,0.018026,0.021849,0.014731,0.014524,0.015228,0.016068,0.01585,0.021262,0.015137,0.01783,0.016125,0.019597,0.014774,0.015533,0.017272,0.015727,0.02807
0.01664,0.018266,0.014589,0.018699,0.014918,0.020337,0.015691,0.015152,0.018708,0.013692,0.014762,0.024679,0.01408,0.018026,0.021849,0.014731,0.014524,0.015228,0.016068,0.01585,0.021262,0.015137,0.01783,0.016125,0.019597,0.014748,0.015533,0.017272,0.015718,0.02807
0.01663,0.018266,0.014559,0.018699,0.014902,0.020337,0.015691,0.015152,0.018708,0.013692,0.014762,0.024679,0.01408,0.018026,0.021849,0.014731,0.014524,0.015228,0.016068,0.01585,0.021262,0.015137,0.01783,0.016125,0.019597,0.014609,0.015533,0.017272,0.015718,0.02807
0.01663,0.018266,0.014559,0.018699,0.014902,0.020337,0.015691,0.015152,0.018708,0.013692,0.014762,0.024679,0.01408,0.018026,0.021849,0.014731,0.014524,0.0152,0.016068,0.01585,0.021262,0.015137,0.01783,0.016125,0.019597,0.014609,0.015312,0.017272,0.015718,0.02807
0.01663,0.018266,0.014559,0.018699,0.014902,0.020337,0.01566,0.015152,0.018708,0.013692,0.014762,0.024679,0.01408,0.018026,0.021849,0.014731,0.014524,0.015143,0.016068,0.01585,0.021262,0.015137,0.01783,0.016125,0.019597,0.014609,0.015312,0.017272,0.015718,0.02807
0.016604,0.018266,0.014559,0.018699,0.014859,0.020337,0.01566,0.015152,0.018708,0.013692,0.014762,0.024679,0.01408,0.018026,0.021849,0.014731,0.014489,0.015143,0.016068,0.01585,0.021262,0.015137,0.01783,0.016125,0.019597,0.014609,0.015312,0.016732,0.015718,0.02807
0.016604,0.018266,0.014559,0.018699,0.014859,0.020337,0.01566,0.015152,0.018708,0.013692,0.014762,0.024679,0.01408,0.018026,0.021849,0.014731,0.014489,0.015143,0.016068,0.01585,0.021262,0.015137,0.01783,0.016125,0.019597,0.014609,0.015312,0.016664,0.015718,0.02807
0.016604,0.018266,0.014548,0.018699,0.014859,0.020337,0.01566,0.015152,0.018708,0.013692,0.014762,0.024679,0.01408,0.018026,0.021849,0.014731,0.014489,0.015012,0.016068,0.01585,0.021262,0.015137,0.01783,0.016125,0.019597,0.014431,0.015309,0.016664,0.015718,0.02807
0.016592,0.018266,0.014407,0.018699,0.014859,0.020337,0.01566,0.015152,0.018708,0.013692,0.014762,0.024679,0.01408,0.018026,0.021849,0.014731,0.014489,0.015012,0.016068,0.01585,0.021262,0.015137,0.01783,0.016125,0.019597,0.014431,0.015309,0.016664,0.015718,0.02807
0.016592,0.018266,0.014405,0.018699,0.014859,0.020337,0.01566,0.015152,0.018708,0.013692,0.014754,0.024679,0.01408,0.018026,0.021849,0.014731,0.014489,0.015012,0.016068,0.01585,0.021262,0.015137,0.01783,0.016125,0.019597,0.014431,0.015308,0.016664,0.015718,0.02807
0.016592,0.018266,0.014405,0.018699,0.014859,0.020337,0.01566,0.015152,0.018708,0.013692,0.014754,0.024679,0.01408,0.018026,0.021849,0.014731,0.014489,0.015012,0.016068,0.01585,0.021262,0.015137,0.01783,0.016125,0.019597,0.014431,0.015308,0.016664,0.015718,0.02807
0.016592,0.018266,0.014305,0.018699,0.014859,0.020337,0.01566,0.015152,0.018708,0.013692,0.014508,0.024679,0.01408,0.018026,0.021849,0.014731,0.014489,0.015012,0.016068,0.01585,0.021262,0.015137,0.01783,0.016125,0.019597,0.014431,0.015308,0.016582,0.015718,0.02807
0.016592,0.018266,0.014305,0.018699,0.014859,0.020337,0.01566,0.015152,0.018708,0.013692,0.014508,0.024679,0.01408,0.018026,0.021849,0.014731,0.014489,0.015012,0.016068,0.01585,0.021262,0.015137,0.01783,0.016125,0.019597,0.014409,0.015308,0.016582,0.015688,0.02807
0.016592,0.018266,0.014305,0.018699,0.014859,0.020337,0.01566,0.015152,0.018708,0.013692,0.014508,0.024679,0.01408,0.018026,0.021849,0.014731,0.014489,0.015012,0.016068,0.01585,0.021262,0.015137,0.01783,0.016125,0.019597,0.014409,0.015035,0.016529,0.015688,0.02807
0.016592,0.018266,0.014305,0.018699,0.014859,0.020337,0.01566,0.015152,0.018708,0.013692,0.014472,0.024679,0.01408,0.018026,0.021849,0.014731,0.014489,0.015012,0.016068,0.01585,0.021262,0.015137,0.01783,0.016125,0.019597,0.014286,0.014995,0.016529,0.015675,0.02807
0.016592,0.018266,0.014305,0.018699,0.014859,0.020337,0.01566,0.015152,0.018708,0.013591,0.014472,0.024679,0.01408,0.018026,0.021849,0.014731,0.014489,0.015012,0.016068,0.01585,0.021262,0.015137,0.01783,0.016125,0.019597,0.014286,0.014995,0.016529,0.015664,0.02807
0.016592,0.018266,0.014305,0.018699,0.014859,0.020337,0.01566,0.015152,0.018708,0.013591,0.014472,0.024679,0.01408,0.018026,0.021849,0.014731,0.014489,0.015012,0.016068,0.01585,0.021262,0.015137,0.01783,0.016125,0.019597,0.014277,0.014995,0.016529,0.015664,0.02807
0.016592,0.018266,0.014305,0.018699,0.014859,0.020337,0.01566,0.015147,0.018708,0.013591,0.014471,0.024679,0.01408,0.018026,0.021849,0.014731,0.014489,0.015012,0.016068,0.015791,0.021262,0.015137,0.01783,0.016125,0.019597,0.014205,0.014995,0.016529,0.015664,0.02807
0.016592,0.018266,0.014305,0.018699,0.014859,0.020337,0.01566,0.015147,0.018708,0.013591,0.014471,0.024679,0.01408,0.018026,0.021849,0.014731,0.014489,0.015012,0.016068,0.015791,0.021262,0.015137,0.01783,0.016125,0.019597,0.013996,0.014995,0.016529,0.015575,0.02807
0.016592,0.018266,0.014305,0.018699,0.014777,0.020337,0.01566,0.015144,0.018708,0.013591,0.014471,0.024679,0.01408,0.018026,0.021849,0.014731,0.014489,0.014984,0.016068,0.015768,0.021262,0.015137,0.01783,0.016125,0.019597,0.013996,0.014995,0.016529,0.015575,0.02807
0.016592,0.018266,0.014204,0.018699,0.014777,0.020337,0.01566,0.015144,0.018708,0.013591,0.01442,0.024679,0.01408,0.018026,0.021849,0.014731,0.014489,0.014984,0.016068,0.015768,0.021262,0.015137,0.01783,0.016125,0.019597,0.013996,0.014995,0.016529,0.015575,0.02807
0.016592,0.018266,0.014204,0.018699,0.014775,0.020337,0.01566,0.015144,0.018708,0.013591,0.014401,0.024679,0.01408,0.018026,0.021849,0.014731,0.014489,0.014984,0.016068,0.015768,0.021262,0.015137,0.01783,0.016125,0.019597,0.013996,0.014995,0.016529,0.015575,0.02807
0.016591,0.018266,0.014204,0.018699,0.014775,0.020337,0.015586,0.015144,0.018708,0.013591,0.014401,0.024679,0.01408,0.018026,0.021849,0.014731,0.014489,0.014984,0.016068,0.015768,0.021262,0.015137,0.01783,0.016125,0.019597,0.013996,0.014995,0.016529,0.015575,0.02807
0.016591,0.018266,0.014204,0.018699,0.014775,0.020337,0.015586,0.015144,0.018708,0.013577,0.014401,0.024679,0.01408,0.018026,0.021849,0.014731,0.014489,0.014984,0.016068,0.015673,0.021262,0.015137,0.01783,0.016125,0.019597,0.013996,0.014995,0.016519,0.015395,0.02807
0.016557,0.018266,0.014204,0.018699,0.014775,0.020337,0.015586,0.015144,0.018708,0.013577,0.014401,0.024679,0.01408,0.018026,0.021849,0.014731,0.014489,0.014984,0.016068,0.015626,0.021262,0.015137,0.01783,0.016125,0.019597,0.013996,0.014995,0.016516,0.015395,0.02807
0.016557,0.018266,0.014204,0.018699,0.014775,0.020337,0.015586,0.0151,0.018708,0.013577,0.014401,0.024679,0.01408,0.018026,0.021849,0.014731,0.014489,0.014984,0.016068,0.015548,0.021262,0.015137,0.01783,0.016125,0.019597,0.013996,0.014995,0.01648,0.015395,0.02807
0.016548,0.018266,0.014204,0.018699,0.014775,0.020337,0.015586,0.0151,0.018708,0.013563,0.014401,0.024679,0.01408,0.018026,0.021849,0.014731,0.014475,0.014984,0.016068,0.015548,0.021262,0.015137,0.01783,0.016125,0.019597,0.013996,0.014995,0.016256,0.015395,0.02807
0.016548,0.018266,0.014204,0.018699,0.014775,0.020337,0.015586,0.0151,0.018708,0.013563,0.014401,0.024679,0.01408,0.018026,0.021849,0.014731,0.014456,0.014984,0.016068,0.015548,0.021262,0.015137,0.01783,0.016125,0.019597,0.013996,0.014995,0.016256,0.015395,0.02807
0.016548,0.018266,0.014204,0.018699,0.014775,0.020337,0.015586,0.0151,0.018708,0.013548,0.014401,0.024679,0.01408,0.018026,0.021849,0.014731,0.014441,0.014984,0.016068,0.015548,0.021262,0.015137,0.01783,0.016125,0.019597,0.013996,0.014971,0.016256,0.015367,0.02807
0.016548,0.018266,0.014204,0.018699,0.014775,0.020337,0.015586,0.0151,0.018708,0.013548,0.014401,0.024679,0.01408,0.018026,0.021849,0.014731,0.014441,0.014984,0.016068,0.015548,0.021262,0.015137,0.01783,0.016125,0.019597,0.013996,0.014893,0.016256,0.015367,0.02807
0.016548,0.018266,0.014096,0.018699,0.014775,0.020337,0.015586,0.015092,0.018708,0.013516,0.014365,0.024679,0.01408,0.018026,0.021849,0.014731,0.014441,0.014984,0.016068,0.015548,0.021262,0.015137,0.01783,0.016125,0.019597,0.013996,0.014879,0.016256,0.015367,0.02807
0.016548,0.018266,0.014054,0.018699,0.014775,0.020337,0.015586,0.015065,0.018708,0.013516,0.014365,0.024679,0.01408,0.018026,0.021849,0.014731,0.014441,0.014984,0.016068,0.015548,0.021262,0.015137,0.01783,0.016125,0.019597,0.013996,0.014879,0.016256,0.01536,0.02807
0.016548,0.018266,0.014054,0.018699,0.014772,0.020337,0.015586,0.015065,0.018708,0.013516,0.014365,0.024679,0.01408,0.018026,0.021849,0.014731,0.014441,0.014984,0.016068,0.015548,0.021262,0.015137,0.01783,0.016125,0.019597,0.013996,0.014879,0.016256,0.01532,0.02807
0.016548,0.018266,0.014054,0.018699,0.014772,0.020337,0.015586,0.014997,0.018708,0.013516,0.014365,0.024679,0.01408,0.018026,0.021849,0.014731,0.014441,0.014984,0.016068,0.015548,0.021262,0.015137,0.01783,0.016125,0.019597,0.013996,0.014879,0.016256,0.015278,0.02807
0.016548,0.018266,0.014054,0.018699,0.014772,0.020337,0.015586,0.014945,0.018708,0.013513,0.014365,0.024679,0.01408,0.018026,0.021849,0.014731,0.014441,0.014984,0.016068,0.015548,0.021262,0.015137,0.01783,0.016125,0.019597,0.013996,0.014879,0.016256,0.015278,0.02807
0.016548,0.018266,0.014054,0.018699,0.01475,0.020337,0.015586,0.014942,0.018708,0.013493,0.014365,0.024679,0.01408,0.018026,0.021849,0.014731,0.014403,0.014984,0.016068,0.015548,0.021262,0.015137,0.01783,0.016125,0.019597,0.013996,0.014879,0.016256,0.015247,0.02807
0.016548,0.018266,0.014054,0.018699,0.01475,0.020337,0.015586,0.014914,0.018708,0.013493,0.014365,0.024679,0.01408,0.018026,0.021849,0.014731,0.014391,0.014984,0.016068,0.015548,0.021262,0.015137,0.01783,0.016125,0.019597,0.013996,0.014879,0.016256,0.015247,0.02807
0.016548,0.018266,0.014054,0.018699,0.014732,0.020337,0.015586,0.014898,0.018708,0.013493,0.014365,0.024679,0.01408,0.018026,0.021849,0.014731,0.014391,0.014984,0.016068,0.015548,0.021262,0.015137,0.01783,0.016125,0.019597,0.013996,0.014879,0.016256,0.015247,0.02807
0.016548,0.018266,0.014054,0.018699,0.014732,0.020337,0.015586,0.014898,0.018708,0.013493,0.014365,0.024679,0.01408,0.018026,0.021849,0.014731,0.014391,0.014984,0.016068,0.015548,0.021262,0.015137,0.01783,0.016125,0.019597,0.013996,0.014879,0.016256,0.015247,0.02807
0.016548,0.018266,0.014054,0.018699,0.014732,0.020337,0.015586,0.014898,0.018708,0.013493,0.01435,0.024679,0.01408,0.018026,0.021849,0.014731,0.014391,0.014984,0.016068,0.015548,0.021262,0.015137,0.01783,0.016125,0.019597,0.013996,0.014879,0.016256,0.015125,0.02807
0.016548,0.018266,0.014054,0.018699,0.014717,0.020337,0.015586,0.014898,0.018708,0.013493,0.014342,0.024679,0.01408,0.018026,0.021849,0.014731,0.014391,0.014984,0.016068,0.015548,0.021262,0.015137,0.01783,0.016125,0.019597,0.013996,0.014879,0.016256,0.015125,0.02807
0.016548,0.018266,0.014054,0.018699,0.014678,0.020337,0.015586,0.014782,0.018708,0.013493,0.014342,0.024679,0.01408,0.018026,0.021849,0.014731,0.014359,0.014984,0.016068,0.015548,0.021262,0.015137,0.01783,0.016125,0.019597,0.013996,0.014879,0.016256,0.015125,0.02807
0.016548,0.018266,0.014054,0.018699,0.014678,0.020337,0.015586,0.014782,0.018708,0.013392,0.014342,0.024679,0.01408,0.018026,0.021849,0.014731,0.014359,0.014963,0.016068,0.015548,0.021262,0.015137,0.01783,0.016125,0.019597,0.013996,0.014879,0.016256,0.014874,0.02807
0.016538,0.018266,0.014054,0.018699,0.014678,0.020337,0.015586,0.014782,0.018708,0.013392,0.014342,0.024679,0.01408,0.018026,0.021849,0.014731,0.014359,0.014963,0.016068,0.015548,0.021262,0.015137,0.01783,0.016125,0.019597,0.013996,0.014879,0.016256,0.014671,0.02807
0.016491,0.018266,0.014054,0.018699,0.014678,0.020337,0.015586,0.014663,0.018708,0.013366,0.014332,0.024679,0.01408,0.018026,0.021849,0.014731,0.01435,0.014963,0.016068,0.015548,0.021262,0.015137,0.01783,0.016125,0.019597,0.013996,0.014879,0.016256,0.014671,0.02807
0.016491,0.018266,0.014054,0.018699,0.014678,0.020337,0.015586,0.014659,0.018708,0.013298,0.014332,0.024679,0.01408,0.018026,0.021849,0.014731,0.014344,0.014963,0.016068,0.015507,0.021262,0.015137,0.01783,0.016125,0.019597,0.013996,0.014879,0.016247,0.014671,0.02807
0.016491,0.018266,0.014054,0.018699,0.014678,0.020337,0.015586,0.014572,0.018708,0.013298,0.014332,0.024679,0.01408,0.018026,0.021849,0.014731,0.014344,0.014963,0.016068,0.015507,0.021262,0.015137,0.01783,0.016125,0.019597,0.013996,0.014835,0.016247,0.014671,0.02807
0.016491,0.018266,0.014054,0.018699,0.014678,0.020337,0.015586,0.014572,0.018708,0.013298,0.014272,0.024679,0.01408,0.018026,0.021849,0.014731,0.014344,0.014963,0.016068,0.015507,0.021262,0.015137,0.01783,0.016125,0.019597,0.013996,0.014835,0.016205,0.014671,0.02807
0.016491,0.018266,0.014053,0.018699,0.014678,0.020337,0.015586,0.014572,0.018708,0.013298,0.014259,0.024679,0.01408,0.018026,0.021849,0.014731,0.014339,0.014963,0.016068,0.015507,0.021262,0.015137,0.01783,0.016125,0.019597,0.013996,0.014835,0.016205,0.014671,0.02807
