3.4245,3.1119,4.0832,1.6702,2.037,1.9836,2.0526,1.2535,1.3347,1.8528,1.8564,1.952,1.9349,1.9936,1.5437,1.0984,1.3921,1.7582,1.7493,1.2773,1.4572,1.8529,1.9692,1.8848,3.4947,2.337,1.7351,1.6153,2.0225,1.6082
2.4961,1.8212,2.5585,1.4008,1.8493,1.8675,2.0526,1.2471,1.1673,1.8528,1.8564,1.952,1.9349,1.9936,1.5354,1.0984,1.3921,1.7582,1.7493,1.2773,1.4572,0.99111,1.9692,1.8848,1.3219,2.337,1.5817,1.6153,2.0225,1.6082
2.4961,1.8212,2.5585,1.4008,1.7821,1.8675,1.8122,1.2471,1.1673,1.8528,1.6299,1.952,1.9349,1.9936,1.5354,1.0984,1.3921,1.7582,1.7493,1.2773,1.4572,0.99111,1.9692,1.8848,1.3219,2.1785,1.5817,1.5469,2.0225,1.6082
1.7892,1.8212,1.4906,1.0918,1.7821,1.8675,1.7698,1.2471,1.1673,1.5227,1.6299,1.952,1.9349,1.9936,1.5354,1.0984,1.3921,1.3951,1.7493,1.2402,1.4572,0.99111,1.9692,1.6819,1.3219,2.1785,1.5817,1.2191,2.0225,1.0941
1.7892,1.8212,1.4095,1.0711,1.7821,1.8217,1.7698,1.2471,0.84538,1.5218,1.473,1.4188,1.7678,1.2364,1.5354,1.0984,1.3921,1.2183,1.2723,1.2402,1.3053,0.99111,1.1152,1.6819,1.3219,1.9524,1.4109,1.2191,1.68,1.0941
1.7573,1.8212,1.4095,1.0711,1.7821,1.5703,1.7125,0.91306,0.84538,1.4554,1.473,1.285,1.319,1.2364,1.5354,1.0984,1.3921,1.185,1.2723,1.132,1.3053,0.99111,1.0753,1.2045,1.3219,1.9524,1.4109,1.2191,1.68,1.0941
1.526,1.6426,1.3404,1.0711,1.5332,1.5703,1.6522,0.91306,0.84538,1.2323,1.472,0.95157,1.1214,1.2364,0.9657,1.0984,1.1349,1.1393,0.97737,1.0651,1.3053,0.99111,1.0753,1.0436,1.2461,1.9524,1.4109,1.2191,1.1939,1.0941
1.4452,1.5728,1.2219,1.0711,1.5332,0.97051,1.4473,0.91306,0.84538,1.0931,1.472,0.95157,1.1214,1.2364,0.9657,1.0984,1.0368,1.1393,0.97737,1.0324,1.3053,0.99111,1.0298,1.0256,1.0858,1.7307,1.4109,1.2191,1.1939,1.0941
1.4452,1.5399,1.1306,1.0678,1.2039,0.95292,0.94255,0.91306,0.84538,1.0931,1.472,0.95157,1.1214,1.2364,0.9657,1.0984,1.0368,1.0812,0.97737,0.9739,1.2756,0.99111,1.0227,1.0256,1.0858,1.388,1.4109,1.2191,1.1939,1.0941
1.4452,1.5399,1.1306,1.0678,1.1552,0.95142,0.94255,0.91306,0.84538,1.0369,1.3476,0.95157,1.1214,1.2364,0.9657,1.0984,1.0368,1.029,0.97737,0.96139,1.2598,0.99111,1.0227,1.0157,1.0858,1.2215,1.4109,1.2191,1.1939,1.0941
1.4452,1.5399,1.1306,1.0678,1.1552,0.93652,0.94255,0.91306,0.84538,1.0369,1.1064,0.95157,1.0455,1.2364,0.9657,1.0984,1.0368,1.029,0.97737,0.95866,1.2598,0.99111,1.0227,1.0157,1.0341,1.0319,1.4109,1.2191,1.1801,1.0941
1.4452,1.1291,1.1211,1.0678,1.1552,0.93082,0.94255,0.91306,0.84538,1.0369,1.1064,0.95157,1.0455,1.2364,0.9657,1.0984,1.0368,1.029,0.97737,0.95866,1.2598,0.99111,1.0227,1.0157,0.98605,1.0319,1.4109,1.2191,1.1769,1.0583
1.4452,1.1291,0.99257,1.0678,1.1552,0.93082,0.89282,0.91306,0.84538,1.0369,0.99936,0.95157,0.9955,1.2364,0.9657,1.0984,1.0368,1.0246,0.97737,0.95866,1.1215,0.99111,1.0227,1.0039,0.98325,1.0319,1.4109,1.2191,1.1769,0.95202
1.4452,1.1291,0.92923,1.0678,1.1552,0.90583,0.89282,0.91306,0.84538,1.0323,0.99936,0.95157,0.9955,1.2364,0.9657,1.0984,1.0368,1.0246,0.97737,0.95866,1.1215,0.94226,1.0227,0.98768,0.98325,1.0319,1.4109,1.2191,1.1769,0.95202
1.4346,1.1291,0.92923,1.0678,1.1552,0.90583,0.89282,0.90495,0.84538,1.0323,0.99936,0.95157,0.9955,1.2364,0.9657,1.0984,1.0368,1.0246,0.97737,0.95866,0.93677,0.94226,1.0227,0.97551,0.98325,1.0319,1.4109,1.1911,1.1769,0.95202
1.4346,1.1291,0.92923,1.0678,1.1552,0.90583,0.89282,0.90495,0.84538,1.0323,0.99936,0.95157,0.9955,1.2364,0.9657,1.0984,1.0368,1.0246,0.97322,0.95866,0.93677,0.94226,1.0227,0.97551,0.98325,1.0319,1.4109,1.0373,1.1769,0.95202
1.4346,1.1291,0.92577,1.0678,1.1552,0.90583,0.89282,0.89223,0.84538,1.0323,0.99936,0.95157,0.91336,1.2364,0.9657,1.0984,1.0368,1.0246,0.97322,0.95866,0.93677,0.93098,1.0227,0.9678,0.98325,1.0319,1.4109,1.0159,1.1769,0.95202
1.4346,1.1291,0.8727,1.0379,1.1552,0.90583,0.89282,0.89223,0.84538,1.0282,0.99936,0.95157,0.91336,1.2364,0.9657,1.0984,1.0368,1.0246,0.97322,0.95866,0.93677,0.9093,1.0227,0.96388,0.96201,1.0319,1.4109,1.0154,1.1769,0.95202
1.4346,1.1291,0.8727,1.0379,1.1552,0.90583,0.85387,0.89223,0.84538,1.0282,0.99936,0.95157,0.91336,1.2364,0.9657,1.0984,1.0368,1.0246,0.97322,0.95866,0.93677,0.9093,1.0194,0.96388,0.96201,1.0319,1.4109,1.0154,1.1769,0.95202
1.4346,1.1291,0.8727,0.97434,1.1552,0.90583,0.82644,0.89223,0.84538,0.99968,0.99936,0.95157,0.91336,1.2364,0.9657,1.0984,1.0368,0.97908,0.97322,0.95866,0.93677,0.9093,1.0194,0.94118,0.96201,1.0319,1.4109,0.96613,1.1769,0.95202
1.4346,1.1291,0.8727,0.97434,1.0761,0.90583,0.82644,0.89223,0.84538,0.95618,0.99936,0.95157,0.91336,1.2364,0.9657,1.0984,1.0368,0.91964,0.97322,0.95866,0.93677,0.9093,0.99417,0.94118,0.96201,1.017,1.4109,0.96613,1.1769,0.95202
1.4346,1.1291,0.8727,0.97434,1.0761,0.9046,0.82644,0.89223,0.84538,0.95618,0.99936,0.95157,0.91336,1.2364,0.9657,1.0984,1.0368,0.91896,0.97322,0.95866,0.93677,0.90638,0.99417,0.94118,0.96201,1.017,1.4109,0.96613,1.1769,0.95202
1.4346,1.1291,0.8727,0.97434,1.0761,0.9046,0.82644,0.89223,0.84538,0.95618,0.99936,0.95157,0.91336,1.2364,0.9657,1.0984,1.0368,0.91896,0.97322,0.95866,0.93677,0.90638,0.99417,0.94118,0.96201,1.017,1.4109,0.96613,1.108,0.95202
1.4346,1.1291,0.8727,0.97434,1.0761,0.9046,0.82644,0.89223,0.84538,0.95618,0.97472,0.95157,0.91336,1.2364,0.9657,1.0984,1.0368,0.91896,0.95784,0.95866,0.93677,0.89885,0.99417,0.94118,0.96201,1.017,1.4109,0.96613,1.108,0.95202
1.4346,1.1291,0.8727,0.97434,1.0685,0.9046,0.82644,0.89223,0.84538,0.95618,0.97247,0.95157,0.91336,1.2364,0.9657,1.0984,1.0368,0.91896,0.95784,0.95866,0.93677,0.89885,0.99417,0.94118,0.96201,1.017,1.4109,0.96613,1.108,0.95202
1.4346,1.1291,0.8727,0.97434,1.0685,0.9046,0.82644,0.89223,0.84538,0.95618,0.96945,0.91932,0.91336,1.2364,0.9657,1.0984,1.0368,0.91896,0.94805,0.95866,0.93677,0.89821,0.99417,0.94118,0.96201,1.017,1.4109,0.96613,1.108,0.95202
1.4346,1.1291,0.8727,0.95903,1.0134,0.88038,0.82644,0.89223,0.84538,0.95618,0.94251,0.91932,0.91336,1.2364,0.9657,1.0984,1.0368,0.91896,0.94805,0.95866,0.93677,0.89039,0.99417,0.94118,0.96201,0.99749,1.4109,0.96613,1.108,0.95202
1.4346,1.1291,0.8727,0.95901,1.0134,0.88038,0.82644,0.89223,0.84538,0.95618,0.94251,0.91932,0.91336,1.2364,0.9657,1.0984,1.0368,0.91861,0.94805,0.95866,0.93677,0.89039,0.99417,0.94118,0.96201,0.99749,1.4109,0.96613,1.108,0.95202
1.4346,1.1291,0.8727,0.95901,1.0134,0.88038,0.82644,0.89223,0.84538,0.95618,0.94181,0.8679,0.91336,1.2364,0.9657,1.0984,1.0368,0.88753,0.94805,0.95866,0.93677,0.89039,0.99417,0.88699,0.96201,0.99749,1.4109,0.96613,1.108,0.95202
1.4346,1.1291,0.8727,0.95901,1.0134,0.88038,0.82644,0.89223,0.84538,0.95618,0.94181,0.8679,0.91336,1.2364,0.9657,1.0984,1.0368,0.88753,0.94805,0.95866,0.93677,0.89039,0.99417,0.88699,0.96201,0.89857,1.4109,0.96613,1.108,0.95202
1.4346,1.1291,0.8727,0.95901,1.0124,0.88038,0.82644,0.89223,0.84538,0.95618,0.94181,0.8652,0.91336,1.2364,0.9657,1.0984,1.0368,0.88753,0.94805,0.95866,0.93677,0.89039,0.99417,0.88699,0.96201,0.89857,1.4109,0.96613,1.108,0.95202
1.4346,0.9495,0.8727,0.95901,1.0124,0.838,0.82644,0.89223,0.84538,0.95618,0.94082,0.8652,0.91336,1.2364,0.9657,1.0984,1.0368,0.88753,0.94805,0.95866,0.93677,0.89039,0.99417,0.88699,0.96201,0.89857,1.4109,0.96613,1.108,0.95202
1.4346,0.9495,0.8727,0.95156,1.0124,0.838,0.82644,0.89223,0.84538,0.95618,0.94082,0.8652,0.91336,1.2364,0.9657,1.0984,1.0368,0.87462,0.94805,0.95866,0.93677,0.89039,0.99417,0.88699,0.96201,0.89857,1.4109,0.96613,1.108,0.95202
1.4346,0.9495,0.8727,0.95156,1.0124,0.838,0.82644,0.89223,0.84538,0.95618,0.94082,0.8652,0.91336,1.2364,0.9657,1.0984,1.0368,0.87462,0.94805,0.95866,0.93677,0.89039,0.99417,0.88699,0.96201,0.89857,1.4109,0.96613,1.108,0.95202
1.4346,0.9495,0.8727,0.95156,1.0124,0.838,0.82644,0.89223,0.84538,0.95618,0.94082,0.8652,0.91336,1.2364,0.95914,1.0984,1.0368,0.87462,0.94805,0.95866,0.92486,0.88223,0.99417,0.86823,0.96201,0.89857,1.4109,0.96613,1.108,0.95202
1.4346,0.9495,0.8727,0.95156,1.0124,0.8093,0.82644,0.89223,0.84538,0.95618,0.94082,0.8652,0.91336,1.2364,0.95914,1.0984,1.0368,0.87462,0.94805,0.95866,0.92486,0.88223,0.99417,0.86823,0.96201,0.89857,1.4109,0.96613,1.108,0.95202
1.4346,0.9495,0.8727,0.95156,1.0109,0.8093,0.82644,0.89223,0.84538,0.95618,0.94082,0.85517,0.91336,1.2364,0.95914,1.0984,1.0368,0.87462,0.94805,0.95866,0.92486,0.88223,0.99417,0.86823,0.96201,0.89857,1.4109,0.96613,1.108,0.95202
1.4346,0.9495,0.8727,0.95156,1.0109,0.8093,0.82644,0.89223,0.84538,0.95618,0.94082,0.85517,0.91336,1.2364,0.9563,1.0984,1.0368,0.87462,0.94805,0.95866,0.92166,0.88223,0.99417,0.86823,0.96201,0.89857,1.4109,0.96613,1.108,0.95202
1.4346,0.9495,0.8727,0.95156,1.0109,0.8093,0.82644,0.89223,0.84538,0.95618,0.94082,0.85517,0.91336,1.2364,0.9563,1.0984,1.0368,0.87462,0.94805,0.95866,0.92166,0.88223,0.99417,0.86823,0.96201,0.89857,1.4109,0.96613,1.108,0.95202
1.4346,0.9495,0.8727,0.95156,1.0078,0.8093,0.82644,0.89223,0.84538,0.95618,0.94082,0.85517,0.91336,1.2364,0.9563,1.0984,1.0368,0.87462,0.94805,0.95866,0.91325,0.88223,0.99417,0.86823,0.96201,0.89857,1.4109,0.96613,1.108,0.95202
1.4346,0.9495,0.8727,0.95156,1.0078,0.8093,0.82644,0.83195,0.84538,0.95618,0.94082,0.82664,0.91336,1.2364,0.94483,1.0984,1.0368,0.87462,0.94165,0.95866,0.91325,0.88223,0.99417,0.86823,0.91765,0.89857,1.4109,0.96613,1.108,0.95202
1.4346,0.9495,0.8727,0.93494,1.0078,0.8093,0.82644,0.83195,0.84538,0.95618,0.94082,0.82664,0.91336,1.2364,0.94483,1.0984,1.0368,0.87462,0.94165,0.95866,0.91325,0.88223,0.99417,0.86823,0.91765,0.89857,1.4109,0.96613,1.108,0.95202
1.4346,0.9495,0.8727,0.93494,1.0071,0.8093,0.82644,0.83195,0.84538,0.95618,0.94082,0.82664,0.91336,1.2364,0.94403,1.0984,1.0368,0.87462,0.94165,0.95866,0.90842,0.88223,0.99417,0.86823,0.91765,0.89857,1.4109,0.96613,1.108,0.95202
1.4346,0.9495,0.8727,0.933,1.0008,0.8093,0.82644,0.82411,0.84538,0.95618,0.94082,0.82664,0.91336,1.2364,0.94403,1.0984,1.0368,0.87462,0.94165,0.95866,0.90842,0.88223,0.99417,0.86823,0.91765,0.89857,1.4109,0.96613,1.108,0.95202
1.4346,0.93763,0.8727,0.92808,1.0008,0.8093,0.82644,0.82411,0.84538,0.95618,0.94082,0.82664,0.91336,1.2364,0.94172,1.0165,1.0368,0.87462,0.94165,0.95866,0.90842,0.87969,0.99417,0.86823,0.91765,0.89857,1.4109,0.96613,1.108,0.95202
1.4346,0.93763,0.8727,0.92808,1.0008,0.8093,0.82644,0.82411,0.84538,0.95618,0.94082,0.8237,0.91336,1.2364,0.94172,1.0165,1.0368,0.87462,0.94165,0.95866,0.90842,0.87969,0.99417,0.86823,0.91765,0.89857,1.4109,0.96613,1.108,0.95202
1.4346,0.93763,0.8727,0.92808,1.0008,0.78865,0.82644,0.82411,0.84538,0.95618,0.94082,0.8237,0.91336,1.2364,0.94172,0.97891,1.0368,0.87462,0.94165,0.95866,0.90842,0.87969,0.99417,0.86823,0.91765,0.89857,1.4109,0.96613,1.0206,0.95202
1.4346,0.93763,0.8727,0.92808,1.0008,0.78865,0.82644,0.82411,0.84538,0.95618,0.94082,0.8237,0.91336,1.2364,0.94172,0.97891,1.0368,0.87462,0.94165,0.95866,0.90842,0.87969,0.99417,0.86823,0.91765,0.89857,1.4109,0.96613,1.0206,0.95202
1.4346,0.93763,0.8727,0.92808,1.0008,0.78865,0.82644,0.82411,0.84538,0.95618,0.94082,0.8237,0.8564,1.2364,0.94172,0.97891,1.0368,0.87462,0.94165,0.95866,0.90842,0.87969,0.99417,0.86823,0.91765,0.89857,1.4109,0.96613,1.0206,0.95202
1.4346,0.93763,0.8727,0.92808,1.0008,0.78865,0.82644,0.82411,0.84538,0.95618,0.94082,0.8237,0.85156,1.2364,0.94172,0.97891,1.0368,0.87462,0.94165,0.95866,0.90842,0.87969,0.97759,0.86823,0.91765,0.89857,1.4109,0.96613,1.0206,0.95202
1.4346,0.93763,0.8727,0.92808,1.0008,0.78865,0.82644,0.82411,0.84538,0.95618,0.94082,0.8237,0.84526,1.2364,0.94172,0.97891,1.0368,0.87462,0.94165,0.95866,0.90842,0.87969,0.97759,0.86823,0.91765,0.89857,1.4109,0.96613,1.0206,0.95202
1.4346,0.93763,0.8727,0.92808,1.0008,0.78865,0.82644,0.8239,0.84538,0.95618,0.94082,0.8237,0.84526,1.2364,0.93431,0.97891,1.0368,0.87462,0.94165,0.95748,0.90842,0.87969,0.97759,0.86823,0.91765,0.89857,1.4109,0.96613,1.0206,0.95202
1.4346,0.93763,0.8727,0.92808,1.0008,0.78865,0.82644,0.8239,0.84538,0.95618,0.94082,0.8237,0.84526,1.2364,0.93431,0.97891,1.0368,0.87462,0.94165,0.95748,0.90842,0.87969,0.97759,0.84316,0.91765,0.89857,1.4109,0.96613,1.0206,0.95202
1.4346,0.93763,0.8727,0.92808,1.0008,0.78865,0.82644,0.8239,0.84538,0.95618,0.94082,0.8237,0.83719,1.2364,0.93431,0.97891,1.0368,0.87462,0.94165,0.95748,0.90842,0.87969,0.97759,0.83939,0.91765,0.89857,1.4109,0.96613,1.0206,0.95202
1.4346,0.91538,0.8727,0.92808,1.0008,0.78865,0.82644,0.8239,0.84538,0.95618,0.93015,0.8237,0.83719,1.2364,0.93431,0.97891,1.0368,0.87462,0.94165,0.95748,0.90842,0.87969,0.97759,0.83939,0.91765,0.89857,1.4109,0.96613,1.0206,0.95202
1.4346,0.90751,0.8727,0.92808,1.0008,0.78865,0.82644,0.8239,0.84538,0.95618,0.93015,0.8237,0.82717,1.2364,0.93431,0.97891,1.0368,0.87462,0.94165,0.95748,0.90718,0.87969,0.97759,0.83939,0.91765,0.89857,1.4109,0.96613,1.0206,0.95202
1.4346,0.90751,0.8727,0.92808,1.0008,0.78865,0.82644,0.8239,0.84538,0.95618,0.93015,0.8237,0.82623,1.2364,0.93431,0.97706,1.0368,0.87462,0.94165,0.95748,0.86226,0.87969,0.97759,0.83939,0.91765,0.89857,1.4109,0.96613,1.0206,0.95202
1.4346,0.88225,0.8727,0.92808,1.0008,0.78865,0.82644,0.82125,0.84538,0.95618,0.93015,0.8237,0.82623,1.2364,0.93431,0.97706,1.0368,0.87462,0.94165,0.95748,0.86226,0.87969,0.97759,0.83939,0.91765,0.89857,1.4109,0.96613,1.0206,0.95202
1.4346,0.88225,0.8727,0.92808,1.0008,0.78865,0.82644,0.82125,0.84538,0.94685,0.93015,0.8237,0.82623,1.2364,0.93431,0.97706,1.0368,0.87462,0.94165,0.95748,0.86226,0.87969,0.97759,0.83939,0.91765,0.89857,1.4109,0.96613,1.0206,0.95202
1.4346,0.88225,0.8727,0.92808,1.0008,0.78865,0.82644,0.82125,0.84538,0.94685,0.93015,0.8237,0.81388,1.2364,0.93431,0.97706,1.0368,0.87462,0.94165,0.95748,0.86226,0.87969,0.97759,0.83939,0.91765,0.89857,1.4109,0.96613,1.0206,0.95202
1.4346,0.88225,0.8727,0.92808,1.0008,0.78865,0.82644,0.82125,0.84538,0.94685,0.93015,0.8237,0.8096,1.2364,0.93417,0.97706,1.0368,0.87462,0.94165,0.95748,0.86226,0.87969,0.97759,0.83138,0.91765,0.89857,1.4109,0.96613,1.0206,0.95202
1.4346,0.88225,0.8727,0.92808,1.0008,0.78865,0.82644,0.82125,0.84538,0.94685,0.93015,0.8237,0.8096,1.2364,0.93417,0.97231,1.0368,0.87462,0.94165,0.95748,0.86226,0.87969,0.97759,0.83,0.91765,0.89857,1.4109,0.96613,1.0206,0.95202
1.4346,0.88225,0.8727,0.92474,1.0008,0.78865,0.82644,0.82125,0.84538,0.92939,0.92089,0.8237,0.8096,1.2364,0.93417,0.97064,1.0368,0.87462,0.94165,0.95748,0.86226,0.87969,0.97759,0.82861,0.91765,0.89857,1.4109,0.96613,1.0206,0.95202
1.4346,0.88225,0.8727,0.92169,1.0008,0.78865,0.82644,0.82125,0.84538,0.92939,0.92089,0.82199,0.80143,1.2364,0.93417,0.97064,1.0368,0.87462,0.94165,0.95748,0.86226,0.87969,0.97756,0.82861,0.91765,0.89857,1.4109,0.96613,1.0206,0.95202
1.4346,0.88225,0.8727,0.92169,1.0008,0.78865,0.82644,0.82117,0.84538,0.92939,0.92089,0.82199,0.80143,1.2364,0.93417,0.97064,1.0368,0.87462,0.94165,0.95748,0.86226,0.87969,0.97265,0.82861,0.91765,0.89857,1.4109,0.96613,1.0206,0.95202
1.4346,0.88225,0.8727,0.92169,1.0008,0.78865,0.82644,0.82117,0.84538,0.92939,0.92089,0.82199,0.80143,1.2364,0.93337,0.97064,1.0368,0.87462,0.94165,0.95748,0.86226,0.87969,0.97191,0.82861,0.91765,0.89857,1.4109,0.96613,1.0206,0.95202
1.4346,0.88225,0.8727,0.91509,1.0008,0.78865,0.82644,0.82117,0.84538,0.92939,0.92089,0.82199,0.80078,1.2364,0.93337,0.97064,1.0368,0.87462,0.94165,0.95748,0.86226,0.87969,0.97191,0.82861,0.91765,0.89857,1.4109,0.96613,1.0206,0.95202
1.4346,0.88225,0.8727,0.91509,1.0008,0.78865,0.82644,0.82117,0.84538,0.92939,0.92089,0.82199,0.80078,1.2364,0.93337,0.96753,1.0368,0.87462,0.93332,0.95748,0.86226,0.87969,0.97191,0.82861,0.91765,0.89857,1.4109,0.96613,1.0206,0.94522
1.4346,0.88225,0.8727,0.91509,1.0008,0.78865,0.82644,0.82064,0.84538,0.92939,0.92089,0.82199,0.7912,1.2364,0.93337,0.95464,1.0368,0.87462,0.93332,0.95748,0.86226,0.87969,0.97191,0.82861,0.91765,0.89857,1.4109,0.96613,1.0206,0.94522
1.4346,0.88225,0.8727,0.91006,1.0008,0.78865,0.82644,0.82064,0.84538,0.92939,0.92089,0.82199,0.7912,1.2364,0.93337,0.95464,1.0368,0.87462,0.93332,0.95748,0.86226,0.87969,0.97191,0.82861,0.91765,0.89857,1.4109,0.96613,1.0206,0.94522
1.4346,0.88225,0.8727,0.91006,1.0008,0.78865,0.82644,0.82064,0.84538,0.92939,0.92089,0.82199,0.79115,1.2364,0.93337,0.95099,1.0368,0.87462,0.93332,0.95748,0.86226,0.87969,0.97191,0.82861,0.91765,0.89857,1.4109,0.96613,1.0206,0.94522
1.4346,0.88225,0.8727,0.91006,1.0008,0.78865,0.82644,0.82064,0.84538,0.92939,0.92089,0.82199,0.79115,1.2364,0.93337,0.95099,1.0368,0.87462,0.93332,0.95748,0.86226,0.87969,0.97191,0.82861,0.90639,0.89857,1.4109,0.96613,1.0206,0.94386
1.4346,0.88225,0.8727,0.91006,1.0008,0.78865,0.82644,0.82064,0.84538,0.92939,0.92089,0.82199,0.79115,1.2364,0.9317,0.95099,1.0368,0.87315,0.93332,0.95748,0.86226,0.87969,0.97191,0.82861,0.90192,0.89857,1.4109,0.96613,1.0206,0.94386
1.4346,0.88225,0.8727,0.91006,1.0008,0.78865,0.82644,0.82061,0.84538,0.92939,0.91393,0.82199,0.79115,1.2364,0.9317,0.93375,1.0368,0.87315,0.93332,0.95748,0.86226,0.87969,0.9628,0.82861,0.90192,0.89857,1.4109,0.96613,1.0206,0.94117
1.4346,0.88225,0.8727,0.91006,1.0008,0.78865,0.82644,0.82061,0.84538,0.92939,0.90332,0.82199,0.79115,1.2364,0.9317,0.93375,1.0368,0.87315,0.93332,0.95748,0.86226,0.87969,0.9628,0.82861,0.88031,0.89857,1.4109,0.96613,1.0206,0.94117
1.4346,0.88225,0.8727,0.91006,1.0008,0.78865,0.82644,0.82061,0.84538,0.92939,0.90186,0.82199,0.79115,1.2364,0.92491,0.93375,1.0368,0.87315,0.93332,0.95748,0.86226,0.87969,0.9628,0.82861,0.88031,0.89857,1.4109,0.96613,1.0206,0.94117
1.4346,0.88225,0.8727,0.89392,1.0008,0.78865,0.82644,0.82061,0.84538,0.92939,0.90186,0.82199,0.79115,1.2364,0.92491,0.93375,1.0368,0.87315,0.93332,0.95748,0.86226,0.87969,0.9628,0.82861,0.88031,0.89857,1.4109,0.96613,1.0206,0.94117
1.4346,0.88225,0.8727,0.89392,1.0008,0.78865,0.82644,0.82061,0.84538,0.92939,0.89761,0.82199,0.79115,1.2364,0.92267,0.93375,1.0368,0.87315,0.92942,0.95748,0.86226,0.87969,0.9628,0.82861,0.88031,0.89857,1.4109,0.96613,1.0013,0.94117
1.4346,0.87395,0.8727,0.89392,1.0008,0.78865,0.82644,0.82061,0.84538,0.92939,0.89657,0.82199,0.79115,1.2364,0.92267,0.93375,1.0368,0.87315,0.92942,0.95748,0.86226,0.87969,0.95299,0.82861,0.88031,0.89857,1.4109,0.96613,0.9872,0.94117
1.4346,0.87395,0.8727,0.89331,1.0008,0.78865,0.82644,0.82061,0.84538,0.92939,0.89657,0.82199,0.79115,1.2364,0.92267,0.93375,1.0368,0.87315,0.92942,0.95748,0.86226,0.87969,0.95299,0.82861,0.88031,0.89857,1.4109,0.96613,0.97915,0.94117
1.4346,0.87395,0.8727,0.89331,1.0008,0.78865,0.82644,0.82059,0.84538,0.92939,0.89572,0.82199,0.79115,1.2364,0.92267,0.93375,1.0368,0.87315,0.92942,0.95748,0.86226,0.87969,0.95299,0.82861,0.88031,0.89857,1.4109,0.96613,0.97915,0.94117
1.4346,0.86658,0.8727,0.89331,1.0008,0.78865,0.82644,0.82059,0.84538,0.92939,0.88973,0.82199,0.78741,1.2364,0.92049,0.93375,1.0368,0.87175,0.92942,0.95748,0.86226,0.87969,0.95299,0.82861,0.87529,0.89857,1.4109,0.96613,0.97915,0.94117
1.4346,0.86658,0.8727,0.89331,1.0008,0.78865,0.82644,0.82059,0.84538,0.92939,0.88973,0.82199,0.78741,1.2364,0.91637,0.93375,1.0368,0.87154,0.92942,0.95748,0.86226,0.87969,0.95299,0.82861,0.85744,0.89857,1.4109,0.96613,0.97915,0.94117
1.4346,0.86658,0.8727,0.89303,1.0008,0.78865,0.82644,0.82059,0.84538,0.92939,0.88387,0.82199,0.78741,1.2364,0.90538,0.93375,1.0368,0.86911,0.92942,0.95748,0.86226,0.87969,0.95299,0.82861,0.85744,0.89857,1.4109,0.96613,0.97841,0.94117
1.4346,0.86658,0.8727,0.89098,1.0008,0.78865,0.82644,0.82059,0.84538,0.92939,0.88387,0.82199,0.78741,1.2364,0.90478,0.93375,1.0368,0.86911,0.92942,0.95748,0.86226,0.87969,0.93708,0.82861,0.85744,0.89857,1.4109,0.96613,0.97841,0.94117
1.4346,0.86658,0.8727,0.88561,1.0008,0.78865,0.82644,0.82059,0.84538,0.92939,0.88387,0.82199,0.78741,1.2364,0.90265,0.93375,1.0368,0.86911,0.92942,0.95748,0.86226,0.87969,0.93708,0.82861,0.85744,0.89857,1.4109,0.96613,0.97841,0.94117
1.4346,0.86502,0.8727,0.88561,1.0008,0.78865,0.82644,0.81281,0.84538,0.92939,0.88387,0.82199,0.78741,1.2364,0.90265,0.93375,1.0368,0.86911,0.92942,0.95748,0.86226,0.87969,0.93708,0.82861,0.85375,0.89857,1.4109,0.96613,0.97841,0.94117
1.4346,0.86502,0.8727,0.88561,1.0008,0.78865,0.82644,0.81281,0.84538,0.92939,0.88387,0.82199,0.78741,1.2364,0.90265,0.93375,1.0368,0.86734,0.92942,0.95748,0.86226,0.87969,0.93708,0.82861,0.85375,0.89857,1.4109,0.96613,0.97841,0.94117
1.4346,0.81613,0.8727,0.88279,1.0008,0.78865,0.82644,0.81281,0.84538,0.92939,0.88387,0.81948,0.78741,1.2364,0.90265,0.93375,1.0368,0.86734,0.92942,0.95748,0.86226,0.87969,0.93708,0.82861,0.85346,0.89857,1.4109,0.96613,0.97076,0.94117
1.4346,0.81613,0.8727,0.88279,1.0008,0.78865,0.82644,0.81281,0.84538,0.92203,0.88387,0.81948,0.78741,1.2364,0.90265,0.93375,1.0368,0.86734,0.92942,0.95748,0.86226,0.87969,0.93708,0.82861,0.85346,0.89857,1.4109,0.96613,0.97076,0.94117
1.4346,0.81613,0.8727,0.88223,1.0008,0.78865,0.82644,0.81281,0.84538,0.92203,0.88387,0.81948,0.78741,1.2364,0.90265,0.9314,1.0368,0.86734,0.92942,0.95748,0.86226,0.87969,0.93708,0.82861,0.85346,0.89857,1.4109,0.96613,0.97076,0.94117
1.4346,0.80934,0.8727,0.87048,1.0008,0.78865,0.82644,0.81281,0.84538,0.92203,0.88387,0.81948,0.78741,1.2364,0.90265,0.9314,1.0368,0.86734,0.92942,0.95748,0.86226,0.87969,0.93708,0.82861,0.85346,0.89857,1.4109,0.96613,0.97076,0.94117
1.4346,0.80934,0.8727,0.84039,0.99971,0.78865,0.82644,0.81281,0.84538,0.92203,0.88387,0.81948,0.78741,1.2364,0.89648,0.9314,1.0368,0.86734,0.92942,0.95748,0.86073,0.87969,0.93708,0.82861,0.85346,0.89857,1.4109,0.96613,0.97076,0.94117
1.4346,0.80934,0.8727,0.84039,0.99971,0.78865,0.82644,0.81281,0.84538,0.92203,0.88387,0.81948,0.78741,1.2364,0.89289,0.9314,1.0368,0.86734,0.92942,0.95748,0.86073,0.87969,0.93708,0.82861,0.85346,0.89857,1.4109,0.96613,0.97076,0.94117
1.4346,0.80934,0.8727,0.84039,0.99865,0.78865,0.82644,0.81281,0.84538,0.92203,0.88387,0.81948,0.78741,1.2364,0.89289,0.92514,1.0368,0.86734,0.92942,0.95748,0.86073,0.87969,0.93708,0.82861,0.85346,0.89857,1.4109,0.96613,0.97076,0.94117
1.4346,0.80934,0.8727,0.84039,0.99865,0.78865,0.82644,0.81281,0.84538,0.92203,0.88387,0.81948,0.78741,1.2364,0.89289,0.92514,1.0368,0.86734,0.92942,0.95748,0.86073,0.87969,0.92904,0.82861,0.85346,0.89857,1.4109,0.96613,0.97076,0.94117
1.4346,0.80934,0.8727,0.84039,0.99865,0.78865,0.82644,0.81281,0.84538,0.92203,0.88366,0.81948,0.78741,1.2364,0.89289,0.92514,1.0368,0.86734,0.92942,0.95748,0.86073,0.87969,0.92904,0.82861,0.85346,0.89857,1.4109,0.96613,0.97076,0.94117
1.4346,0.80934,0.8727,0.84039,0.99753,0.78865,0.82644,0.81091,0.84538,0.92203,0.87788,0.81948,0.78741,1.2364,0.89289,0.92514,1.0368,0.86734,0.92942,0.95748,0.86073,0.87969,0.92904,0.82861,0.85346,0.89857,1.4109,0.96613,0.97076,0.94117
1.4346,0.80934,0.8727,0.84039,0.99753,0.78865,0.82644,0.81091,0.84538,0.92203,0.87788,0.81948,0.78741,1.2364,0.89289,0.92514,1.0368,0.86734,0.92942,0.95748,0.86073,0.87969,0.92904,0.82861,0.85204,0.89857,1.4109,0.96613,0.97076,0.94117
1.4346,0.80934,0.8727,0.84039,0.99753,0.78865,0.82644,0.81091,0.84538,0.92203,0.87788,0.81948,0.78741,1.2364,0.89289,0.92391,1.0368,0.86664,0.92942,0.95748,0.86073,0.87969,0.92904,0.82861,0.85204,0.89857,1.4109,0.96613,0.97076,0.94117
1.4346,0.80934,0.8727,0.84039,0.99753,0.78865,0.82644,0.81091,0.84538,0.92203,0.87788,0.81948,0.78741,1.2364,0.89289,0.92391,1.0368,0.86664,0.92942,0.95748,0.86073,0.87969,0.92904,0.82861,0.85073,0.89857,1.4109,0.96613,0.97076,0.94117
1.4346,0.80934,0.8727,0.84039,0.99753,0.78865,0.82644,0.81091,0.84538,0.92203,0.87788,0.81948,0.78741,1.2364,0.89289,0.92391,1.0368,0.86664,0.92942,0.95748,0.86073,0.87969,0.92904,0.82861,0.85073,0.89857,1.4109,0.96613,0.97076,0.94117
1.4346,0.80934,0.8727,0.84039,0.99753,0.78865,0.82644,0.81091,0.84538,0.92203,0.87788,0.81948,0.78741,1.2364,0.89289,0.92083,1.0368,0.86664,0.92942,0.95748,0.86073,0.87969,0.92904,0.82861,0.85073,0.89857,1.4109,0.96613,0.97076,0.93144
1.4346,0.80934,0.8727,0.84039,0.99753,0.78865,0.82644,0.81091,0.84538,0.92203,0.87788,0.81948,0.78741,1.2364,0.89289,0.92083,1.0368,0.8625,0.92942,0.95748,0.86073,0.87969,0.92904,0.82861,0.84952,0.89857,1.4109,0.96613,0.97076,0.93144
1.4346,0.79102,0.8727,0.84039,0.99753,0.78865,0.82644,0.81091,0.84538,0.92203,0.87788,0.81948,0.78741,1.2364,0.89289,0.92083,1.0368,0.8625,0.92942,0.95748,0.86073,0.87969,0.92904,0.82861,0.84952,0.89857,1.4109,0.96613,0.97076,0.93144
1.4346,0.79102,0.8727,0.84039,0.99611,0.78865,0.82644,0.81091,0.84538,0.92203,0.87788,0.81948,0.78741,1.2364,0.89289,0.92083,1.0368,0.86126,0.92942,0.95748,0.86073,0.87969,0.92904,0.82861,0.84952,0.89857,1.4109,0.96613,0.97076,0.93144
1.4346,0.78231,0.8727,0.84039,0.99611,0.78865,0.82644,0.81091,0.84538,0.92203,0.87788,0.81948,0.78741,1.2364,0.89279,0.92083,1.0368,0.86126,0.92942,0.95748,0.86073,0.87969,0.92904,0.82861,0.84952,0.89857,1.4109,0.96613,0.97076,0.93144
1.4346,0.76767,0.8727,0.84039,0.99611,0.78865,0.82644,0.81091,0.84538,0.92203,0.87445,0.81948,0.78741,1.2364,0.89253,0.91705,1.0368,0.86126,0.92942,0.95748,0.86073,0.87969,0.92904,0.82861,0.84952,0.89857,1.4109,0.96613,0.97076,0.93144
1.4346,0.76767,0.8727,0.84039,0.99418,0.78865,0.82644,0.81091,0.84538,0.92203,0.87445,0.81948,0.78741,1.2364,0.89253,0.91705,1.0368,0.86126,0.92942,0.95748,0.86073,0.87969,0.92904,0.82568,0.84952,0.89857,1.4109,0.96613,0.97076,0.93144
1.4346,0.76767,0.8727,0.84039,0.99199,0.78865,0.82644,0.81091,0.84538,0.92203,0.87445,0.81948,0.78741,1.2364,0.89253,0.91705,1.0368,0.86126,0.92942,0.95748,0.86073,0.87969,0.92904,0.82568,0.84952,0.89857,1.4109,0.96613,0.97076,0.93144
1.4346,0.76765,0.8727,0.84039,0.99199,0.78865,0.82644,0.81091,0.84538,0.92203,0.87445,0.81948,0.78741,1.2364,0.89235,0.91705,1.0368,0.86126,0.92942,0.95748,0.86073,0.87969,0.92904,0.82568,0.82276,0.89857,1.4109,0.96613,0.97076,0.93144
1.4346,0.76765,0.8727,0.84039,0.89998,0.78865,0.82644,0.77181,0.84538,0.92203,0.87445,0.81948,0.78681,1.2364,0.88439,0.91705,1.0368,0.86126,0.92942,0.95748,0.86073,0.87969,0.92904,0.82568,0.82276,0.89857,1.4109,0.96613,0.97076,0.93144
1.4346,0.76765,0.8727,0.84039,0.88191,0.78865,0.82644,0.77181,0.84538,0.92203,0.87445,0.81948,0.78681,1.2364,0.88439,0.91705,1.0368,0.86126,0.92942,0.95748,0.86073,0.87969,0.92904,0.82568,0.82276,0.89857,1.4109,0.96613,0.97076,0.93144
1.4346,0.76765,0.8727,0.84039,0.88191,0.78865,0.82644,0.77181,0.84538,0.92203,0.87445,0.81948,0.78544,1.2364,0.88439,0.91705,1.0368,0.86126,0.92942,0.95748,0.86073,0.87969,0.92904,0.82568,0.81516,0.89857,1.4109,0.96613,0.97076,0.93144
1.4346,0.76765,0.8727,0.84039,0.8783,0.78865,0.82644,0.77181,0.84538,0.92161,0.87445,0.81948,0.78524,1.2364,0.88439,0.91705,1.0368,0.86126,0.92942,0.95748,0.86073,0.87969,0.92904,0.82568,0.81516,0.89857,1.4109,0.96613,0.97076,0.93144
1.4346,0.76765,0.8727,0.84039,0.8783,0.78865,0.82644,0.77181,0.84538,0.92161,0.87445,0.81948,0.78437,1.2364,0.88439,0.91705,1.0368,0.85165,0.92942,0.90707,0.86073,0.87969,0.92904,0.82568,0.80762,0.89857,1.4109,0.96613,0.97076,0.93144
1.4346,0.76765,0.8727,0.84039,0.8783,0.78865,0.82644,0.77181,0.84538,0.92161,0.87445,0.81948,0.78437,1.2364,0.88439,0.91705,1.0368,0.85165,0.92942,0.90707,0.86073,0.87969,0.92904,0.82568,0.80762,0.89857,1.4109,0.96613,0.97076,0.93144
1.4346,0.76765,0.8727,0.84039,0.8187,0.78865,0.82644,0.77181,0.84538,0.91907,0.87445,0.81948,0.78254,1.2364,0.8692,0.91421,1.0368,0.85165,0.92809,0.90707,0.86073,0.87258,0.92904,0.82568,0.80762,0.89857,1.4109,0.96613,0.97076,0.93144
1.4346,0.76765,0.8727,0.84039,0.8187,0.78865,0.82644,0.77181,0.84538,0.91907,0.87445,0.81948,0.78097,1.2364,0.8692,0.91314,1.0368,0.85165,0.92809,0.90707,0.86073,0.87258,0.92904,0.82568,0.80762,0.89857,1.4109,0.96613,0.97076,0.93144
1.4346,0.76765,0.8727,0.84039,0.8187,0.78865,0.82644,0.77181,0.84538,0.91907,0.86912,0.81948,0.78097,1.2364,0.8692,0.91314,1.0368,0.85165,0.92809,0.90707,0.86073,0.87258,0.92904,0.82568,0.79445,0.89857,1.4109,0.96613,0.97076,0.93144
1.4346,0.76765,0.8727,0.84039,0.8187,0.78865,0.82644,0.77181,0.84538,0.9179,0.86912,0.81948,0.78097,1.2364,0.8692,0.91314,1.0368,0.85165,0.92599,0.90707,0.86073,0.87258,0.92904,0.82568,0.79445,0.8955,1.4109,0.96613,0.97076,0.93144
1.4346,0.76765,0.8727,0.84039,0.8187,0.78865,0.82644,0.77181,0.84538,0.9179,0.86912,0.81948,0.78097,1.2364,0.8692,0.91314,1.0368,0.85165,0.91754,0.90707,0.86073,0.87258,0.92904,0.82568,0.79445,0.8955,1.4109,0.96613,0.97076,0.93144
1.4346,0.76765,0.8727,0.84039,0.8187,0.78865,0.82644,0.77181,0.84538,0.9179,0.86829,0.81948,0.78097,1.2364,0.8692,0.91314,1.0368,0.85165,0.91754,0.90707,0.86073,0.87258,0.92904,0.82568,0.79445,0.8955,1.4109,0.96613,0.97037,0.93144
1.4346,0.76765,0.8727,0.84039,0.8187,0.78865,0.82644,0.77181,0.84538,0.9179,0.86829,0.8186,0.77814,1.2364,0.8692,0.91314,1.0368,0.85165,0.91754,0.90707,0.86073,0.87258,0.92904,0.82568,0.7857,0.8955,1.4109,0.96613,0.97037,0.93144
1.4346,0.76765,0.8727,0.84039,0.81628,0.78865,0.82644,0.77181,0.84538,0.91506,0.86829,0.8186,0.77774,1.2364,0.8692,0.91314,1.0368,0.85165,0.91754,0.90707,0.86073,0.87258,0.92734,0.82568,0.7857,0.8955,1.4109,0.96613,0.97037,0.93144
1.4346,0.76765,0.8727,0.84039,0.81628,0.78865,0.82644,0.77181,0.84538,0.91228,0.86202,0.81857,0.77694,1.2364,0.86399,0.91314,1.0368,0.85165,0.91754,0.90707,0.86073,0.87258,0.92734,0.82568,0.7857,0.8955,1.4109,0.96613,0.97015,0.93144
1.4346,0.76765,0.8727,0.84039,0.81628,0.78865,0.82644,0.77181,0.84538,0.90788,0.86202,0.81857,0.77694,1.2364,0.86399,0.91314,1.0368,0.84867,0.90364,0.90707,0.86073,0.87258,0.92498,0.82568,0.7857,0.8955,1.4109,0.96613,0.97015,0.93144
1.4346,0.76765,0.8727,0.84039,0.81628,0.78865,0.82644,0.77181,0.84538,0.90788,0.86101,0.81857,0.77627,1.2364,0.86399,0.90942,1.0368,0.84867,0.90364,0.90707,0.86073,0.87258,0.92498,0.82568,0.7857,0.8955,1.4109,0.96613,0.97015,0.93144
1.4346,0.76765,0.8727,0.84039,0.81628,0.78865,0.82644,0.77181,0.84538,0.90788,0.86101,0.81857,0.77627,1.2364,0.86399,0.90942,1.0368,0.84867,0.90364,0.90707,0.86073,0.87258,0.92498,0.82568,0.7857,0.8955,1.4109,0.96613,0.97015,0.93144
1.4346,0.76765,0.8727,0.84039,0.81628,0.78865,0.82644,0.77181,0.84538,0.90788,0.86071,0.81857,0.77627,1.2364,0.86109,0.90942,1.0368,0.84867,0.90364,0.90707,0.86073,0.87258,0.92498,0.82568,0.7857,0.8955,1.4109,0.96613,0.97015,0.93144
1.4346,0.76765,0.8727,0.84039,0.81628,0.78865,0.82644,0.77181,0.84538,0.90788,0.86071,0.81857,0.77627,1.2364,0.85363,0.90942,1.0368,0.84867,0.90364,0.90707,0.86073,0.87258,0.92498,0.82568,0.7857,0.8955,1.4109,0.96613,0.97015,0.93144
1.4346,0.76765,0.8727,0.84039,0.81628,0.78865,0.82644,0.77181,0.84538,0.90788,0.8586,0.81857,0.77627,1.2364,0.85363,0.90942,1.0368,0.84867,0.90364,0.90707,0.86073,0.87258,0.92444,0.82568,0.7857,0.8955,1.4109,0.96613,0.97015,0.93144
1.4346,0.76765,0.8727,0.84039,0.81628,0.78865,0.82644,0.77181,0.84538,0.90788,0.85672,0.81857,0.77333,1.2364,0.85363,0.90911,1.0368,0.84559,0.90273,0.90707,0.86073,0.87188,0.92376,0.82568,0.7857,0.8955,1.4109,0.96613,0.97015,0.93144
1.4346,0.76765,0.8727,0.84039,0.81628,0.78865,0.82644,0.77181,0.84538,0.90788,0.85389,0.81857,0.7731,1.2364,0.85363,0.90911,1.0368,0.84559,0.88778,0.90707,0.86073,0.87188,0.92376,0.82568,0.7857,0.8955,1.4109,0.96613,0.97015,0.93144
1.4346,0.76765,0.8727,0.84039,0.81628,0.78865,0.82644,0.77181,0.84538,0.90788,0.85389,0.81857,0.77232,1.2364,0.85363,0.90911,1.0368,0.84559,0.88778,0.90707,0.86073,0.87188,0.91773,0.82568,0.7857,0.8955,1.4109,0.96613,0.97015,0.93144
1.4346,0.76765,0.8727,0.84039,0.81507,0.78865,0.82644,0.77181,0.84538,0.90788,0.85389,0.81857,0.77232,1.2364,0.85363,0.90911,1.0368,0.84559,0.88778,0.90707,0.86073,0.831,0.91773,0.82568,0.78467,0.8955,1.4109,0.96613,0.97015,0.93144
1.4346,0.76765,0.8727,0.84039,0.81507,0.78865,0.82644,0.77181,0.84538,0.90318,0.85231,0.81857,0.77232,1.2364,0.85349,0.90911,1.0368,0.84244,0.88778,0.90707,0.86073,0.831,0.91773,0.82568,0.78467,0.8955,1.4109,0.96613,0.97015,0.93144
1.4346,0.76765,0.8727,0.84039,0.81507,0.78865,0.82644,0.77181,0.84538,0.90318,0.85198,0.81857,0.77232,1.2364,0.85349,0.90772,1.0368,0.83449,0.88778,0.90707,0.86073,0.831,0.91773,0.82568,0.78467,0.8955,1.4109,0.96613,0.97015,0.93144
1.4346,0.76765,0.8727,0.84039,0.81135,0.78865,0.82644,0.77181,0.84538,0.90318,0.84313,0.81857,0.77232,1.2364,0.85349,0.90772,1.0368,0.83449,0.88778,0.90707,0.86073,0.831,0.91773,0.82568,0.78299,0.8955,1.4109,0.96613,0.97015,0.93144
1.4346,0.76765,0.8727,0.84039,0.81135,0.78865,0.82644,0.77181,0.84538,0.90318,0.84313,0.81857,0.77232,1.2364,0.85349,0.90547,1.0368,0.83449,0.88778,0.90707,0.86073,0.831,0.91773,0.82568,0.78299,0.8955,1.4109,0.96613,0.97015,0.93144
1.4346,0.76765,0.8727,0.84039,0.81135,0.78865,0.82644,0.77181,0.84538,0.90318,0.84313,0.81857,0.77232,1.2364,0.85349,0.90547,1.0368,0.83449,0.88778,0.90707,0.86073,0.831,0.91773,0.82568,0.78299,0.8955,1.4109,0.96613,0.96984,0.93144
1.4346,0.76765,0.8727,0.84039,0.81135,0.78865,0.82644,0.77181,0.84538,0.90318,0.84313,0.81857,0.77232,1.2364,0.85349,0.90547,1.0368,0.83449,0.88778,0.90707,0.86073,0.831,0.91773,0.82568,0.78299,0.8955,1.4109,0.96613,0.96984,0.93144
1.4346,0.76765,0.8727,0.84039,0.81135,0.78865,0.82644,0.77181,0.84538,0.90318,0.84313,0.81857,0.77232,1.2364,0.85225,0.90547,1.0368,0.83449,0.88778,0.90707,0.86073,0.831,0.91773,0.82568,0.78299,0.8955,1.4109,0.96613,0.96984,0.93144
1.4346,0.76765,0.8727,0.84039,0.81135,0.78865,0.82644,0.77181,0.84538,0.90318,0.83398,0.81742,0.77232,1.2364,0.85225,0.90547,1.0368,0.83449,0.88778,0.90707,0.86073,0.831,0.91773,0.82568,0.78299,0.8955,1.4109,0.96613,0.96984,0.93144
1.4346,0.76765,0.8727,0.84039,0.81135,0.78865,0.82644,0.77181,0.84538,0.90318,0.83398,0.81742,0.77232,1.2364,0.85225,0.90547,1.0368,0.83449,0.88778,0.90707,0.86073,0.831,0.91773,0.82568,0.78299,0.8955,1.4109,0.96613,0.96984,0.93144
1.4346,0.76765,0.8727,0.84039,0.81135,0.78865,0.82644,0.77181,0.84538,0.90318,0.82725,0.81742,0.7712,1.2364,0.85225,0.90547,1.0368,0.83449,0.88778,0.90707,0.86073,0.831,0.91773,0.82568,0.78299,0.8955,1.4109,0.96613,0.96984,0.93144
1.4346,0.76765,0.8727,0.84039,0.81135,0.78865,0.82644,0.77181,0.84538,0.90318,0.81382,0.81742,0.77015,1.2364,0.85225,0.9039,1.0368,0.83449,0.88581,0.90707,0.86073,0.831,0.91773,0.82568,0.78299,0.8955,1.4109,0.96613,0.96984,0.93144
1.4346,0.76765,0.8727,0.84039,0.81135,0.78865,0.82644,0.77181,0.84538,0.90318,0.81382,0.81742,0.7662,1.2364,0.85216,0.9039,1.0368,0.83449,0.88581,0.87579,0.86073,0.831,0.91773,0.82568,0.78299,0.8955,1.4109,0.96613,0.96984,0.93144
1.4346,0.76765,0.8727,0.84039,0.81135,0.78865,0.82644,0.77181,0.84538,0.90318,0.81382,0.81742,0.7662,1.2364,0.85212,0.9039,1.0368,0.83449,0.88581,0.86588,0.86073,0.831,0.91773,0.82568,0.77971,0.8955,1.4109,0.96613,0.934,0.93144
1.4346,0.76765,0.8727,0.84039,0.81135,0.78865,0.82644,0.77181,0.84538,0.90318,0.81382,0.81742,0.7662,1.2364,0.85212,0.9039,1.0368,0.83449,0.87977,0.82646,0.86073,0.831,0.91773,0.82568,0.77971,0.8955,1.4109,0.96613,0.89935,0.93144
1.4346,0.76765,0.8727,0.84039,0.81135,0.78865,0.82644,0.77181,0.84538,0.90318,0.81382,0.81742,0.7662,1.2364,0.84442,0.9039,1.0368,0.83449,0.87977,0.82646,0.86073,0.831,0.91773,0.82568,0.77971,0.8955,1.4109,0.88583,0.89935,0.93144
1.4346,0.76765,0.8727,0.84039,0.81135,0.78865,0.82644,0.77181,0.84538,0.90318,0.81382,0.81742,0.76566,1.2364,0.84187,0.9039,1.0368,0.83449,0.87977,0.82646,0.86073,0.831,0.91773,0.82568,0.77971,0.8955,1.4109,0.88583,0.89935,0.93144
1.4346,0.76765,0.8727,0.84039,0.81117,0.78865,0.82644,0.77181,0.84538,0.90318,0.81382,0.81742,0.74288,1.2364,0.84187,0.9039,1.0368,0.83449,0.87977,0.82646,0.86073,0.831,0.91773,0.82568,0.77971,0.8955,1.4109,0.88583,0.89935,0.93144
1.4346,0.76677,0.8727,0.84039,0.81117,0.78865,0.82644,0.77181,0.84538,0.90318,0.81382,0.81742,0.74288,1.2364,0.84187,0.9039,1.0368,0.83449,0.87977,0.82646,0.86073,0.831,0.91773,0.82568,0.77469,0.8955,1.4109,0.88583,0.89935,0.93144
1.4346,0.76677,0.8727,0.84039,0.81117,0.78865,0.82644,0.77181,0.84538,0.90318,0.81382,0.81742,0.74288,1.2364,0.84187,0.9039,1.0368,0.83449,0.87977,0.82646,0.86073,0.831,0.91773,0.82568,0.77469,0.8955,1.4109,0.88583,0.88989,0.93144
1.4346,0.76677,0.8727,0.84039,0.81117,0.78865,0.82644,0.77181,0.84538,0.90318,0.81382,0.81742,0.74288,1.2364,0.84187,0.90025,1.0368,0.83449,0.87977,0.82646,0.86073,0.831,0.91773,0.82568,0.77469,0.8955,1.4109,0.88583,0.88989,0.93144
1.4346,0.76677,0.8727,0.84039,0.81117,0.78865,0.82644,0.77181,0.84538,0.90318,0.81184,0.81742,0.74177,1.2364,0.84187,0.90025,1.0368,0.83449,0.87977,0.82646,0.86073,0.831,0.91773,0.82568,0.77294,0.8955,1.4109,0.88583,0.88989,0.93144
1.4346,0.76677,0.8727,0.84039,0.81117,0.78865,0.82644,0.77181,0.84538,0.90318,0.81184,0.81742,0.74067,1.2364,0.84187,0.89964,1.0368,0.83449,0.87977,0.82646,0.86073,0.831,0.91773,0.82568,0.77294,0.8955,1.4109,0.88583,0.88989,0.93144
1.4346,0.76677,0.8727,0.84039,0.81117,0.78865,0.82644,0.77181,0.84538,0.90318,0.8118,0.81742,0.73829,1.2364,0.8417,0.89964,1.0368,0.83449,0.87977,0.82646,0.86073,0.831,0.91773,0.82568,0.77294,0.8955,1.4109,0.88583,0.88989,0.93144
1.4346,0.76677,0.8727,0.84039,0.80775,0.78865,0.82644,0.77181,0.84538,0.90318,0.8118,0.81742,0.73734,1.2364,0.8396,0.89964,1.0368,0.83316,0.87977,0.82646,0.86073,0.831,0.91773,0.82568,0.77294,0.8955,1.4109,0.88583,0.88989,0.93144
1.4346,0.76677,0.8727,0.84039,0.80775,0.78865,0.82644,0.77181,0.84538,0.90318,0.8118,0.81742,0.73734,1.2364,0.8396,0.8955,1.0368,0.83223,0.87977,0.82646,0.86073,0.831,0.91773,0.82568,0.77294,0.8955,1.4109,0.88583,0.88989,0.93144
1.4346,0.76677,0.8727,0.84039,0.80775,0.78865,0.82644,0.77181,0.84538,0.90318,0.8118,0.81742,0.73657,1.2364,0.83774,0.8955,1.0368,0.83223,0.87977,0.82646,0.86073,0.831,0.91773,0.82568,0.77294,0.8955,1.4109,0.88583,0.88989,0.93144
1.4346,0.76677,0.8727,0.84039,0.80661,0.78865,0.82644,0.77181,0.84538,0.90318,0.8118,0.81742,0.73657,1.2364,0.83774,0.8955,1.0368,0.83223,0.87001,0.82646,0.86073,0.831,0.91773,0.82568,0.77294,0.8906,1.4109,0.88583,0.88989,0.93144
1.4346,0.76677,0.8727,0.84039,0.80661,0.78865,0.82644,0.77181,0.84538,0.90318,0.80534,0.81742,0.73657,1.2364,0.83745,0.8955,1.0368,0.83208,0.87001,0.82646,0.86073,0.831,0.91773,0.82568,0.77294,0.8906,1.4109,0.88583,0.88989,0.93144
1.4346,0.76677,0.8727,0.84039,0.80661,0.78865,0.82644,0.77181,0.84538,0.90318,0.80534,0.81742,0.73657,1.2364,0.83745,0.8955,1.0368,0.82558,0.87001,0.82646,0.86073,0.831,0.91773,0.82568,0.77294,0.8906,1.4109,0.88583,0.88533,0.93144
1.4346,0.76677,0.8727,0.84039,0.80661,0.78865,0.82644,0.77181,0.84538,0.90318,0.80534,0.81742,0.73657,1.2364,0.83681,0.89475,1.0368,0.8218,0.87001,0.82646,0.86073,0.831,0.91773,0.82417,0.77294,0.88833,1.4109,0.88583,0.88533,0.93144
1.4346,0.76677,0.8727,0.84039,0.80661,0.78865,0.82644,0.77181,0.84538,0.90318,0.80534,0.81742,0.73657,1.2364,0.83681,0.89475,1.0368,0.82156,0.87001,0.82646,0.86073,0.831,0.91773,0.82417,0.77294,0.83565,1.4109,0.88583,0.88324,0.93094
1.4346,0.76677,0.8727,0.84039,0.80564,0.78865,0.82644,0.77181,0.84538,0.90318,0.80534,0.81742,0.73657,1.2364,0.83681,0.89475,1.0368,0.82156,0.87001,0.82646,0.86073,0.831,0.91631,0.82417,0.77294,0.83565,1.4109,0.88583,0.88324,0.93094
1.4346,0.76677,0.8727,0.84039,0.80564,0.78865,0.82644,0.77181,0.84538,0.90318,0.80268,0.81742,0.73657,1.2364,0.83681,0.89475,1.0368,0.82156,0.87001,0.82646,0.86073,0.831,0.91631,0.82417,0.77294,0.83565,1.4109,0.88583,0.88324,0.93094
1.4346,0.76677,0.8727,0.84039,0.80564,0.78865,0.82644,0.77181,0.84538,0.90318,0.79869,0.81742,0.7357,1.2364,0.83681,0.89475,1.0368,0.82156,0.87001,0.82646,0.86073,0.831,0.91631,0.82417,0.77294,0.83565,1.4109,0.88583,0.88324,0.93094
1.4346,0.76677,0.8727,0.84039,0.80564,0.78865,0.82644,0.77181,0.84538,0.90318,0.79869,0.81742,0.7357,1.2364,0.83681,0.89475,1.0368,0.82156,0.87001,0.82646,0.86073,0.831,0.91631,0.82325,0.77294,0.83565,1.4109,0.88583,0.88324,0.93094
1.4346,0.76677,0.8727,0.84039,0.80564,0.78865,0.82644,0.77181,0.84538,0.90318,0.79869,0.81742,0.71478,1.2364,0.83588,0.89475,1.0368,0.82156,0.86746,0.82646,0.86073,0.831,0.91631,0.82325,0.77294,0.83565,1.4109,0.88583,0.88324,0.93094
1.4346,0.76677,0.8727,0.84039,0.80564,0.78865,0.82644,0.77181,0.84538,0.90318,0.79869,0.81742,0.71478,1.2364,0.83588,0.89475,1.0368,0.81985,0.86746,0.82646,0.86073,0.831,0.91631,0.82325,0.77082,0.83565,1.4109,0.88583,0.88324,0.93094
1.4346,0.76677,0.8727,0.84039,0.80564,0.78865,0.82644,0.77181,0.84538,0.90318,0.79869,0.81742,0.71478,1.2364,0.83222,0.89475,1.0368,0.80537,0.86746,0.82646,0.86073,0.831,0.91631,0.82325,0.76909,0.83565,1.4109,0.88583,0.88324,0.93094
1.4346,0.76677,0.8727,0.84039,0.80564,0.78865,0.82644,0.77181,0.84538,0.90318,0.79869,0.81742,0.71478,1.2364,0.82938,0.89475,1.0368,0.80537,0.86025,0.82646,0.86073,0.831,0.91631,0.82325,0.76582,0.83565,1.4109,0.88583,0.88324,0.93043
1.4346,0.76677,0.8727,0.84039,0.80564,0.78865,0.82644,0.77181,0.84538,0.90318,0.79869,0.81521,0.71478,1.2364,0.82737,0.89475,1.0368,0.80537,0.86025,0.82646,0.86073,0.831,0.91631,0.82235,0.76582,0.83565,1.4109,0.88583,0.88324,0.93043
1.4346,0.76677,0.8727,0.84039,0.80564,0.78865,0.82644,0.77181,0.84538,0.90318,0.79647,0.81521,0.71478,1.2364,0.82737,0.87029,1.0368,0.80537,0.86025,0.82646,0.86073,0.831,0.91631,0.82235,0.76546,0.83565,1.4109,0.88583,0.88324,0.93043
1.4346,0.76677,0.8727,0.84039,0.80564,0.78865,0.82644,0.77181,0.84538,0.90318,0.79647,0.81521,0.71478,1.2364,0.82737,0.87029,1.0368,0.80537,0.86025,0.82646,0.86073,0.831,0.90065,0.82164,0.76546,0.83565,1.4109,0.88583,0.88324,0.93043
1.4346,0.76677,0.8727,0.84039,0.80564,0.78865,0.82644,0.77181,0.84538,0.90318,0.79647,0.81521,0.71478,1.2364,0.82737,0.8545,1.0368,0.80537,0.86025,0.82646,0.86073,0.831,0.90065,0.82164,0.76546,0.83565,1.4109,0.88583,0.88324,0.93043
1.4346,0.76677,0.8727,0.84039,0.80564,0.78865,0.82644,0.77181,0.84538,0.90318,0.79647,0.81521,0.71478,1.2364,0.82737,0.8545,1.0368,0.80537,0.86025,0.82646,0.86073,0.831,0.8634,0.82164,0.76546,0.83565,1.4109,0.88583,0.88324,0.93043
1.4346,0.76677,0.8727,0.84039,0.80564,0.78865,0.82644,0.77181,0.84538,0.90318,0.79647,0.81521,0.71478,1.2364,0.82737,0.8545,1.0368,0.80537,0.86025,0.82646,0.86073,0.831,0.8634,0.82164,0.7614,0.83565,1.4109,0.88583,0.88324,0.93043
1.4346,0.76644,0.8727,0.84039,0.80564,0.78865,0.82644,0.77181,0.84538,0.90318,0.79647,0.81487,0.71478,1.2364,0.82737,0.8545,1.0368,0.80537,0.86025,0.82646,0.86073,0.831,0.8634,0.82164,0.7614,0.83565,1.4109,0.88583,0.88324,0.93043
1.4346,0.76644,0.8727,0.84039,0.80564,0.78865,0.82644,0.77181,0.84538,0.90318,0.7836,0.81487,0.71478,1.2364,0.82737,0.8545,1.0368,0.80537,0.86025,0.82646,0.86073,0.831,0.8634,0.82164,0.7614,0.83565,1.4109,0.88583,0.88324,0.93043
1.4346,0.76644,0.8727,0.84039,0.80564,0.78865,0.82644,0.77181,0.84538,0.90318,0.7836,0.81487,0.71478,1.2364,0.82706,0.8545,1.0368,0.80537,0.86025,0.82646,0.86073,0.831,0.8634,0.82164,0.75565,0.83565,1.4109,0.88583,0.88324,0.93043
1.4346,0.76644,0.8727,0.84039,0.80564,0.78865,0.82644,0.77181,0.84538,0.90318,0.7836,0.81487,0.71478,1.2364,0.82706,0.8545,1.0368,0.80537,0.86025,0.82646,0.86073,0.831,0.8634,0.82164,0.75565,0.83565,1.4109,0.88583,0.88324,0.93043
1.4346,0.76644,0.8727,0.84039,0.80564,0.78865,0.82644,0.77181,0.84538,0.90318,0.7836,0.81359,0.71478,1.2364,0.82212,0.8545,1.0368,0.80537,0.86025,0.82646,0.86073,0.831,0.8634,0.8177,0.75565,0.83565,1.4109,0.88583,0.88324,0.93043
1.4346,0.76644,0.8727,0.84039,0.80564,0.78865,0.82644,0.77181,0.84538,0.90318,0.7836,0.81359,0.71478,1.2364,0.82212,0.8545,1.0368,0.80537,0.86025,0.82646,0.86073,0.831,0.8634,0.8177,0.75565,0.83565,1.4109,0.88583,0.88324,0.93043
1.4346,0.76644,0.8727,0.84039,0.80564,0.78865,0.82644,0.77181,0.84538,0.90318,0.7836,0.81171,0.71478,1.2364,0.82212,0.8545,1.0368,0.80537,0.86025,0.82646,0.86073,0.831,0.8634,0.81464,0.75565,0.83565,1.4109,0.88583,0.88324,0.93043
1.4346,0.76644,0.8727,0.84039,0.80564,0.78865,0.82644,0.77181,0.84538,0.90318,0.74957,0.81171,0.71478,1.2364,0.82212,0.8545,1.0368,0.80537,0.86025,0.82646,0.86073,0.831,0.8634,0.81464,0.75565,0.82833,1.4109,0.88583,0.88324,0.93043
1.4346,0.76644,0.8727,0.84039,0.80564,0.78865,0.82644,0.77181,0.84538,0.90318,0.74957,0.81171,0.71478,1.2364,0.82212,0.8545,1.0368,0.80537,0.86025,0.82646,0.86073,0.831,0.8634,0.81361,0.75565,0.82833,1.4109,0.88583,0.88324,0.93043
1.4346,0.76644,0.8727,0.84039,0.80564,0.78865,0.82644,0.77181,0.84538,0.90318,0.74672,0.81171,0.71478,1.2364,0.81488,0.8545,1.0368,0.80537,0.86025,0.82646,0.86073,0.831,0.8634,0.81361,0.75565,0.82833,1.4109,0.88583,0.88324,0.93043
1.4346,0.76644,0.8727,0.84039,0.80564,0.78865,0.82644,0.77181,0.84538,0.90318,0.73543,0.81171,0.71478,1.2364,0.81488,0.8545,1.0368,0.80537,0.86025,0.82646,0.86073,0.831,0.8634,0.81361,0.75565,0.8276,1.4109,0.88583,0.88324,0.93043
1.4346,0.76644,0.8727,0.84039,0.80564,0.78865,0.82644,0.77181,0.84538,0.90318,0.72793,0.81171,0.71478,1.2364,0.81488,0.8545,1.0368,0.80537,0.86025,0.82646,0.86073,0.831,0.8634,0.81361,0.75565,0.8276,1.4109,0.88583,0.88324,0.93043
1.4346,0.76644,0.8727,0.84039,0.80523,0.78865,0.82644,0.77181,0.84538,0.90318,0.72793,0.81171,0.71478,1.2364,0.81488,0.8545,1.0368,0.80537,0.86025,0.82646,0.86073,0.831,0.8634,0.81361,0.75565,0.8276,1.4109,0.88583,0.87612,0.93043
1.4346,0.76299,0.8727,0.84039,0.80523,0.78865,0.82644,0.77181,0.84538,0.90318,0.72095,0.81095,0.71478,1.2364,0.81488,0.8545,1.0368,0.80537,0.86025,0.82646,0.86073,0.831,0.8634,0.81361,0.75565,0.8276,1.4109,0.88583,0.87612,0.93043
1.4346,0.76299,0.8727,0.84019,0.80523,0.78865,0.82644,0.77181,0.84538,0.90318,0.72095,0.81095,0.71478,1.2364,0.81488,0.8545,1.0368,0.80537,0.86025,0.81048,0.86073,0.831,0.8634,0.81361,0.75565,0.8276,1.4109,0.88583,0.87612,0.93043
1.4346,0.76299,0.8727,0.84019,0.80523,0.78865,0.82644,0.77181,0.84538,0.90318,0.72095,0.80885,0.71478,1.2364,0.81488,0.8545,1.0368,0.80537,0.86025,0.81048,0.86073,0.831,0.8634,0.81361,0.75565,0.8276,1.4109,0.88583,0.87612,0.93043
1.4346,0.76299,0.8727,0.84019,0.80523,0.78865,0.82644,0.77181,0.84538,0.90318,0.72095,0.80885,0.71478,1.2364,0.81488,0.8545,1.0368,0.80537,0.86025,0.80761,0.86073,0.831,0.8634,0.81361,0.75565,0.8276,1.4109,0.88583,0.87612,0.93043
1.4346,0.76299,0.8727,0.84019,0.80523,0.78865,0.82644,0.77181,0.84538,0.90318,0.72095,0.80885,0.71478,1.2364,0.81488,0.8545,1.0368,0.80537,0.8024,0.80761,0.86073,0.831,0.8634,0.81361,0.75565,0.8276,1.4109,0.88583,0.87612,0.93043
1.4346,0.75745,0.8727,0.84019,0.80523,0.78865,0.82644,0.77181,0.84538,0.90318,0.72095,0.80885,0.71478,1.2364,0.81488,0.8545,1.0368,0.80537,0.8024,0.80761,0.86073,0.831,0.8634,0.81361,0.75565,0.8276,1.4109,0.88583,0.87612,0.93043
1.4346,0.75745,0.8727,0.84019,0.80523,0.78865,0.82644,0.77181,0.84538,0.90318,0.72095,0.80885,0.71478,1.2364,0.81488,0.8545,1.0368,0.80537,0.8024,0.80761,0.86073,0.831,0.8634,0.81361,0.75565,0.82308,1.4109,0.88583,0.87612,0.93043
