33.226,37.373,32.115,41.874,27.614,34.539,33.396,32.629,40.71,29.41,53.148,37.106,35.25,34.144,36.187,24.986,34.673,40.293,38.635,37.574,37.4,48.18,36.018,34.001,37.001,30.861,42.863,32.827,45.498,36.985
33.226,37.373,32.115,35.692,27.614,34.539,33.396,32.629,34.616,29.41,53.148,33.212,35.25,29.223,36.187,24.986,34.673,40.293,32.124,37.574,34.743,29.623,36.018,34.001,29.668,30.861,30.323,32.827,37.508,36.985
33.226,34.068,32.115,25.878,27.614,33.028,30.715,32.629,34.616,29.41,39.822,33.212,35.25,29.223,36.187,24.986,34.673,33.834,31.302,37.574,34.743,29.623,33.806,34.001,28.488,30.861,30.323,32.827,35.16,36.985
33.226,32.763,26.429,25.878,27.614,30.01,30.715,32.629,34.616,29.41,39.822,33.212,35.25,29.223,36.187,24.986,34.673,32.026,31.302,31.684,34.585,29.623,33.806,34.001,28.488,30.861,30.323,32.827,35.16,36.985
33.226,32.763,26.429,25.878,27.614,30.01,25.49,32.629,34.616,29.41,34.889,32.851,35.25,29.223,28.602,24.986,31.021,31.62,31.302,31.171,28.702,29.623,33.806,32.036,28.488,30.861,30.323,32.403,34.974,36.985
32.61,32.763,26.429,25.878,27.614,30.01,25.49,32.629,34.616,29.41,34.889,32.851,35.25,29.223,28.602,24.986,31.021,31.62,31.302,29.783,25.775,29.623,33.806,32.036,28.488,30.861,29.858,31.683,34.541,36.985
30.118,29.498,26.429,25.878,26.893,29.871,25.49,32.629,34.616,26.037,34.889,32.851,35.25,29.004,28.602,24.986,31.021,31.62,31.302,26.944,25.76,29.623,33.806,25.33,28.488,29.791,29.858,31.683,30.819,36.985
30.118,29.405,26.429,25.878,26.893,25.289,25.49,32.629,34.616,26.037,34.645,32.851,35.25,29.004,28.602,24.986,31.021,31.62,31.154,26.944,25.76,29.623,33.767,25.33,28.488,29.791,29.858,30.177,30.819,36.985
30.118,29.405,26.429,25.878,26.893,25.221,25.49,32.629,34.616,26.037,31.585,32.019,35.25,25.811,28.602,24.986,31.021,29.42,31.154,26.944,25.644,29.623,32.262,23.788,28.488,29.783,29.858,30.177,30.819,36.985
30.118,29.377,26.429,25.878,26.893,25.221,25.49,32.629,34.616,26.037,31.585,32.019,35.25,25.811,28.602,24.986,31.021,29.144,30.195,25.778,25.644,29.623,32.262,23.788,28.488,29.783,29.858,30.142,30.187,36.985
30.118,29.377,26.429,25.878,26.893,25.221,25.49,29.962,34.616,26.037,31.585,25.862,35.25,25.811,28.602,24.986,31.021,29.144,30.195,25.778,25.644,29.623,32.262,23.788,28.488,29.783,29.858,30.142,30.16,36.985
30.118,28.744,26.429,25.878,26.893,24.678,25.49,29.962,34.616,26.037,30.767,25.862,35.25,25.811,28.602,24.986,31.021,29.144,30.195,25.393,25.644,29.623,32.262,23.788,28.488,29.783,28.489,30.142,30.16,36.985
30.118,28.744,26.429,25.878,26.893,24.678,25.49,29.962,34.616,26.037,30.767,25.862,35.25,25.811,28.602,24.986,31.021,28.43,30.195,24.731,25.644,29.623,32.262,23.788,28.488,29.783,28.489,30.142,30.16,36.985
27.685,28.744,26.429,25.878,26.593,24.678,25.49,29.022,34.616,26.037,30.767,25.862,35.25,25.811,24.869,24.986,31.021,26.948,30.195,24.731,25.644,29.623,32.262,23.788,28.435,29.783,28.489,30.142,30.16,36.985
27.685,28.744,26.429,25.878,26.593,23.448,25.49,29.022,34.616,26.037,30.767,25.862,35.25,25.811,24.869,24.986,31.021,26.891,30.195,24.731,25.644,29.623,32.262,23.788,25.285,29.783,28.489,30.142,30.16,36.985
27.623,28.744,26.429,25.878,26.593,23.448,25.49,27.243,34.616,26.037,30.767,25.862,35.25,25.811,24.869,24.986,31.021,26.861,30.195,24.731,25.644,29.623,32.262,23.788,22.116,29.783,28.489,30.142,30.16,36.985
27.623,28.744,26.429,25.878,26.593,23.419,25.49,27.243,34.616,26.037,30.767,25.289,35.25,25.811,24.869,24.986,31.021,26.48,29.541,24.731,25.644,29.623,32.262,23.788,22.116,29.783,28.013,30.142,30.16,36.985
27.623,28.744,26.429,25.878,26.593,23.419,25.49,27.224,34.616,26.037,30.767,25.169,35.25,25.811,24.869,24.943,31.021,26.48,28.558,24.731,25.644,29.623,32.262,23.788,22.116,29.783,27.881,30.131,29.278,36.985
25.241,28.744,26.429,25.878,26.593,23.419,25.49,27.224,34.616,26.037,30.767,24.223,35.25,25.811,24.869,24.943,31.021,26.48,28.558,24.731,25.644,29.011,32.262,23.788,22.116,29.783,27.477,30.131,29.026,36.985
25.241,28.744,26.429,25.878,26.593,23.419,25.49,27.224,34.616,26.037,30.767,24.223,35.25,25.811,24.869,24.943,31.021,26.48,28.558,24.731,25.644,29.011,32.262,23.788,22.116,29.783,27.452,30.131,28.674,36.985
24.9,26.788,26.429,25.878,26.593,23.419,25.49,27.224,34.616,26.037,30.767,24.223,35.25,25.811,24.869,24.852,31.021,26.48,28.558,24.731,25.644,27.051,32.262,23.788,22.116,29.783,25.285,30.131,28.674,36.985
24.9,26.788,26.429,25.878,26.593,23.419,25.49,25.99,34.616,26.037,30.767,24.223,35.25,25.811,24.869,24.761,31.021,25.033,28.558,24.731,25.644,27.051,32.262,23.788,22.116,29.783,25.285,28.926,28.515,36.985
24.9,26.788,26.429,25.878,26.593,23.24,25.49,25.99,34.616,26.037,30.767,24.223,35.25,25.811,24.869,24.705,31.021,25.033,28.558,24.731,25.644,27.051,32.262,23.788,22.116,29.783,24.764,28.926,28.515,36.985
24.9,26.788,26.429,25.878,26.593,22.635,25.49,25.518,34.616,26.037,30.767,24.223,35.25,25.811,24.869,24.705,31.021,25.033,28.558,24.731,25.644,27.051,32.262,23.788,22.116,29.783,24.764,28.926,28.515,36.985
24.9,26.788,26.429,25.878,26.593,22.635,25.49,25.518,34.616,26.037,30.767,24.223,35.25,25.811,24.869,24.705,31.021,24.707,28.558,24.731,25.644,27.051,32.262,23.788,22.116,29.783,24.764,28.926,28.515,36.985
24.9,26.788,26.429,25.878,26.593,22.635,25.49,25.443,34.616,26.037,30.767,24.223,35.25,25.811,24.869,24.705,31.021,24.38,28.558,24.731,25.644,27.051,32.262,23.788,22.116,29.783,24.532,28.926,28.513,36.985
24.769,26.788,26.429,25.878,26.593,21.8,25.49,25.443,34.616,26.037,30.767,24.223,35.25,25.811,24.869,24.705,31.021,24.202,28.558,24.731,25.644,27.051,32.262,23.788,22.116,29.783,24.532,28.052,28.426,36.985
24.769,26.788,26.429,25.878,26.593,21.8,25.49,25.443,34.616,26.037,30.767,24.223,35.25,25.811,24.869,24.705,31.021,24.048,28.558,24.67,25.644,27.051,32.262,23.788,22.116,29.783,24.532,28.052,28.426,36.985
24.356,26.788,26.429,25.878,26.569,21.8,25.49,24.889,34.616,26.037,30.767,24.223,35.25,25.811,24.869,24.592,31.021,24.048,26.36,24.67,25.644,27.051,32.262,23.788,22.116,29.783,24.532,28.052,28.426,36.985
24.356,26.788,26.429,25.878,26.569,21.8,25.49,24.85,34.616,26.037,30.767,24.223,35.25,25.811,24.869,24.592,31.021,23.987,25.546,24.67,25.644,27.051,32.262,23.788,22.116,29.783,24.532,27.422,28.426,36.985
24.356,26.788,26.429,25.878,26.569,21.8,25.49,24.85,34.616,26.037,30.767,24.223,35.25,25.811,24.869,24.592,31.021,23.987,25.546,24.67,25.644,27.051,32.262,23.788,22.116,29.783,24.532,27.422,28.426,36.985
24.356,26.788,26.429,25.878,26.569,21.8,25.49,24.85,34.616,26.037,30.767,24.223,35.25,25.811,24.869,24.427,31.021,23.942,25.546,24.67,24.555,27.051,32.262,23.788,22.116,29.783,24.532,27.422,26.057,36.985
23.956,26.788,26.429,25.878,26.569,21.8,25.49,24.85,34.616,26.037,30.767,24.223,35.25,25.811,24.869,24.427,31.021,23.701,25.546,24.67,24.555,27.051,32.262,23.788,22.116,29.783,24.532,27.422,24.403,36.985
23.956,26.788,26.429,25.878,26.569,21.8,25.49,24.807,34.616,26.037,30.767,24.223,35.25,25.811,24.869,24.427,31.021,23.701,25.546,24.67,24.555,27.051,32.262,23.788,22.116,29.783,24.532,27.422,24.403,36.985
23.586,26.788,26.429,25.878,26.569,21.8,25.49,23.495,34.616,26.037,30.767,24.223,35.25,25.811,24.869,24.427,31.021,23.452,25.546,24.67,24.555,27.051,32.262,23.788,22.116,29.783,24.532,27.422,23.855,36.985
23.586,26.788,26.429,25.878,24.893,21.8,25.49,23.495,34.616,26.037,30.767,24.223,35.25,25.811,24.869,24.427,31.021,23.452,25.546,24.67,24.555,27.051,32.262,23.788,22.116,29.783,24.532,27.422,23.855,36.985
23.586,26.788,26.429,25.878,24.893,21.8,25.073,23.495,34.616,26.037,30.767,24.223,35.25,25.811,24.869,24.042,31.021,23.452,25.546,24.67,24.555,27.051,32.262,23.788,22.116,29.783,24.532,27.422,23.855,36.985
23.586,26.788,26.429,25.878,24.69,21.8,25.073,23.495,34.616,26.037,30.767,24.223,35.25,25.811,24.869,24.042,31.021,23.452,25.546,24.67,24.555,27.051,32.262,23.788,22.116,29.783,24.514,26.854,23.855,36.985
23.586,26.788,26.429,25.878,24.69,21.8,25.073,23.495,34.616,26.037,30.767,24.223,35.25,25.811,24.869,24.042,31.021,23.452,25.546,24.67,24.555,27.051,32.262,23.788,22.116,29.783,24.514,26.851,23.855,36.985
23.586,26.788,26.429,25.878,24.69,21.8,25.073,23.495,34.616,26.037,30.767,24.223,35.25,25.811,24.869,24.042,31.021,23.452,25.546,24.67,24.555,27.051,32.262,23.788,22.116,29.783,24.514,26.851,23.855,36.985
23.586,26.323,26.429,25.878,24.69,21.8,25.073,23.495,34.616,26.037,30.767,24.223,35.25,25.811,24.869,24.042,31.021,23.045,25.546,24.67,24.555,27.051,32.262,23.788,22.116,29.783,24.211,26.851,23.838,36.985
23.586,25.598,26.429,25.878,24.69,21.8,25.073,23.185,34.616,26.037,30.767,24.223,35.25,25.811,24.869,24.042,31.021,23.045,25.546,24.67,24.555,27.051,32.262,23.788,22.116,29.783,24.211,26.691,23.838,36.985
23.499,25.598,26.429,25.878,24.69,21.8,25.073,23.185,34.616,26.037,30.767,24.223,35.25,25.811,24.869,24.042,31.021,23.045,25.546,24.67,24.555,27.051,32.262,23.788,22.116,29.783,24.052,26.587,23.838,36.985
23.499,25.598,26.429,25.878,24.69,21.8,25.073,23.185,34.616,26.037,30.767,24.223,35.25,25.811,24.869,24.042,31.021,23.045,25.546,24.67,24.555,27.051,32.262,23.788,22.116,29.783,24.052,26.587,23.838,36.985
23.499,25.598,26.429,25.878,24.69,21.8,25.073,23.185,34.616,26.037,30.767,24.223,35.25,25.811,24.869,24.042,31.021,23.045,25.546,24.651,24.345,27.051,32.262,23.788,22.116,29.783,24.052,26.587,23.838,36.985
23.473,25.598,26.429,25.878,24.69,21.8,25.073,23.185,34.616,26.037,30.767,24.223,35.25,25.811,24.869,24.042,31.021,23.045,25.546,24.651,24.32,27.051,32.262,23.788,22.116,29.783,24.052,26.587,23.695,36.985
23.473,25.598,26.429,25.878,24.69,21.8,25.073,23.185,34.616,26.037,30.767,24.223,35.25,25.811,24.869,24.042,31.021,23.045,25.546,24.642,24.32,27.051,32.262,23.788,22.116,29.783,23.541,26.553,23.603,36.985
23.473,25.598,26.429,25.878,24.69,21.8,25.073,23.185,34.616,26.037,30.767,24.223,35.25,25.811,24.869,24.042,31.021,23.045,25.546,24.642,24.246,27.051,32.262,23.788,22.116,29.783,23.541,26.553,23.506,36.985
23.473,25.598,26.429,25.878,24.69,21.8,25.073,23.185,34.616,26.037,30.767,24.223,35.25,25.811,24.869,24.042,31.021,23.045,25.546,24.642,24.246,27.051,32.262,23.788,22.116,29.783,23.541,26.553,23.506,36.985
23.473,25.598,26.429,25.878,24.69,21.55,25.073,23.185,34.616,26.037,30.767,24.223,35.25,25.811,24.869,24.042,31.021,23.045,25.546,24.642,24.246,27.051,32.262,23.788,22.116,29.783,23.541,26.553,23.399,36.985
23.473,25.598,26.429,25.878,24.69,21.55,25.073,23.185,34.616,26.037,30.767,24.223,35.25,25.811,24.869,24.003,31.021,23.045,25.546,23.469,24.246,27.051,32.262,23.788,22.116,29.783,23.541,26.553,23.399,36.985
23.473,25.598,26.429,25.878,24.69,21.55,25.073,23.185,34.616,26.037,30.767,24.223,35.25,25.811,24.869,24.003,31.021,23.045,25.459,23.469,24.181,27.051,32.262,23.788,22.116,29.783,23.541,26.553,23.399,36.985
23.408,25.598,26.429,25.878,24.69,21.55,25.073,23.185,34.616,26.037,30.767,24.223,35.25,25.811,24.869,23.806,31.021,23.045,25.459,23.469,24.116,27.051,32.262,23.788,22.116,29.739,23.541,26.553,23.399,36.985
23.408,25.598,26.429,25.878,24.69,21.55,25.073,23.185,34.616,26.037,30.767,24.223,35.25,25.811,24.869,23.806,31.021,23.045,25.459,23.469,24.116,27.051,32.262,23.788,22.116,29.739,23.541,26.553,23.399,36.985
23.408,25.598,26.429,25.878,24.69,21.55,25.073,23.185,34.616,26.037,30.767,24.223,35.25,25.811,24.869,23.806,31.021,23.045,25.459,23.469,24.058,27.051,32.262,23.788,22.116,29.739,23.541,26.553,23.399,36.985
23.408,25.598,26.429,25.878,24.69,21.55,25.073,23.185,34.616,26.037,30.767,24.223,35.25,25.811,24.869,23.799,31.021,23.045,25.459,23.469,24.058,27.051,32.262,23.788,22.116,29.739,23.456,26.553,23.399,36.985
23.408,25.559,26.429,25.878,24.69,21.55,25.073,23.185,34.616,26.037,30.767,24.223,35.25,25.686,24.869,23.785,31.021,23.045,25.459,23.469,24.058,27.051,32.262,23.788,22.116,29.739,23.452,26.553,23.399,36.985
23.408,25.559,26.429,25.878,24.69,21.55,25.073,23.185,34.616,26.037,30.767,24.223,35.25,24.436,24.869,23.785,31.021,23.045,25.459,23.469,23.873,27.051,32.262,23.788,22.116,29.739,23.452,26.553,23.384,36.985
23.408,25.559,26.429,25.878,24.69,21.479,25.073,23.185,34.616,26.037,30.767,24.223,35.25,24.212,24.869,23.785,31.021,23.045,25.459,23.469,23.873,27.051,32.262,23.788,22.116,29.621,23.427,26.553,23.384,36.985
23.408,25.559,26.429,25.878,24.69,21.479,25.073,23.185,34.616,26.037,30.767,24.223,35.25,24.212,24.869,23.591,31.021,23.002,25.459,23.469,23.873,27.051,32.262,23.788,22.116,29.621,22.878,26.553,23.384,36.985
23.239,25.559,26.429,25.878,24.69,21.479,25.073,23.185,34.616,26.037,30.767,24.223,35.25,24.212,24.869,23.591,31.021,23.002,25.459,23.469,23.873,27.051,32.262,23.788,22.116,29.621,22.878,26.553,23.384,36.985
23.239,25.476,26.429,25.878,24.69,21.479,25.073,23.185,34.616,26.037,30.767,24.223,35.25,24.212,24.869,23.591,31.021,23.002,25.459,23.469,23.582,27.051,32.262,23.788,22.116,29.621,22.096,26.553,23.384,36.985
23.239,25.476,26.429,25.878,24.69,21.468,25.073,23.185,34.616,26.037,30.767,23.796,35.25,24.212,24.869,23.591,31.021,22.208,25.459,23.469,23.565,27.051,32.262,23.788,22.116,29.621,22.096,25.567,23.302,36.985
23.239,25.476,26.429,25.878,24.69,21.468,25.054,23.185,34.616,26.037,30.767,23.796,35.25,24.212,24.869,23.591,31.021,22.208,25.459,23.469,23.565,27.051,32.262,23.788,22.116,29.621,22.096,25.567,23.302,36.985
23.239,25.476,26.429,25.878,24.69,21.468,25.054,23.185,34.616,26.037,30.767,23.796,35.25,24.212,24.869,23.591,31.021,22.208,25.459,23.469,23.565,27.051,32.262,23.788,21.955,29.621,22.096,24.052,23.265,36.985
23.239,25.476,26.429,25.878,24.69,21.468,25.054,23.185,34.616,26.037,30.767,23.796,35.25,24.212,24.869,23.591,31.021,22.208,25.05,23.469,23.565,27.051,32.262,23.788,21.353,29.621,22.096,24.037,23.265,36.985
23.239,25.476,26.429,25.878,24.69,21.468,25.054,23.185,34.616,26.037,30.767,23.796,35.25,24.212,24.869,23.591,31.021,22.208,24.44,23.469,23.565,27.051,32.262,23.788,21.353,29.621,22.096,24.026,23.265,36.985
23.239,25.476,26.429,25.878,24.69,21.468,24.715,23.185,34.616,26.037,30.767,23.796,35.25,24.109,24.869,23.591,31.021,22.208,23.43,23.469,23.565,27.051,32.262,23.788,21.32,29.489,22.096,23.971,23.265,36.985
23.239,25.476,26.429,25.878,24.69,21.468,24.715,23.185,34.616,26.037,30.767,23.796,35.25,24.109,24.869,23.591,31.021,22.208,23.43,23.469,23.565,27.051,32.262,23.788,21.32,29.489,22.096,23.971,23.265,36.985
23.239,25.476,26.429,25.878,24.69,21.468,24.715,23.185,34.616,26.037,30.767,23.796,35.25,24.109,24.869,23.591,31.021,22.208,23.43,23.469,23.565,27.051,32.262,23.788,21.32,29.489,22.096,23.971,23.249,36.985
23.239,25.433,26.429,25.878,24.69,21.468,24.715,23.185,34.616,26.037,30.767,23.796,35.25,24.109,24.869,23.591,31.021,22.208,23.43,23.469,23.565,27.051,32.262,23.788,21.255,29.489,22.096,23.971,23.249,36.985
23.239,25.433,26.429,25.878,24.69,21.468,24.715,23.185,34.616,26.037,30.767,23.796,35.25,24.109,24.869,23.591,31.021,22.208,23.43,23.469,23.565,27.051,32.262,23.788,21.255,29.489,22.096,23.943,23.231,36.985
23.239,25.433,26.429,25.878,24.69,21.468,24.715,23.185,34.616,26.037,30.767,23.796,35.25,24.109,24.869,23.591,31.021,22.208,23.43,23.469,23.565,27.051,32.262,23.788,21.255,29.489,21.808,23.943,23.231,36.985
23.239,25.433,26.429,25.878,24.69,21.468,24.715,23.177,34.616,26.037,30.767,23.796,35.25,24.076,24.869,23.591,31.021,22.208,23.406,23.469,23.527,27.051,32.262,23.788,21.255,29.489,21.721,23.943,23.034,36.985
23.239,25.433,26.429,25.878,24.69,21.468,24.715,23.177,34.616,26.037,30.767,23.796,35.25,24.076,24.869,23.591,31.021,22.208,23.406,23.469,23.37,27.051,32.262,23.788,21.255,29.489,21.721,23.943,23.034,36.985
23.239,25.433,26.429,25.878,24.69,21.468,24.715,23.173,34.616,26.037,30.767,22.507,35.25,23.958,24.869,23.591,31.021,22.208,23.406,23.469,23.33,25.381,32.262,23.788,21.255,29.47,21.721,23.758,23.034,36.985
23.239,25.433,26.429,25.878,24.69,21.468,24.715,23.173,34.616,26.037,30.767,22.507,35.25,23.958,24.869,23.591,31.021,22.208,23.406,23.469,23.33,25.381,32.262,23.788,21.255,29.47,21.618,23.758,23.034,36.985
23.239,25.433,26.429,25.878,24.69,21.468,24.715,23.173,34.616,26.037,30.767,22.507,35.25,23.958,24.869,23.591,31.021,22.208,23.406,23.469,23.246,25.381,32.262,23.788,21.255,29.47,21.618,23.758,23.034,36.985
23.239,25.433,26.429,25.878,24.69,21.468,24.44,23.173,34.616,26.037,30.767,22.507,35.25,23.955,24.869,23.591,31.021,22.208,23.406,23.469,23.246,24.321,32.262,23.788,21.255,29.47,21.618,23.758,23.034,36.985
23.239,25.433,26.429,25.878,24.69,21.468,24.44,23.173,34.616,26.037,30.767,22.507,35.25,23.905,24.869,23.591,31.021,22.208,22.762,23.469,23.246,24.321,32.262,23.788,21.255,29.47,21.618,23.689,23.034,36.985
23.239,25.351,26.429,25.878,24.69,21.468,24.44,23.173,34.616,26.037,30.767,22.507,35.25,23.761,24.869,23.322,31.021,22.208,22.762,23.469,23.246,24.245,32.262,23.788,21.255,29.47,21.618,23.689,23.034,36.985
23.239,25.351,26.429,25.878,24.69,21.468,24.44,23.173,34.616,26.037,30.767,22.507,35.25,23.684,24.869,23.322,31.021,22.208,22.762,23.469,23.246,24.245,32.262,23.788,21.255,29.47,21.618,23.679,23.034,36.985
23.239,25.351,26.429,25.878,24.69,21.468,24.44,23.173,34.616,26.037,30.767,22.507,35.25,23.684,24.869,23.295,31.021,22.208,22.762,23.469,23.246,24.245,32.262,23.788,21.255,28.856,21.618,23.488,23.034,36.985
23.239,25.351,26.429,25.878,24.69,21.468,24.44,23.173,34.616,26.037,30.767,22.507,35.25,23.684,24.869,23.295,31.021,22.208,22.762,23.469,23.113,24.245,32.262,23.788,21.233,28.856,21.365,23.229,22.837,36.985
23.239,25.351,26.429,25.878,24.69,21.468,24.44,23.173,34.616,26.037,30.767,22.507,35.25,23.569,24.869,23.295,31.021,22.208,22.762,23.469,23.013,24.245,32.262,23.788,21.233,28.856,21.365,23.229,22.837,36.985
23.239,25.351,26.429,25.878,24.69,21.468,24.44,23.173,34.616,26.037,30.767,22.507,35.25,23.569,24.869,23.147,31.021,22.208,22.762,23.469,22.992,24.203,32.262,23.788,21.233,28.856,21.357,23.229,22.837,36.985
23.239,25.351,26.429,25.878,24.69,21.468,24.44,23.101,34.616,26.037,30.767,22.507,35.25,23.569,24.869,23.147,31.021,22.208,22.762,23.469,22.992,24.203,32.262,23.788,20.925,28.856,21.357,23.229,22.837,36.985
23.239,25.351,26.429,25.878,24.69,21.468,24.44,23.101,34.616,26.037,30.767,22.507,35.25,23.406,24.869,23.147,31.021,22.208,22.762,23.469,22.992,24.203,32.262,23.788,20.925,28.856,21.357,23.229,22.837,36.985
23.239,25.351,26.429,25.878,24.69,21.468,24.44,23.101,34.616,26.037,30.767,22.507,35.25,23.406,24.869,23.147,31.021,22.208,22.762,23.469,22.992,24.203,32.262,23.788,20.925,28.856,21.357,23.229,22.837,36.985
23.239,25.351,26.429,25.878,24.69,21.468,24.44,23.09,34.616,26.037,30.767,22.507,35.25,23.124,24.869,23.147,31.021,22.208,22.762,23.469,22.992,24.137,32.262,23.788,20.925,28.856,21.357,23.229,22.729,36.985
23.239,25.351,26.429,25.878,24.69,21.468,24.438,23.078,34.616,26.037,30.767,22.507,35.25,23.103,24.869,23.147,31.021,22.208,22.762,23.469,22.953,24.137,32.262,23.788,20.925,28.856,21.357,23.229,22.729,36.985
23.239,25.351,26.429,25.878,24.69,21.468,24.438,23.052,34.616,26.037,30.767,22.507,35.25,23.103,24.869,23.147,31.021,22.208,22.762,23.469,22.953,24.137,32.262,23.788,20.925,28.856,21.307,23.022,22.68,36.985
23.239,25.351,26.429,25.878,24.69,21.468,24.438,23.052,34.616,26.037,30.767,22.507,35.25,23.103,24.869,23.147,31.021,22.208,22.762,23.469,22.587,24.137,32.262,23.788,20.925,28.782,21.307,22.937,22.307,36.985
23.239,25.351,26.429,25.878,24.69,21.468,24.438,23.022,34.616,26.037,30.767,22.507,35.25,23.103,24.869,23.147,31.021,22.208,22.762,23.469,22.587,24.137,32.262,23.788,20.925,28.782,21.307,22.937,22.307,36.985
23.239,25.351,26.429,25.878,24.69,21.468,24.385,23.022,34.616,26.037,30.767,22.507,35.25,23.103,24.869,23.147,31.021,22.208,22.762,23.469,22.587,23.916,32.262,23.788,20.925,28.782,21.307,22.937,22.307,36.985
23.239,25.351,26.429,25.878,24.69,21.468,24.385,22.934,34.616,26.037,30.767,22.507,35.25,23.103,24.869,23.147,31.021,22.208,22.762,23.469,22.587,23.913,32.262,23.788,20.925,25.23,21.307,22.937,22.307,36.985
23.239,25.351,26.429,25.878,24.69,21.468,24.354,22.934,34.616,26.037,30.767,22.507,35.25,23.103,24.869,23.147,31.021,22.208,22.569,23.469,22.587,23.913,32.262,23.788,20.925,25.23,21.307,22.937,22.307,36.985
23.239,25.351,26.429,25.878,24.69,21.468,24.354,22.51,34.616,26.037,30.767,22.507,35.25,23.056,24.869,23.147,31.021,22.208,22.569,23.469,22.422,23.869,32.262,23.788,20.925,25.23,21.307,22.937,22.12,36.985
23.239,25.351,26.429,25.878,24.69,21.468,24.354,22.51,34.616,26.037,30.767,22.507,35.25,23.006,24.869,23.147,31.021,22.208,22.247,23.469,22.422,23.869,32.262,23.788,20.925,25.23,21.307,22.937,22.12,36.985
23.239,25.351,26.429,25.878,24.69,21.468,24.354,22.508,34.616,26.037,30.767,22.507,35.25,22.985,24.869,23.147,31.021,22.208,22.247,23.469,22.422,23.809,32.262,23.788,20.925,25.23,21.307,22.937,22.12,36.985
23.239,25.351,26.429,25.878,24.69,21.468,24.354,22.508,34.616,26.037,30.767,22.507,35.25,22.985,24.869,23.147,31.021,22.208,22.247,23.469,22.422,23.802,32.262,23.788,20.925,25.23,21.307,22.812,22.12,36.985
23.239,25.306,26.429,25.878,24.69,21.468,24.251,22.508,34.616,26.037,30.767,22.507,35.25,22.983,24.869,23.147,31.021,22.208,22.247,23.469,22.422,23.78,32.262,23.788,20.925,25.23,21.307,22.79,22.12,36.985
22.677,25.306,26.429,25.878,24.69,21.468,24.251,22.508,34.616,26.037,30.767,22.507,35.25,22.983,24.869,23.147,31.021,22.208,22.247,23.469,22.422,23.597,32.262,23.788,20.925,25.23,21.243,22.79,22.12,36.985
22.677,25.148,26.429,25.878,24.69,21.468,24.251,22.507,34.616,26.037,30.767,22.507,35.25,22.983,24.869,23.147,31.021,22.208,22.142,23.469,22.422,23.597,32.262,23.788,20.925,25.23,21.238,22.79,22.12,36.985
22.677,25.148,26.429,25.878,24.69,21.361,24.251,22.493,34.616,26.037,30.767,22.507,35.25,22.746,24.869,23.147,31.021,22.208,22.142,23.469,22.422,23.597,32.262,23.788,20.925,25.23,21.238,22.79,22.12,36.985
22.632,25.148,26.429,25.878,24.69,21.361,24.251,22.461,34.616,26.037,30.767,22.507,35.25,22.722,24.869,23.147,31.021,22.208,22.142,23.469,22.422,23.597,32.262,23.788,20.925,25.23,21.238,22.79,22.12,36.985
22.632,25.148,26.429,25.878,24.69,21.361,24.251,22.461,34.616,26.037,30.767,22.507,35.25,22.718,24.869,23.147,31.021,22.208,22.142,23.469,22.422,23.597,32.262,23.788,20.925,25.23,21.207,22.79,22.12,36.985
22.632,24.926,26.429,25.878,24.69,21.361,24.251,22.461,34.616,26.037,30.767,22.507,35.25,22.718,24.869,23.147,31.021,22.208,22.142,23.469,22.422,23.597,32.262,23.788,20.925,25.23,21.143,22.79,22.082,36.985
22.632,24.926,26.429,25.878,24.69,21.284,24.194,22.461,34.616,26.037,30.767,22.507,35.25,22.718,24.869,23.147,31.021,22.208,22.142,23.469,22.422,23.597,32.262,23.788,20.925,25.23,21.143,22.79,21.946,36.985
22.632,24.926,26.429,25.878,24.69,21.284,24.194,22.461,34.616,26.037,30.767,22.507,35.25,22.718,24.869,23.14,31.021,22.208,22.142,23.469,22.422,23.597,32.262,23.788,20.925,25.23,21.143,22.79,21.946,36.985
22.632,24.926,26.429,25.878,24.69,21.284,24.194,22.461,34.616,26.037,30.767,22.507,35.25,22.718,24.869,23.14,31.021,22.208,22.142,23.469,22.422,23.597,32.262,23.788,20.925,24.205,21.143,22.79,21.946,36.985
22.632,24.926,26.429,25.878,24.69,21.245,24.194,22.461,34.616,26.037,30.767,22.507,35.25,22.718,24.869,22.711,31.021,22.208,22.142,23.469,22.422,23.597,32.262,23.788,20.925,24.156,21.143,22.652,21.946,36.985
22.632,24.926,26.429,25.878,24.69,21.245,24.194,22.461,34.616,26.037,30.767,22.507,35.25,22.718,24.869,22.711,31.021,22.208,22.142,23.469,22.422,23.597,32.262,23.788,20.925,23.647,21.143,22.358,21.946,36.985
22.632,24.926,26.429,25.878,24.69,21.245,24.194,22.461,34.616,26.037,30.767,22.507,35.25,22.718,24.869,22.711,31.021,22.208,22.142,23.469,22.422,23.496,32.262,23.788,20.925,21.844,21.143,22.358,21.946,36.985
22.632,24.926,26.429,25.878,24.69,21.245,24.168,22.461,34.616,26.037,30.767,22.507,35.25,22.592,24.869,22.711,31.021,22.208,22.142,23.469,22.422,23.496,32.262,23.788,20.925,21.844,21.143,22.358,21.946,36.985
22.632,24.926,26.429,25.878,24.69,21.245,24.168,22.461,34.616,26.037,30.767,22.507,35.25,22.592,24.869,22.572,31.021,22.208,22.142,23.469,22.422,23.496,32.262,23.788,20.925,21.844,21.143,22.358,21.946,36.985
22.632,24.926,26.359,25.878,24.69,21.245,24.168,22.461,34.616,26.037,30.767,22.507,35.25,22.584,24.869,22.572,31.021,22.208,22.142,23.469,22.422,23.496,32.262,23.788,20.925,21.844,21.143,22.358,21.946,36.985
22.632,24.926,26.359,25.878,24.69,21.245,24.168,22.461,34.616,26.037,30.767,22.507,35.25,22.584,24.869,22.572,31.021,22.208,22.142,23.469,22.422,23.496,31.641,23.788,20.925,21.303,21.143,22.358,21.946,36.985
22.632,24.926,25.773,25.878,24.69,21.245,24.168,22.461,34.616,26.037,30.767,22.507,35.25,22.584,24.869,22.572,31.021,22.208,22.142,23.469,22.422,23.496,31.641,23.788,20.925,21.303,21.143,22.358,21.946,36.985
22.632,24.824,25.746,25.878,24.69,21.245,24.168,22.461,34.616,26.037,30.767,22.507,35.25,22.584,24.869,22.572,31.021,22.208,22.055,23.469,22.422,23.496,31.524,23.788,20.925,21.303,21.143,22.358,21.946,36.985
22.632,24.824,25.016,25.878,24.69,21.245,24.114,22.461,34.616,26.037,30.767,22.507,35.25,22.584,24.869,22.572,31.021,22.208,22.055,23.469,22.422,23.496,31.524,23.788,20.925,21.303,21.143,22.358,21.946,36.985
22.632,24.824,24.555,25.878,24.69,21.245,24.114,22.461,34.616,26.037,30.767,22.507,35.25,22.584,24.869,22.572,31.021,22.208,22.055,23.469,22.422,23.496,31.524,23.788,20.925,21.303,21.143,22.358,21.946,36.985
22.632,24.824,24.555,25.878,24.69,21.245,24.114,22.461,34.616,26.037,30.767,22.507,35.25,22.584,24.869,22.572,31.021,22.208,22.055,23.469,22.422,23.496,31.143,23.788,20.925,21.303,21.143,22.358,21.946,36.985
22.632,24.824,24.336,25.878,24.69,21.245,24.114,22.461,34.616,26.037,30.767,22.507,35.25,22.584,24.869,22.572,31.021,22.208,22.055,23.469,22.422,23.434,31.143,23.788,20.925,21.303,21.143,22.358,21.946,36.985
22.632,24.744,24.336,25.878,24.69,21.127,24.114,22.461,34.616,26.037,30.767,22.507,35.25,22.584,24.869,22.572,31.021,22.208,22.055,23.469,22.422,23.433,31.143,23.788,20.925,21.303,21.143,22.358,21.946,36.985
22.632,24.744,24.163,25.878,24.69,21.127,24.114,22.461,34.616,26.037,30.767,22.507,35.25,22.584,24.869,22.572,31.021,22.208,22.055,23.469,22.422,23.433,31.143,23.788,20.925,21.303,21.143,22.358,21.946,36.985
22.632,24.353,24.141,25.878,24.69,21.021,24.114,22.461,34.616,26.037,30.767,22.507,35.25,22.571,24.869,22.572,31.021,22.208,22.055,23.469,22.422,23.359,31.143,23.788,20.925,21.303,21.143,22.358,21.946,36.985
22.632,24.353,23.901,25.878,24.69,20.927,24.114,22.461,34.616,26.037,30.767,22.507,35.25,22.571,24.869,22.572,31.021,22.208,22.055,23.469,22.408,23.272,30.747,23.788,20.925,21.303,21.143,22.358,21.946,36.985
22.632,24.353,23.901,25.878,24.69,20.927,24.114,22.46,34.616,26.037,30.767,22.507,35.25,22.571,24.869,22.572,31.021,22.208,22.055,23.469,22.408,23.265,28.826,23.788,20.715,20.478,21.137,22.229,21.946,36.985
22.632,24.353,23.897,25.878,24.69,20.927,24.114,22.458,34.616,26.037,30.767,22.507,35.25,22.571,24.869,22.572,31.021,22.208,22.055,23.469,22.408,23.219,28.826,23.788,20.715,20.478,21.137,22.229,21.946,36.985
22.632,24.353,23.896,25.878,24.69,20.927,24.114,22.453,34.616,26.037,30.767,22.507,35.25,22.571,24.869,22.572,31.021,22.208,22.055,23.469,22.408,23.219,28.826,23.788,20.715,20.478,21.137,22.229,21.946,36.985
22.632,24.353,23.896,25.878,24.69,20.927,24.114,22.452,34.616,26.037,30.767,22.507,35.25,22.571,24.869,22.572,31.021,22.208,22.031,23.469,22.408,23.219,28.596,23.788,20.715,20.478,21.109,22.229,21.946,36.985
22.632,24.353,23.896,25.878,24.69,20.927,24.114,22.452,34.616,26.037,30.767,22.507,35.25,22.343,24.869,22.572,31.021,22.208,21.904,23.469,22.408,23.178,28.596,23.788,20.715,20.337,21.076,22.229,21.946,36.985
22.632,24.353,23.896,25.878,24.69,20.927,24.114,22.443,34.616,26.037,30.767,22.507,35.25,22.339,24.869,22.572,31.021,22.208,21.904,23.469,22.408,23.178,28.523,23.788,20.715,19.636,21.076,22.229,21.946,36.985
22.632,24.353,23.896,25.878,24.69,20.927,24.114,22.443,34.616,26.037,30.767,22.507,35.25,22.339,24.869,22.572,31.021,22.208,21.904,23.469,22.408,23.178,28.523,23.788,20.663,19.636,21.076,22.229,21.946,36.985
22.632,24.353,23.896,25.878,24.69,20.927,24.114,22.443,34.616,26.037,30.767,22.507,35.25,22.339,24.869,22.572,31.021,22.208,21.904,23.469,22.408,23.178,28.523,23.788,20.663,19.636,21.073,22.229,21.946,36.985
22.632,24.353,23.895,25.878,24.69,20.927,24.114,22.443,34.616,26.037,30.767,22.507,35.25,22.339,24.869,22.572,31.021,22.208,21.904,23.469,22.348,23.103,28.523,23.788,20.663,19.636,21.073,22.229,21.946,36.985
22.632,24.353,23.895,25.878,24.69,20.927,24.114,22.443,34.616,26.037,30.767,22.507,35.25,22.339,24.869,22.572,31.021,22.208,21.904,23.469,22.348,23.103,28.233,23.788,20.663,19.608,21.073,22.229,21.946,36.985
22.632,24.353,23.895,25.878,24.69,20.927,24.114,22.443,34.616,26.037,30.767,22.507,35.25,22.339,24.869,22.572,31.021,22.208,21.904,23.469,22.345,23.103,28.233,23.788,20.663,19.608,21.073,22.229,21.946,36.985
22.632,24.353,23.895,25.878,24.69,20.927,24.114,22.443,34.616,26.037,30.767,22.507,35.25,22.283,24.869,22.572,31.021,22.208,21.904,21.708,22.345,23.103,28.233,23.788,20.663,19.38,21.073,22.229,21.946,36.985
22.632,24.353,23.895,25.878,24.69,20.927,24.114,22.443,34.616,26.037,30.767,22.507,35.25,22.283,24.869,22.572,31.021,22.208,21.904,21.708,22.345,23.103,28.233,23.788,20.663,19.38,21.032,22.229,21.946,36.985
22.632,24.159,23.887,25.878,24.69,20.927,24.114,22.443,34.616,26.037,30.767,22.507,35.25,22.283,24.869,22.572,31.021,22.208,21.904,21.708,22.174,23.089,28.233,23.788,20.663,19.38,21.032,22.229,21.946,36.985
22.632,24.159,23.887,25.878,24.69,20.927,24.114,22.443,34.616,26.037,30.767,22.507,35.25,22.283,24.869,22.572,31.021,22.208,21.904,21.708,22.174,23.089,28.233,23.788,20.663,19.38,20.975,22.229,21.946,36.985
22.632,24.159,23.869,25.878,24.69,20.927,24.114,22.443,34.616,26.037,30.767,22.507,35.25,22.283,24.869,22.572,31.021,22.208,21.904,21.708,22.174,23.089,28.233,23.788,20.663,19.38,20.975,22.229,21.946,36.985
22.632,24.159,23.869,25.878,24.69,20.927,24.114,22.442,34.616,26.037,30.767,22.507,35.25,22.283,24.869,22.572,31.021,22.208,21.904,21.708,22.174,23.089,28.233,23.788,20.663,19.38,20.975,22.229,21.778,36.985
22.632,24.159,23.869,25.878,24.69,20.927,23.62,22.442,34.616,26.037,30.767,22.507,35.25,22.218,24.869,22.572,31.021,22.208,21.904,21.708,22.174,22.904,28.233,23.788,20.663,19.38,20.975,22.229,21.715,36.985
22.632,24.159,23.861,25.878,24.69,20.927,23.62,22.442,34.616,26.037,30.767,22.507,35.25,22.218,24.869,22.572,31.021,22.208,21.904,21.708,22.152,22.904,28.233,23.788,20.663,19.38,20.975,22.229,21.715,36.985
22.632,24.159,23.861,25.878,24.69,20.927,23.62,22.442,34.616,26.037,30.767,22.507,35.25,22.218,24.869,22.572,31.021,22.208,21.904,21.708,22.152,22.904,28.233,23.788,20.663,19.38,20.975,22.229,21.715,36.985
22.632,24.159,23.861,25.878,24.69,20.927,23.62,22.442,34.616,26.037,30.767,22.507,35.25,22.218,24.869,22.572,31.021,22.208,21.904,21.708,22.152,22.904,28.233,23.788,20.663,19.38,20.919,22.229,21.715,36.985
22.632,24.159,23.849,25.878,24.69,20.927,23.62,22.442,34.616,26.037,30.767,22.507,35.25,22.218,24.869,22.572,31.021,22.208,21.904,21.708,22.152,22.904,28.233,23.788,20.663,19.38,20.919,22.229,21.715,36.985
22.632,24.159,23.849,25.878,24.69,20.927,23.62,22.442,34.616,26.037,30.767,22.507,35.25,22.218,24.869,22.572,31.021,22.208,21.904,21.708,22.152,22.904,28.233,23.788,20.663,19.38,20.919,22.229,21.715,36.985
22.632,24.159,23.849,25.878,24.69,20.927,23.62,22.442,34.616,26.037,30.767,22.507,35.25,22.218,24.869,22.572,31.021,22.208,21.904,21.708,22.152,22.904,28.233,23.788,20.663,19.38,20.919,22.229,21.715,36.985
22.632,24.159,23.849,25.878,24.69,20.927,23.62,22.44,34.616,26.037,30.767,22.507,35.25,22.218,24.869,22.572,31.021,22.208,21.904,21.708,21.909,22.904,28.233,23.788,20.663,19.38,20.859,22.229,21.715,36.985
22.632,24.159,23.841,25.878,24.69,20.927,23.62,22.44,34.616,26.037,30.767,22.507,35.25,22.218,24.869,22.572,31.021,22.208,21.904,21.708,21.909,22.904,28.233,23.788,20.663,19.38,20.859,22.229,21.715,36.985
22.632,24.159,23.841,25.878,24.69,20.927,23.62,22.44,34.616,26.037,30.767,22.507,35.25,22.218,24.869,22.572,31.021,22.208,21.904,21.708,21.909,22.904,28.233,23.788,20.663,19.38,20.859,22.229,21.715,36.985
22.632,24.024,23.841,25.878,24.69,20.927,23.62,22.44,34.616,26.037,30.767,22.507,35.25,22.164,24.869,22.572,31.021,22.208,21.904,21.708,21.909,22.904,28.169,23.788,20.663,19.38,20.859,22.213,21.715,36.985
22.632,24.023,23.841,25.878,24.69,20.927,23.62,22.44,34.616,26.037,30.767,22.507,35.25,22.164,24.869,22.572,31.021,22.208,21.904,21.708,21.878,22.904,28.169,23.788,20.663,19.38,20.859,22.213,21.715,36.985
22.632,24.023,23.841,25.878,24.69,20.927,23.62,22.44,34.616,26.037,30.767,22.507,35.25,22.164,24.869,22.572,31.021,22.208,21.868,21.708,21.878,22.904,28.169,23.788,20.663,19.38,20.859,22.213,21.715,36.985
22.632,23.842,23.309,25.878,24.69,20.927,23.62,22.439,34.616,26.037,30.767,22.507,35.25,22.164,24.869,22.572,31.021,22.208,21.868,21.708,21.878,22.904,28.169,23.788,20.663,19.38,20.859,22.213,21.715,36.985
22.632,23.842,23.309,25.878,24.69,20.927,23.62,22.439,34.616,26.037,30.767,22.507,35.25,22.164,24.869,22.572,31.021,22.208,21.715,21.708,21.878,22.904,28.169,23.788,20.658,19.38,20.859,22.213,21.715,36.985
22.632,23.842,23.309,25.878,24.69,20.927,23.62,22.439,34.616,26.037,30.767,22.507,35.25,22.164,24.869,22.572,31.021,22.208,21.715,21.708,21.878,22.904,28.169,23.788,20.658,19.38,20.859,22.116,21.715,36.985
22.632,23.842,23.309,25.878,24.69,20.927,23.62,22.439,34.616,26.037,30.767,22.507,35.25,21.965,24.869,22.467,31.021,22.208,21.715,21.708,21.878,22.904,27.615,23.788,20.658,19.38,20.803,22.116,21.715,36.985
22.632,23.842,23.309,25.878,24.69,20.927,23.62,22.439,34.616,26.037,30.767,22.507,35.25,21.965,24.869,22.265,31.021,22.208,21.715,21.708,21.878,22.904,27.342,23.788,20.658,19.38,20.803,22.116,21.715,36.985
22.632,23.835,23.309,25.878,24.69,20.927,23.62,22.438,34.616,26.037,30.767,22.507,35.25,21.965,24.869,22.265,31.021,22.208,21.715,21.708,21.878,22.904,26.431,23.788,20.658,19.38,20.652,22.116,21.715,36.985
22.632,23.778,23.309,25.878,24.69,20.927,23.62,22.438,34.616,26.037,30.767,22.507,35.25,21.607,24.869,22.265,31.021,22.208,21.715,21.708,21.878,22.904,26.431,23.788,20.658,19.38,20.652,22.116,21.715,36.985
22.632,23.73,23.309,25.878,24.69,20.927,23.62,22.438,34.616,26.037,30.767,22.507,35.25,21.607,24.869,22.265,31.021,22.208,21.715,21.708,21.878,22.904,26.431,23.788,20.658,19.38,20.652,22.116,21.715,36.985
22.632,23.73,23.309,25.878,24.69,20.927,23.62,22.438,34.616,26.037,30.767,22.507,35.25,21.607,24.869,22.265,31.021,22.208,21.693,21.708,21.878,22.15,26.431,23.788,20.648,19.38,20.652,22.116,21.715,36.985
22.632,23.73,23.309,25.878,24.69,20.927,23.62,22.438,34.616,26.037,30.767,22.507,35.25,21.607,24.869,22.265,31.021,22.208,21.693,21.708,21.878,22.15,26.431,23.788,20.648,19.38,20.652,22.098,21.715,36.985
22.632,23.721,23.309,25.878,24.69,20.895,23.62,22.438,34.616,26.037,30.767,22.507,35.25,21.607,24.869,22.265,31.021,22.208,21.693,21.708,21.878,22.15,26.431,23.788,20.648,19.38,20.652,22.098,21.715,36.985
22.632,23.59,23.309,25.878,24.69,20.895,23.62,22.438,34.616,26.037,30.767,22.507,35.25,21.607,24.869,22.265,31.021,22.208,21.693,21.708,21.878,22.15,26.431,23.788,20.648,19.38,20.612,22.066,21.715,36.985
22.632,23.59,23.309,25.878,24.69,20.895,23.62,22.438,34.616,26.037,30.767,22.507,35.25,21.607,24.869,22.265,31.021,22.208,21.693,21.708,21.878,22.15,26.396,23.788,20.611,19.38,20.612,22.066,21.715,36.985
22.632,23.59,23.309,25.878,24.69,20.895,23.62,22.438,34.616,26.037,30.767,22.507,35.25,21.607,24.869,22.265,31.021,22.208,21.693,21.708,21.878,22.15,26.396,23.788,20.611,19.38,20.28,22.066,21.715,36.985
22.632,23.59,23.309,25.878,24.557,20.895,23.62,22.438,34.616,26.037,30.767,22.507,35.25,21.607,24.869,22.265,31.021,22.208,21.693,21.708,21.878,22.15,26.396,23.788,20.611,19.38,20.275,22.066,21.646,36.985
22.632,23.59,23.309,25.878,24.557,20.895,23.62,22.438,34.616,26.037,30.767,22.507,35.25,21.607,24.869,22.265,31.021,22.208,21.693,21.708,21.878,22.15,26.396,23.788,20.611,19.38,20.275,22.066,21.646,36.985
22.632,23.59,23.309,25.878,24.557,20.895,23.62,22.438,34.616,26.037,30.767,22.507,35.25,21.607,24.869,22.265,31.021,22.208,21.693,21.708,21.878,22.144,26.396,23.788,20.611,19.38,20.275,22.066,21.646,36.985
22.632,23.59,23.309,25.878,24.557,20.895,23.62,22.438,34.616,26.037,30.767,22.507,35.25,21.607,24.869,22.265,31.021,22.208,21.693,21.708,21.878,22.144,26.396,23.788,20.611,19.38,20.275,22.066,21.646,36.985
22.632,23.59,23.309,25.878,24.557,20.895,23.62,22.438,34.616,26.037,30.767,22.507,35.25,21.607,24.869,22.265,31.021,22.208,21.693,21.708,21.878,22.144,26.396,23.788,20.611,19.38,20.275,22.066,21.646,36.985
22.632,23.538,23.309,25.878,24.557,20.895,23.62,22.438,34.616,26.037,30.767,22.507,35.25,21.607,24.869,22.265,31.021,22.208,21.693,21.708,21.86,22.144,26.396,23.788,20.611,19.38,20.275,22.066,21.603,36.985
22.599,23.236,23.309,25.878,24.557,20.895,23.62,22.438,34.616,26.037,30.767,22.507,35.25,21.607,24.869,22.265,31.021,22.208,21.683,21.708,21.808,22.144,26.396,23.788,20.611,19.38,20.275,22.066,21.56,36.985
22.599,23.236,23.309,25.878,24.557,20.895,23.62,22.438,34.616,26.037,30.767,22.507,35.25,21.607,24.869,22.265,31.021,22.208,21.558,21.708,21.808,22.123,26.396,23.788,20.576,19.38,20.275,22.066,21.429,36.985
22.599,23.203,23.309,25.878,24.557,20.895,23.62,22.438,34.616,26.037,30.767,22.507,35.25,21.607,24.869,22.265,31.021,22.208,21.443,21.708,21.808,22.116,26.396,23.788,20.576,19.38,20.275,22.066,21.429,36.985
22.599,23.203,23.309,25.878,24.557,20.895,23.62,22.438,34.616,26.037,30.767,22.507,35.25,21.607,24.869,22.265,31.021,22.208,21.443,21.708,21.808,22.1,26.396,23.788,20.576,19.38,20.275,22.066,21.429,36.985
22.599,23.203,23.309,25.878,24.557,20.895,23.62,22.438,34.616,26.037,30.767,22.507,35.25,21.607,24.869,22.265,31.021,22.208,21.443,21.708,21.762,22.1,25.871,23.788,20.576,19.38,20.275,22.066,21.388,36.985
22.599,23.124,23.309,25.878,24.557,20.895,23.62,22.438,34.616,26.037,30.767,22.507,35.25,21.607,24.869,22.265,31.021,22.208,21.443,21.708,21.576,22.1,25.867,23.788,20.572,19.38,20.275,22.066,21.388,36.985
22.599,23.124,23.309,25.878,24.557,20.895,23.62,22.438,34.616,26.037,30.767,22.507,35.25,21.607,24.869,22.265,31.021,22.208,21.443,21.708,21.576,22.1,25.728,23.788,20.572,19.38,20.275,22.027,21.388,36.985
22.599,23.124,23.309,25.878,24.557,20.895,23.62,22.438,34.616,26.037,30.767,22.507,35.25,21.607,24.869,22.265,31.021,22.208,21.443,21.708,21.576,21.82,25.728,23.788,20.562,19.38,20.275,22.027,21.388,36.985
22.599,22.989,23.309,25.878,24.557,20.895,23.62,22.438,34.616,26.037,30.767,22.507,35.25,21.607,24.869,22.265,31.021,22.208,21.283,21.708,21.576,21.82,25.728,23.788,20.562,19.38,20.275,22.027,21.388,36.985
22.599,22.912,23.309,25.878,24.557,20.895,23.313,22.438,34.616,26.037,30.767,22.507,35.25,21.607,24.869,22.265,31.021,22.208,21.283,21.708,21.576,21.802,25.728,23.788,20.562,19.38,20.275,22.027,21.388,36.985
22.23,22.912,23.309,25.878,24.557,20.895,23.313,22.437,34.616,26.037,30.767,22.507,35.25,21.607,24.869,22.265,31.021,22.208,21.283,21.708,21.566,21.802,25.728,23.788,20.562,19.38,20.275,22.027,21.388,36.985
22.23,22.872,23.309,25.878,24.557,20.895,23.313,22.437,34.616,26.037,30.767,22.507,35.25,21.607,24.869,22.265,31.021,22.208,21.283,21.708,21.566,21.802,25.728,23.788,20.562,19.38,20.275,22.027,21.388,36.985
22.23,22.774,23.309,25.878,24.557,20.895,23.313,22.437,34.616,26.037,30.767,22.507,35.25,21.607,24.869,22.265,31.021,22.208,21.283,21.708,21.559,21.802,25.728,23.788,20.562,19.38,20.275,22.027,21.388,36.985
22.23,22.59,23.309,25.878,24.557,20.895,23.313,22.437,34.616,26.037,30.767,22.507,35.25,21.607,24.869,22.265,31.021,22.208,21.283,21.708,21.538,21.802,25.728,23.788,20.379,19.356,20.275,22.027,21.388,36.985
22.23,22.59,23.309,25.878,24.557,20.846,23.313,22.437,34.616,26.037,30.767,22.507,35.25,21.607,24.869,22.265,31.021,22.208,21.283,21.708,21.503,21.802,25.728,23.788,20.379,19.356,20.223,22.027,21.388,36.985
22.23,22.576,23.309,25.878,23.85,20.846,23.313,22.437,34.616,26.037,30.767,22.507,35.25,21.607,24.869,22.265,31.021,22.208,21.215,21.708,21.503,21.802,25.728,23.788,20.379,19.356,20.223,22.027,21.388,36.985
22.23,22.413,23.309,25.878,23.85,20.846,23.313,22.437,34.616,26.037,30.767,22.507,35.25,21.607,24.869,22.265,31.021,22.208,21.215,21.708,21.406,21.802,25.728,23.788,20.379,19.356,20.223,22.025,21.366,36.985
22.23,22.029,23.309,25.878,23.694,20.846,23.313,22.329,34.616,26.037,30.767,22.507,35.25,21.607,24.869,22.265,31.021,22.208,21.215,21.708,21.406,21.802,25.728,23.788,20.379,19.356,20.223,22.025,21.366,36.985
22.23,22.029,23.309,25.878,23.694,20.846,23.313,22.329,34.616,26.037,30.767,22.507,35.25,21.607,24.869,22.265,31.021,22.208,21.215,21.708,21.406,21.802,25.728,23.788,20.379,19.356,20.172,22.025,21.366,36.985
22.23,22.029,23.309,25.878,23.694,20.846,23.313,22.328,34.616,26.037,30.767,22.507,35.25,21.607,24.869,22.265,31.021,22.208,21.215,21.708,21.406,21.802,25.728,23.788,20.379,19.356,20.172,22.025,21.366,36.985
22.23,22.029,23.309,25.878,23.694,20.846,23.313,22.328,34.616,26.037,30.767,22.507,35.25,21.607,24.869,22.265,31.021,22.208,21.215,21.708,21.406,21.802,25.728,23.788,20.176,19.356,20.172,22.025,21.366,36.985
22.23,22.029,23.309,25.878,23.694,20.846,23.313,22.328,34.616,26.037,30.767,22.507,35.25,21.607,24.869,22.265,31.021,22.208,21.215,21.708,21.406,21.802,25.728,23.788,19.993,19.356,20.172,22.025,21.366,36.985
22.23,22.029,23.309,25.878,23.456,20.846,23.08,22.328,34.616,26.037,30.767,22.507,35.25,21.607,24.869,22.265,31.021,22.208,21.215,21.708,21.406,21.802,25.728,23.788,19.849,19.356,20.172,22.025,21.335,36.985
