1994.3,1996.4,1934,1974.1,2040.4,2017.5,1943.3,1992.2,2009.3,1781.8,1901,2069.6,2009.5,2040.1,2081.7,1920.4,1931.2,2024.4,1996.9,1830.4,1880.8,1927.2,1915.3,2033.4,1959.9,1799.4,1924,1991.9,1831.6,1852.2
1993.3,1956.9,1921.6,1962,2033.3,2017.5,1943.3,1992.2,1951,1755.4,1878.6,2059.7,2009.5,2040.1,2081.1,1909.1,1916.4,2014.8,1996.9,1830.4,1880.8,1916.1,1915.3,2033.4,1949.9,1794.1,1921.7,1991.9,1831.6,1840.1
1993.3,1953.1,1902.5,1956.4,2033.3,2017.5,1930.6,1992.2,1945.8,1755.4,1862.4,2059.7,2009.5,2040.1,2081.1,1901,1908,2014.8,1996.9,1830.4,1865.7,1891,1915.3,2033.4,1948.4,1794.1,1921.7,1977.5,1831.6,1796.9
1977.6,1953.1,1902.5,1942.8,1998,2017.5,1923.6,1992.2,1945.8,1755.4,1853.6,2056.1,2009.3,2040.1,2062.7,1901,1908,2014.8,1994.7,1827,1865.7,1891,1915.3,2033.4,1948.4,1794.1,1908.7,1977.5,1831.6,1796.9
1977.6,1953.1,1901.4,1942.8,1998,2017.5,1916.4,1968.9,1945.8,1753,1853.6,2033.9,2009.3,2040.1,2062.7,1890,1905.5,2014.8,1994.7,1827,1798.4,1891,1915.3,2023.5,1946,1782.8,1908.7,1977.5,1831.6,1796.9
1977.6,1953.1,1901.4,1942.8,1998,2017.5,1916.4,1968.6,1945.8,1744.8,1853.6,2033.9,2008.5,2040.1,2062.7,1890,1905.5,2014.8,1966.2,1827,1798.4,1891,1915.3,2023.5,1944.9,1756.7,1908.7,1977.5,1822.2,1796.9
1976.3,1953.1,1901.4,1942.8,1998,1991.6,1896.7,1968.6,1945.8,1744.8,1853.6,2033.9,2008.5,2040.1,2055.3,1890,1905.5,2014.8,1966.2,1827,1798.4,1891,1915.3,2023.5,1944.9,1756.7,1888,1959.9,1822.2,1796.9
1976.3,1953.1,1875.9,1879.9,1975.1,1991.6,1896.7,1968.6,1945.8,1744.8,1853.6,2033.9,2008.5,2040.1,2055.3,1890,1901,2003.8,1966.2,1827,1798.4,1891,1915.3,2023.5,1944.9,1748.8,1888,1959.9,1822.2,1796.9
1976.3,1953.1,1871.8,1879.9,1975.1,1991.6,1896.7,1968.6,1945.8,1744.8,1830.4,2033.9,2008.5,2040.1,2055.3,1890,1900.2,2003.8,1966.2,1827,1798.4,1886.2,1915.3,1998.3,1944.9,1748.8,1887.3,1959.9,1822.2,1796.9
1956.6,1953.1,1871.8,1879.9,1975.1,1988.5,1896,1968.6,1945.8,1744.8,1830.4,2033.9,2008.5,2040.1,2055.3,1890,1900.2,2003.8,1966.2,1826.5,1798.4,1883,1915.3,1996.6,1939.2,1748.8,1887.3,1959.9,1822.2,1796.9
1956.6,1953.1,1871.8,1879.9,1975.1,1988.5,1887.5,1954.9,1945.8,1744.8,1830.4,2033.9,2008.5,2040.1,2055.3,1890,1900.2,2003.8,1952,1826.5,1798.4,1883,1915.3,1996.6,1939.2,1748.8,1885,1959.9,1822.2,1796.9
1956.6,1953.1,1871.8,1879.9,1975.1,1971.2,1887.5,1954.9,1945.8,1744.8,1830.4,2033.9,2008.5,2040.1,2055.3,1890,1900.2,2003.8,1952,1792.7,1798.4,1870.2,1915.3,1996.6,1914.1,1748.8,1867.4,1948.7,1822.2,1796.9
1956.6,1953.1,1871.8,1879.9,1975.1,1971.2,1884.1,1954.9,1945.8,1744.8,1830.4,2033.9,2000.7,2040.1,2055.3,1890,1900.2,2000.1,1952,1792.7,1798.4,1870.2,1915.3,1996.6,1914.1,1748.8,1867.4,1948.7,1822.2,1796.9
1956.6,1953.1,1871.8,1879.9,1975.1,1971.2,1884.1,1954.9,1945.8,1744.8,1830.4,2033.9,2000.7,2040.1,2055.3,1890,1900.2,1999.1,1952,1792.7,1798.4,1870.2,1915.3,1996.6,1914.1,1748.8,1867.4,1925.7,1822.2,1796.9
1956.6,1953.1,1871.8,1879.9,1975.1,1968.6,1884.1,1954.9,1945.8,1744.8,1830.4,2033.9,2000.7,2040.1,2055.3,1890,1900.2,1999.1,1952,1792.7,1798.4,1870.2,1915.3,1996.6,1913.9,1748.8,1862.4,1925.7,1822.2,1796.9
1956.6,1953.1,1871.8,1879.9,1975.1,1965.5,1884.1,1954.9,1942.7,1738.1,1830.4,2033.9,2000.7,2040.1,2055.3,1890,1899.8,1999.1,1952,1792.7,1798.4,1870.2,1915.3,1996.6,1913.9,1748.8,1862.4,1925.7,1822.2,1796.9
1956.6,1953.1,1871.8,1879.9,1975.1,1945.2,1884.1,1954.9,1942.7,1738.1,1830.4,2033.9,2000.7,2038.6,2053,1890,1899.8,1999.1,1952,1792.7,1798.4,1870.2,1915.3,1996.6,1913.9,1747,1862.4,1925.7,1822.2,1796.9
1956.6,1953.1,1871.8,1879.9,1974.3,1945.2,1884.1,1954.9,1942.7,1738.1,1830.4,2033.9,2000.7,2038.6,2053,1890,1899.8,1990.4,1952,1792.7,1798.4,1870.2,1915.3,1996.6,1913.9,1747,1862.4,1925.7,1822.2,1796.9
1956.6,1953.1,1871.8,1879.9,1974.3,1945.2,1884.1,1954.9,1942.7,1738.1,1830.4,2033.9,2000.7,2038.6,2053,1890,1899.8,1989,1952,1792.7,1798.4,1870.2,1915.3,1996.6,1913.9,1747,1862.4,1925.7,1822.2,1796.9
1956.6,1953.1,1871.8,1879.9,1974.3,1945.2,1884.1,1952.6,1942.7,1738.1,1830.4,2033.9,2000.7,2038.6,2053,1890,1899.8,1985.7,1942.9,1792.7,1798.4,1870.2,1915.3,1996.6,1913.9,1746.6,1862.1,1925.7,1822.2,1796.9
1956.6,1953.1,1871.8,1874.6,1974.3,1945.2,1884.1,1942.3,1942.7,1738.1,1830.4,2033.9,2000.7,2038.5,2053,1890,1899.8,1983.1,1942.9,1792.7,1798.4,1870.2,1915.3,1996.6,1913.9,1746.2,1862.1,1925.7,1822.2,1796.9
1956.6,1953.1,1871.4,1868.3,1974.3,1945.2,1884.1,1942.3,1942.7,1738.1,1830.4,2033.9,2000.7,2038.5,2053,1890,1899.8,1981,1942.9,1792.7,1798.4,1870.2,1915.3,1996.6,1913.9,1735.7,1862.1,1925.7,1822.2,1796.9
1956.6,1953.1,1871.4,1868.3,1974.3,1945.2,1884.1,1942.3,1942.7,1738.1,1830.4,2033.9,2000.7,2038.5,2053,1890,1899.8,1981,1942.9,1792.7,1798.4,1870.2,1915.3,1996.6,1913.9,1735.7,1862.1,1925.7,1822.2,1796.9
1956.6,1953.1,1871.4,1868.3,1974.3,1945.2,1884.1,1942.3,1942.7,1738.1,1830.4,2033.9,2000.7,2038.5,2053,1890,1899.8,1981,1942.9,1792.7,1798.4,1870.2,1915.3,1996.6,1913.9,1735.7,1862.1,1925.7,1822.2,1796.9
1956.6,1953.1,1871.4,1868.3,1974.3,1943.8,1884.1,1942.3,1942.7,1738.1,1830.4,2033.9,2000.7,2035.3,2053,1890,1899.8,1981,1942.9,1792.7,1798.4,1870.2,1915.3,1996.6,1913.9,1735.7,1862.1,1925.7,1822.2,1796.9
1956.6,1953.1,1871.4,1868.3,1974.3,1943.8,1884.1,1942.3,1942.7,1738.1,1830.4,2033.9,2000.7,2035.3,2053,1890,1899.8,1981,1942.9,1792.7,1798.4,1870.2,1915.3,1996.6,1913.9,1735.7,1862.1,1925.7,1822.2,1796.9
1956.6,1953.1,1845.4,1868.3,1974.3,1943.8,1884.1,1942.3,1942.7,1738.1,1830.4,2033.9,2000.7,2035.3,2053,1890,1899.8,1981,1942.9,1792.7,1798.4,1870.2,1915.3,1996.6,1913.9,1735.7,1862.1,1925.7,1822.2,1796.9
1956.6,1953.1,1845.4,1868.3,1974.3,1943.8,1884.1,1942.3,1942.7,1738.1,1830.4,2033.9,2000.7,2035.3,2053,1890,1899.8,1981,1942.9,1792.7,1798.4,1870.2,1915.3,1996.6,1913.9,1735.7,1862.1,1925.7,1822.2,1796.9
1956.6,1953.1,1845.4,1868.3,1974.3,1943.8,1884.1,1942.3,1942.7,1738.1,1829.8,2033.9,2000.7,2035.3,2049.6,1890,1899.8,1981,1942.9,1792.7,1798.4,1870.2,1915.3,1996.6,1913.9,1735.7,1862.1,1925.7,1822.2,1796.9
1956.6,1953.1,1845.4,1868.3,1974.3,1943.8,1884.1,1942.3,1942.7,1738.1,1829.8,2033.9,2000.7,2035.3,2049.6,1890,1899.8,1981,1942.9,1792.7,1798.4,1870.2,1915.3,1996.6,1913.9,1735.7,1862.1,1925.7,1822.2,1796.9
1956.6,1953.1,1845.4,1868.3,1974.3,1943.8,1884.1,1942.3,1942.7,1738.1,1829.8,2033.9,2000.7,2035.3,2036.8,1890,1899.8,1981,1942.9,1792.7,1798.4,1870.2,1915.3,1996.6,1913.9,1725.5,1862.1,1925.7,1822.2,1796.9
1956.6,1953.1,1845.4,1868.3,1974.3,1939.6,1884.1,1942.3,1942.7,1738.1,1829.8,2033.9,2000.7,2035.3,2036.8,1890,1899.8,1981,1942.9,1792.7,1798.4,1870.2,1915.3,1996.6,1913.9,1725.5,1862.1,1925.7,1822.2,1796.9
1956.6,1953.1,1845.4,1868.3,1974.3,1939.6,1884.1,1942.3,1942.7,1738.1,1829.8,2033.9,2000.7,2035.3,2036.8,1890,1899.8,1980.9,1942.9,1792.7,1798.4,1870.2,1915.3,1996.6,1913.9,1725.5,1862.1,1925.7,1822.2,1796.9
1956.6,1953.1,1845.4,1868.3,1974.3,1939.6,1884.1,1942.3,1942.7,1738.1,1829.8,2033.9,2000.7,2035.3,2036.8,1890,1899.8,1980.9,1942.9,1792.7,1798.4,1870.2,1915.3,1996.6,1913.9,1725.5,1862.1,1925.7,1822.2,1796.9
1956.6,1953.1,1845.4,1868.3,1974.3,1939.6,1884.1,1942.3,1942.7,1738.1,1829.8,2033.9,2000.7,2035.3,2036.8,1890,1899.8,1980.9,1942.9,1792.7,1798.4,1870.2,1915.3,1996.6,1913.9,1725.5,1862.1,1925.7,1822.2,1796.9
1956.6,1953.1,1845.4,1868.3,1974.3,1939.6,1884.1,1942.3,1942.7,1738.1,1829.8,2033.9,2000.7,2035.3,2036.8,1890,1899.8,1980.5,1942.9,1792.7,1798.4,1870.2,1915.3,1996.6,1913.9,1725.5,1862.1,1925.7,1822.2,1796.9
1956.6,1953.1,1845.4,1864.7,1974.3,1939.6,1876.9,1942.3,1942.7,1738.1,1829.8,2033.9,2000.7,2035.3,2036.8,1890,1899.8,1980.5,1942.9,1792.7,1798.4,1870.2,1915.3,1996.6,1913.9,1725.5,1862.1,1925.7,1822.2,1796.9
1956.6,1953.1,1845.4,1862.5,1974.3,1939.6,1876.9,1942.3,1942.7,1738.1,1829.8,2033.9,2000.7,2035.3,2036.8,1890,1899.8,1980.5,1942.9,1792.7,1798.4,1870.2,1915.3,1996.6,1913.9,1725.5,1860,1925.7,1822.2,1796.9
1956.6,1953.1,1845.4,1862.5,1974.3,1927.6,1876.9,1942.3,1942.7,1738.1,1829.8,2033.9,2000.7,2035.3,2034.5,1890,1898.6,1980.5,1942.9,1792.7,1798.4,1870.2,1915.3,1996.6,1913.9,1725.5,1860,1925.7,1822.2,1796.9
1956.6,1953.1,1845.4,1862.5,1974.3,1926.3,1876.9,1942.3,1942.7,1738.1,1829.8,2033.9,2000.7,2035.3,2034.5,1890,1898.6,1980.5,1942.9,1792.7,1798.4,1870.2,1915.3,1996.6,1913.9,1725.5,1836.6,1925.7,1822.2,1796.9
1956.6,1953.1,1845.4,1862.5,1974.3,1926.3,1876.9,1942.3,1942.7,1738.1,1829.8,2033.9,2000.7,2035.3,2034.5,1890,1893.1,1980.5,1942.9,1792.7,1798.4,1870.2,1915.3,1996.6,1913.9,1725.5,1836.6,1925.7,1822.2,1796.9
1956.6,1953.1,1845.4,1862.5,1974.3,1926.3,1876.9,1942.3,1942.7,1738.1,1829.8,2033.9,2000.7,2035.3,2034.5,1890,1893.1,1980.5,1942.9,1792.7,1798.4,1870.2,1915.3,1996.6,1913.9,1725.5,1836.6,1925.7,1822.2,1796.9
1956.6,1953.1,1845.4,1862.5,1974.3,1926.3,1876.9,1942.3,1942.7,1737.7,1829.8,2033.9,2000.7,2035.3,2034.5,1890,1887.6,1980.5,1942.9,1792.7,1798.4,1870.2,1915.3,1996.6,1913.9,1725.5,1834.4,1925.7,1822.2,1796.9
1956.6,1953.1,1845.4,1862.5,1974.3,1926.3,1876.9,1938.4,1942.7,1737.7,1829.8,2033.9,2000.7,2035.3,2034.5,1890,1887.6,1980.5,1942.9,1792.7,1798.4,1870.2,1915.3,1996.6,1913.9,1725.5,1834.4,1925.7,1822.2,1796.9
1956.6,1953.1,1845.4,1862.5,1974.3,1926.3,1876.9,1935.4,1942.7,1734.4,1829.8,2033.9,2000.7,2035.3,2034.5,1890,1886.8,1980.5,1942.9,1792.7,1798.4,1870.2,1915.3,1996.6,1913.9,1725.5,1834.4,1925.7,1822.2,1796.9
1956.6,1953.1,1845.4,1862.5,1974.3,1926.3,1876.9,1935.4,1942.7,1734.4,1829.8,2033.9,2000.7,2035.3,2034.5,1890,1886.7,1980.5,1942.9,1792.7,1798.4,1870.2,1915.3,1996.6,1913.9,1725.5,1834.4,1925.7,1822.2,1796.9
1956.6,1953.1,1845.4,1849.9,1974.3,1926.3,1876.9,1935.1,1942.7,1734.4,1829.8,2033.9,2000.7,2035.3,2034.5,1890,1886.7,1978.6,1942.9,1792.7,1798.4,1870.2,1915.3,1996.6,1913.9,1725.5,1834.4,1925.7,1822.2,1796.9
1956.6,1953.1,1845.4,1849.9,1974.3,1926.3,1876.9,1935.1,1942.7,1734.4,1829.8,2033.9,2000.7,2035.3,2034.5,1890,1862.5,1978.6,1942.9,1792.7,1798.4,1870.2,1915.3,1996.6,1913.9,1725.5,1834.4,1925.7,1822.2,1796.9
1956.6,1953.1,1840,1849.9,1974.3,1926.3,1876.9,1935.1,1942.7,1734.4,1829.8,2033.9,2000.7,2035.3,2034.5,1890,1862.5,1978.6,1942.9,1792.7,1798.4,1870.2,1915.3,1996.6,1913.9,1725.5,1834.4,1925.7,1822.2,1796.9
1956.6,1953.1,1840,1849.9,1974.3,1926.3,1876.9,1935.1,1942.7,1734.4,1829.8,2033.9,2000.7,2035.3,2034.5,1890,1862.5,1978.6,1942.9,1792.7,1798.4,1870.2,1915.3,1996.6,1913.9,1725.5,1834.4,1925.7,1822.2,1796.9
1956.6,1953.1,1840,1849.9,1974.3,1926.3,1876.9,1935.1,1942.7,1734.4,1829.8,2033.9,2000.7,2035.3,2034.5,1890,1862.5,1978.6,1942.9,1792.7,1798.4,1870.2,1915.3,1996.6,1913.9,1725.5,1834.4,1925.7,1822.2,1796.9
1956.6,1953.1,1840,1849.9,1974.3,1917.6,1872.9,1935.1,1942.7,1734.4,1829.8,2033.9,2000.7,2035.3,2034.5,1890,1862.5,1974.2,1942.9,1792.7,1798.4,1870.2,1915.3,1996.6,1913.9,1725.5,1834.4,1925.7,1822.2,1796.9
1956.6,1953.1,1840,1849.9,1974.3,1917.6,1872.9,1935.1,1942.7,1734.4,1829.8,2033.9,2000.7,2028.2,2034.5,1890,1862.5,1974.2,1942.9,1792.7,1798.4,1870.2,1915.3,1996.6,1913.9,1725.5,1834.4,1925.7,1822.2,1796.9
1956.6,1953.1,1840,1849.9,1974.3,1917.6,1872.9,1935.1,1942.7,1734.4,1829.8,2033.9,2000.7,2028.2,2034.5,1890,1862.5,1974.2,1942.9,1792.7,1798.4,1870.2,1915.3,1996.6,1913.9,1725.5,1834.4,1925.7,1822.2,1796.9
1956.6,1953.1,1840,1849.9,1974.3,1917.6,1872.9,1935.1,1942.7,1734.4,1829.8,2033.9,2000.7,2028.2,2034.5,1890,1862.5,1974.2,1942.9,1792.7,1798.4,1870.2,1915.3,1996.6,1913.9,1725.5,1834.4,1925.7,1822.2,1796.9
1956.6,1953.1,1840,1849.9,1974.3,1917.6,1872.9,1935.1,1942.7,1734.4,1829.8,2033.9,2000.7,2028.2,2034.5,1890,1860,1974.2,1942.9,1792.7,1798.4,1870.2,1915.3,1996.6,1913.9,1725.5,1834.4,1925.7,1822.2,1796.9
1956.6,1953.1,1840,1849.9,1974.3,1917.6,1872.9,1935.1,1942.7,1734.4,1829.8,2033.9,2000.7,2028.2,2034.5,1890,1860,1974.2,1942.9,1792.7,1798.4,1870.2,1915.3,1996.6,1913.9,1725.5,1834.4,1925.7,1822.2,1796.9
1956.6,1953.1,1840,1849.9,1974.3,1917.6,1872.9,1935.1,1942.7,1734.4,1829.8,2033.9,2000.7,2028.2,2034.5,1890,1860,1974.2,1942.9,1792.7,1798.4,1870.2,1915.3,1996.6,1913.9,1725.5,1834.4,1925.7,1822.2,1796.9
1956.6,1953.1,1840,1849.9,1974.3,1917.6,1872.9,1934,1942.7,1734.4,1829.8,2033.9,2000.7,2028.2,2034.5,1890,1860,1974.2,1942.9,1792.7,1798.4,1870.2,1915.3,1996.6,1913.9,1725.5,1834.4,1925.7,1822.2,1796.9
1956.6,1953.1,1840,1849.9,1974.3,1917.6,1872.9,1929.6,1942.7,1734.4,1829.8,2033.9,2000.7,2028.2,2029.5,1890,1849.4,1974.2,1942.9,1792.7,1798.4,1865.9,1915.3,1996.6,1913.9,1725.5,1834.4,1925.7,1822.2,1796.9
1956.6,1953.1,1840,1849.9,1974.3,1917.6,1872.9,1921.7,1942.7,1734.4,1829.8,2033.9,2000.7,2028.2,2029.5,1890,1849.4,1974.2,1942.9,1792.7,1798.4,1865.9,1915.3,1996.6,1913.9,1725.5,1834.4,1925.7,1822.2,1796.9
1956.6,1953.1,1840,1849.9,1974.3,1917.6,1872.9,1921.7,1942.7,1734.4,1829.8,2033.9,2000.7,2028.2,2029.5,1890,1845.9,1974.2,1942.9,1792.7,1798.4,1865.9,1915.3,1996.6,1913.9,1725.5,1834.4,1925.7,1822.2,1796.9
1956.6,1953.1,1840,1849.9,1974.3,1917.4,1872.9,1921.7,1942.7,1734.4,1829.8,2033.9,2000.7,2028.2,2029.5,1890,1845.9,1974.2,1942.9,1792.7,1798.4,1865.9,1915.3,1996.6,1913.9,1725.5,1834.4,1925.7,1822.2,1796.9
1956.6,1953.1,1840,1849.9,1974.3,1916,1872.9,1921.7,1942.7,1734.4,1829.8,2033.9,2000.7,2028.2,2028,1890,1845.9,1974.2,1942.9,1792.7,1798.4,1865.8,1915.3,1996.6,1913.9,1725.5,1834.4,1925.7,1822.2,1796.9
1956.6,1953.1,1840,1849.9,1974.3,1916,1872.9,1921.7,1942.7,1734.4,1829.8,2033.9,2000.7,2028.2,2028,1890,1845.9,1974.2,1942.9,1792.7,1798.4,1865.8,1915.3,1996.6,1913.9,1725.5,1834.4,1925.7,1822.2,1796.9
1956.6,1953.1,1840,1849.9,1974.3,1916,1872.9,1921.7,1942.7,1733,1829.8,2033.9,2000.7,2028.2,2028,1890,1845,1974.2,1942.9,1792.7,1798.4,1862.8,1915.3,1996.6,1913.9,1725.5,1834.4,1925.7,1822.2,1796.9
1956.6,1953.1,1840,1849.9,1974.3,1916,1872.9,1921.7,1942.7,1733,1829.8,2033.9,2000.7,2028.2,2028,1890,1845,1974.2,1942.9,1792.7,1798.4,1862.8,1915.3,1996.6,1913.9,1725.5,1834.4,1925.7,1822.2,1796.9
1956.6,1953.1,1840,1849.9,1974.3,1915.3,1872.9,1921.7,1942.7,1732.4,1829.8,2033.9,2000.7,2028.2,2028,1890,1842.9,1974.2,1942.9,1792.7,1798.4,1862.6,1915.3,1996.6,1913.9,1725.5,1834.4,1925.7,1822.2,1796.9
1956.6,1953.1,1840,1849.9,1974.3,1915.3,1872.9,1921.7,1942.7,1732.4,1829.8,2033.9,2000.7,2028.2,2028,1890,1842.3,1974.2,1942.9,1792.7,1798.4,1857.1,1915.3,1996.6,1913.9,1725.5,1834.4,1925.7,1822.2,1796.9
1956.6,1953.1,1840,1849.9,1974.3,1915,1872.9,1921.7,1942.7,1732.4,1829.8,2033.9,2000.7,2028.2,2028,1890,1832.3,1974.2,1942.9,1792.7,1798.4,1857.1,1915.3,1996.6,1913.9,1725.5,1834.4,1925.7,1822.2,1796.9
1956.6,1953.1,1840,1849.9,1974.3,1915,1872.9,1921.7,1942.7,1732.3,1829.8,2033.9,2000.7,2028.2,2028,1890,1831.7,1974.2,1942.9,1792.7,1798.4,1857.1,1915.3,1996.6,1907.9,1725.5,1834.4,1925.7,1822.2,1796.9
1956.6,1953.1,1840,1849.9,1974.3,1915,1872.9,1921.7,1942.7,1732.1,1829.8,2033.9,2000.7,2028.2,2028,1890,1831.7,1974.2,1942.9,1792.7,1798.4,1849.5,1915.3,1996.6,1907.9,1725.5,1834.4,1925.7,1822.2,1796.9
1956.6,1953.1,1840,1849.9,1974.3,1915,1872.9,1921.7,1942.7,1732.1,1829.8,2033.9,2000.7,2028.2,2028,1890,1831.7,1974.2,1942.9,1792.7,1798.4,1849.5,1915.3,1996.6,1907.9,1725.5,1834.4,1925.7,1821,1796.9
1956.6,1953.1,1840,1849.9,1974.3,1915,1872.9,1921.7,1942.7,1732.1,1829.8,2033.9,2000.7,2028.2,2028,1890,1831.7,1970.3,1942.9,1792.7,1798.4,1849.5,1915.3,1996.6,1907.9,1725.5,1834.4,1925.7,1821,1796.9
1956.6,1953.1,1840,1849.9,1974.3,1915,1872.9,1921.7,1942.7,1732.1,1829.8,2033.9,2000.7,2028.2,2028,1890,1828.3,1970.3,1942.9,1792.7,1798.4,1849.5,1915.3,1996.6,1907.9,1725.5,1834.4,1925.7,1821,1796.9
1956.6,1953.1,1840,1849.9,1974.3,1913.7,1872.9,1921.7,1942.7,1732.1,1829.8,2033.9,2000.7,2028.2,2028,1890,1828.3,1970.3,1942.9,1792.7,1798.4,1849.5,1915.3,1996.6,1907.9,1725.5,1834.4,1925.7,1821,1796.9
1956.6,1953.1,1840,1849.9,1974.3,1913.7,1872.9,1921.7,1942.7,1732.1,1829.8,2033.9,2000.7,2028.2,2028,1890,1828.3,1970.3,1942.9,1792.7,1798.4,1849.5,1915.3,1996.6,1907.9,1725.5,1834.4,1925.7,1821,1796.9
1956.6,1953.1,1840,1849.9,1974.3,1913.7,1872.9,1921.7,1942.7,1732.1,1829.8,2033.9,2000.7,2028.2,2028,1890,1803.7,1970.3,1942.9,1792.7,1798.4,1849.5,1915.3,1996.6,1907.9,1725.5,1833.8,1925.7,1821,1796.9
1956.6,1953.1,1840,1849.9,1974.3,1913.7,1872.9,1921.7,1942.7,1732.1,1829.8,2033.9,2000.7,2028.2,2028,1890,1803.7,1970.3,1942.9,1792.7,1798.4,1849.5,1915.3,1996.6,1907.9,1725.5,1831,1925.7,1821,1796.9
1956.6,1953.1,1840,1849.9,1974.3,1913.7,1872.9,1921.7,1942.7,1732.1,1829.8,2033.9,2000.7,2028.2,2028,1890,1803.7,1970.3,1942.9,1792.7,1798.4,1849.5,1915.3,1996.6,1907.9,1725.5,1831,1925.7,1821,1796.9
1956.6,1953.1,1840,1849.9,1974.3,1913.7,1872.9,1921.7,1942.7,1732.1,1829.8,2033.9,2000.7,2028.2,2028,1890,1803.7,1970.3,1942.9,1792.7,1798.4,1842.1,1915.3,1996.6,1907.9,1725.5,1831,1925.7,1821,1796.9
1956.6,1953.1,1840,1849.9,1974.3,1910,1872.9,1921.7,1942.7,1732.1,1829.8,2033.9,2000.7,2028.2,2028,1890,1803.7,1970.3,1942.9,1792.7,1798.4,1838.8,1915.3,1996.6,1907.9,1725.5,1831,1925.7,1821,1796.9
1956.6,1953.1,1840,1849.9,1974.3,1910,1872.9,1921.7,1942.7,1732,1829.8,2033.9,2000.7,2028.2,2028,1890,1803.7,1970.3,1942.9,1792.7,1798.4,1831.6,1915.3,1996.6,1907.9,1725.5,1831,1925.7,1821,1796.9
1956.6,1953.1,1840,1849.9,1974.3,1910,1872.9,1921.7,1942.7,1732,1829.8,2033.9,2000.7,2028.2,2028,1890,1803.7,1970.3,1942.9,1792.7,1798.4,1831.6,1915.3,1996.6,1907.9,1725.5,1830.7,1925.7,1821,1796.9
1956.6,1953.1,1840,1849.9,1974.3,1910,1872.9,1909.5,1942.7,1732,1822.7,2033.9,2000.7,2028.2,2028,1890,1803.7,1970.3,1942.9,1792.7,1798.4,1831.6,1915.3,1996.6,1907.9,1725.5,1828.7,1925.7,1821,1796.9
1956.6,1953.1,1840,1849.9,1974.3,1910,1872.9,1909.5,1942.7,1730.8,1819,2033.9,2000.7,2028.2,2028,1890,1803.7,1970.3,1942.9,1792.7,1798.4,1831.6,1915.3,1996.6,1907.9,1725.5,1826,1925.7,1821,1796.9
1956.6,1953.1,1840,1849.9,1974.3,1910,1872.9,1909.5,1942.7,1730.8,1819,2033.9,2000.7,2028.2,2028,1890,1803.7,1970.3,1942.9,1792.7,1798.4,1831.6,1915.3,1996.6,1907.9,1725.5,1826,1925.7,1821,1796.9
1956.6,1953.1,1840,1849.9,1974.3,1910,1872.9,1909.5,1942.7,1730.8,1819,2033.9,2000.7,2028.2,2028,1890,1803.7,1970.3,1942.9,1792.7,1798.4,1831.6,1915.3,1996.6,1907.9,1725.5,1826,1925.7,1821,1796.9
1956.6,1953.1,1839.7,1849.9,1974.3,1910,1872.9,1909.5,1942.7,1730.8,1812.8,2033.9,2000.7,2028.2,2028,1890,1803.7,1970.3,1942.9,1792.7,1798.4,1831.6,1915.3,1996.6,1907.9,1725.5,1821.5,1925.7,1821,1796.9
1956.6,1953.1,1839.7,1849.9,1974.3,1910,1872.9,1909.5,1942.7,1730.8,1812.8,2033.9,2000.7,2028.2,2028,1890,1803.7,1970.3,1942.9,1792.7,1798.4,1831.6,1915.3,1996.6,1907.9,1725.5,1821.5,1925.7,1821,1796.9
1956.6,1953.1,1839.7,1849.9,1974.3,1910,1872.9,1909.5,1942.7,1730.8,1812.8,2033.9,2000.7,2028.2,2028,1890,1803.7,1970.3,1942.9,1792.7,1798.4,1831.5,1915.3,1996.6,1907.9,1725.5,1821.5,1925.7,1821,1796.9
1956.6,1953.1,1839.7,1849.9,1974.3,1910,1872.9,1909.5,1942.7,1730.8,1812.8,2033.9,2000.7,2028.2,2028,1890,1803.7,1970.3,1942.9,1792.7,1798.4,1831.5,1915.3,1996.6,1907.9,1725.5,1821.2,1925.7,1821,1796.9
1956.6,1953.1,1839.7,1849.9,1974.3,1910,1872.9,1909.5,1942.7,1730.8,1812.8,2033.9,2000.7,2028.2,2028,1890,1803.7,1970.3,1942.9,1792.7,1798.4,1827.2,1915.3,1996.6,1907.9,1725.5,1821.1,1925.7,1821,1796.9
1956.6,1953.1,1839.7,1849.9,1974.3,1910,1872.9,1909.5,1942.7,1730.8,1812.8,2033.9,2000.7,2028.2,2028,1890,1803.7,1970.3,1942.9,1792.7,1798.4,1826.7,1915.3,1996.6,1907.9,1725.5,1820.7,1925.7,1821,1796.9
1956.6,1953.1,1839.7,1849.9,1974.3,1910,1872.9,1909.5,1942.7,1730.8,1812.8,2033.9,2000.7,2028.2,2028,1890,1803.7,1970.3,1942.9,1792.7,1798.4,1826.7,1915.3,1996.6,1907.9,1725.5,1820.7,1925.7,1821,1796.9
1956.6,1953.1,1839.7,1849.9,1974.3,1910,1872.9,1909.5,1942.7,1726.1,1812.8,2033.9,2000.7,2028.2,2028,1890,1803.7,1970.3,1942.9,1792.7,1798.4,1824.3,1915.3,1996.6,1907.9,1725.5,1820.7,1925.7,1821,1796.9
1956.6,1953.1,1839.7,1849.9,1974.3,1910,1872.9,1909.5,1942.7,1726.1,1807.3,2033.9,2000.7,2028.2,2028,1890,1787.4,1970.3,1942.9,1792.7,1798.4,1824.3,1915.3,1996.6,1907.9,1725.5,1820.4,1925.7,1821,1796.9
1956.6,1953.1,1839.7,1849.9,1974.3,1910,1872.9,1909.5,1942.7,1726.1,1807.3,2033.9,2000.7,2028.2,2028,1890,1787.4,1970.3,1942.9,1792.7,1798.4,1823.4,1915.3,1996.6,1900,1725.5,1819.7,1925.7,1821,1796.9
1956.6,1953.1,1839.7,1849.9,1974.3,1910,1872.9,1909.5,1942.7,1726.1,1792,2033.9,2000.7,2028.2,2028,1890,1787.4,1970.3,1942.9,1792.7,1798.4,1819.2,1915.3,1996.6,1900,1725.5,1819.7,1925.7,1821,1796.9
1956.6,1953.1,1839.7,1849.9,1974.3,1910,1872.9,1909.5,1942.7,1726.1,1792,2033.9,2000.7,2028.2,2028,1890,1787.4,1970.3,1942.9,1792.7,1798.4,1819.2,1915.3,1996.6,1900,1725.5,1818.6,1925.7,1821,1796.9
1956.6,1953.1,1839.7,1849.9,1974.3,1910,1872.9,1909.5,1942.7,1726.1,1792,2033.9,2000.7,2028.2,2028,1890,1787.4,1970.3,1942.9,1792.7,1798.4,1817.6,1915.3,1996.6,1900,1725.5,1818.6,1925.7,1821,1796.9
1956.6,1953.1,1839.7,1849.9,1974.3,1910,1872.9,1909.5,1942.7,1725.9,1792,2033.9,2000.7,2028.2,2028,1890,1787.4,1970.3,1942.9,1792.7,1798.4,1817.5,1915.3,1996.6,1900,1725.5,1818,1925.7,1821,1796.9
1956.6,1953.1,1839.7,1849.9,1974.3,1910,1872.9,1909.5,1942.7,1725.9,1792,2033.9,2000.7,2028.2,2028,1890,1787.4,1970.3,1942.9,1792.7,1798.4,1817.5,1915.3,1996.6,1900,1725.5,1818,1925.7,1821,1796.9
1956.6,1953.1,1839.7,1849.9,1974.3,1910,1872.9,1909.5,1942.7,1725.9,1792,2033.9,2000.7,2028.2,2028,1890,1787.4,1970.3,1942.9,1792.7,1798.4,1817.5,1915.3,1996.6,1900,1725.5,1818,1925.7,1821,1796.9
1956.6,1953.1,1839.7,1849.9,1974.3,1907.2,1872.9,1909.5,1942.7,1725.9,1792,2033.9,2000.7,2028.2,2028,1890,1787.4,1970.3,1942.9,1792.7,1798.4,1817.5,1915.3,1996.6,1900,1725.5,1818,1925.7,1821,1796.9
1956.6,1953.1,1839.7,1849.9,1974.3,1907.2,1872.9,1909.5,1942.7,1725.9,1792,2033.9,2000.7,2028.2,2028,1890,1787.4,1970.3,1942.9,1792.7,1798.4,1817.5,1915.3,1996.6,1900,1725.5,1818,1925.7,1821,1796.9
1956.6,1953.1,1839.7,1849.9,1974.3,1907.2,1872.9,1909.5,1942.7,1725.9,1792,2033.9,2000.7,2028.2,2028,1890,1787.4,1970.3,1942.9,1792.7,1798.4,1817.5,1915.3,1996.6,1900,1725.5,1814.6,1925.7,1821,1796.9
1956.6,1953.1,1839.7,1849.9,1974.3,1907.2,1872.9,1909.5,1942.7,1725.9,1792,2033.9,2000.7,2028.2,2028,1890,1787.4,1970.3,1942.9,1792.7,1798.4,1817.5,1915.3,1996.6,1900,1725.5,1814.5,1925.7,1821,1796.9
1956.6,1953.1,1839.7,1849.9,1974.3,1907.2,1872.9,1909.5,1942.7,1725.9,1792,2033.9,2000.7,2028.2,2028,1890,1787.4,1970.3,1942.9,1792.7,1798.4,1817.2,1915.3,1996.6,1900,1725.5,1814.3,1925.7,1821,1796.9
1956.6,1953.1,1839.7,1849.9,1974.3,1907.2,1872.9,1909.5,1942.7,1725.9,1792,2033.9,2000.7,2028.2,2028,1890,1787.4,1970.3,1942.9,1792.7,1798.4,1817.2,1915.3,1996.6,1900,1725.5,1813.8,1925.7,1821,1796.9
1956.6,1953.1,1839.7,1849.9,1974.3,1907.2,1872.9,1909.5,1942.7,1719.6,1792,2033.9,2000.7,2028.2,2028,1890,1787.4,1970.3,1942.9,1792.7,1798.4,1817.2,1915.3,1996.6,1879.6,1725.5,1813.8,1925.7,1821,1796.9
1956.6,1953.1,1839.7,1849.9,1974.3,1907.2,1872.9,1909.5,1942.7,1710.9,1792,2033.9,2000.7,2028.2,2028,1890,1787.4,1970.3,1942.9,1792.7,1798.4,1814.4,1915.3,1996.6,1877.1,1725.5,1812.7,1925.7,1821,1796.9
1956.6,1953.1,1839.7,1849.9,1974.3,1907.2,1872.9,1909.5,1942.7,1710.9,1792,2033.9,2000.7,2028.2,2028,1890,1787.4,1970.3,1942.9,1792.7,1798.4,1814.4,1915.3,1996.6,1877.1,1725.5,1812.4,1925.7,1821,1796.9
1956.6,1953.1,1839.7,1849.9,1974.3,1907.2,1872.9,1909.5,1942.7,1710.9,1792,2033.9,2000.7,2028.2,2028,1890,1787.4,1970.3,1942.9,1792.7,1798.4,1813.2,1915.3,1996.6,1877.1,1725.5,1812.4,1925.7,1821,1796.9
1956.6,1953.1,1839.7,1849.9,1974.3,1907.2,1872.9,1909.5,1942.7,1710.9,1792,2033.9,2000.7,2028.2,2028,1890,1787.4,1970.3,1942.9,1792.7,1798.4,1811.3,1915.3,1996.6,1877.1,1725.5,1812.4,1925.7,1821,1796.9
1956.6,1953.1,1839.7,1849.9,1974.3,1907.2,1872.9,1909.5,1942.7,1710.9,1792,2033.9,2000.7,2028.2,2028,1890,1787.4,1970.3,1942.9,1792.7,1798.4,1810.7,1915.3,1996.6,1877.1,1725.5,1812.4,1925.7,1821,1796.9
1956.6,1953.1,1839.7,1847.7,1974.3,1907.2,1872.9,1908.8,1942.7,1710.9,1792,2033.9,2000.7,2028.2,2028,1890,1787.4,1970.3,1942.9,1792.7,1798.4,1810.7,1915.3,1996.6,1877.1,1725.5,1812.4,1925.7,1821,1796.9
1956.6,1953.1,1839.7,1847.7,1974.3,1907.2,1872.9,1903.7,1942.7,1710.9,1792,2033.9,2000.7,2028.2,2028,1890,1787.4,1970.3,1942.9,1792.7,1798.4,1808,1915.3,1996.6,1877.1,1725.5,1812.4,1925.7,1821,1796.9
1956.6,1953.1,1839.7,1847.7,1974.3,1907.2,1872.9,1902.9,1942.7,1710.9,1792,2033.9,2000.7,2028.2,2028,1890,1787.4,1970.3,1942.9,1792.7,1798.4,1804.9,1915.3,1996.6,1877.1,1725.5,1812.4,1925.7,1821,1796.9
1956.6,1953.1,1839.7,1838.9,1974.3,1907.2,1872.9,1899.8,1942.7,1710.9,1792,2033.9,2000.7,2028.2,2028,1890,1787.4,1970.3,1942.9,1792.7,1798.4,1804.9,1915.3,1996.6,1877.1,1725.5,1812.4,1925.7,1821,1796.9
1956.6,1953.1,1839.7,1838.9,1974.3,1907.2,1872.9,1896.1,1942.7,1710.9,1792,2033.9,2000.7,2028.2,2028,1890,1785.9,1970.3,1942.9,1792.7,1798.4,1804.5,1915.3,1996.6,1877.1,1725.5,1812.4,1925.7,1821,1796.9
1956.6,1953.1,1839.7,1838.9,1974.3,1907.2,1872.9,1896.1,1942.7,1703.2,1792,2033.9,2000.7,2028.2,2028,1890,1785.9,1970.3,1942.9,1792.7,1798.4,1804.5,1915.3,1996.6,1877.1,1725.5,1811.8,1925.7,1821,1796.9
1956.6,1953.1,1839.7,1838.9,1974.3,1907.2,1872.9,1896.1,1942.7,1703.1,1792,2033.9,2000.7,2028.2,2028,1890,1779.2,1970.3,1942.9,1792.7,1798.4,1800.5,1915.3,1996.6,1877.1,1725.5,1811.8,1925.7,1821,1796.9
1956.6,1953.1,1839.7,1838.9,1974.3,1907.2,1872.9,1896.1,1942.7,1703.1,1792,2033.9,2000.7,2028.2,2028,1890,1779.2,1970.3,1942.9,1792.7,1798.4,1793.1,1915.3,1996.6,1877.1,1725.5,1811.8,1925.7,1821,1796.9
1956.6,1953.1,1839.7,1838.9,1974.3,1907.2,1872.9,1896.1,1942.7,1703.1,1792,2033.9,2000.7,2028.2,2028,1890,1769.1,1970.3,1942.9,1792.7,1798.4,1792.8,1915.3,1996.6,1877.1,1725.5,1811.8,1925.7,1821,1796.9
1956.6,1953.1,1839.7,1838.9,1974.3,1907.2,1872.9,1896.1,1942.7,1703,1792,2033.9,2000.7,2028.2,2028,1890,1769.1,1970.3,1942.9,1792.7,1798.4,1787.5,1915.3,1996.6,1877.1,1725.5,1811.8,1925.7,1821,1796.9
1956.6,1953.1,1839.7,1838.9,1974.3,1907.2,1872.9,1896.1,1942.7,1702.7,1792,2033.9,2000.7,2028.2,2028,1890,1764.5,1970.3,1942.9,1792.7,1798.4,1787.5,1915.3,1996.6,1877.1,1725.5,1811.7,1925.7,1821,1796.9
1956.6,1953.1,1839.7,1838.9,1974.3,1907.2,1872.9,1891.6,1942.7,1700.3,1792,2033.9,2000.7,2028.2,2028,1890,1764.5,1970.3,1942.9,1792.7,1798.4,1787.5,1915.3,1996.6,1877.1,1725.5,1811.7,1925.7,1821,1796.9
1956.6,1953.1,1839.7,1838.9,1974.3,1907.2,1872.9,1891.6,1942.7,1700.2,1792,2033.9,2000.7,2028.2,2028,1890,1764.5,1970.3,1942.9,1792.7,1798.4,1787.5,1915.3,1996.6,1877.1,1725.5,1810.7,1925.7,1821,1796.9
1956.6,1953.1,1839.7,1838.9,1974.3,1907.2,1872.9,1891.6,1942.7,1699,1792,2033.9,2000.7,2028.2,2028,1890,1764.5,1970.3,1942.9,1792.7,1798.4,1787.5,1915.3,1996.6,1877.1,1725.5,1809.4,1925.7,1821,1796.9
1956.6,1953.1,1839.7,1838.9,1974.3,1907.2,1872.9,1891.6,1942.7,1699,1792,2033.9,2000.7,2028.2,2028,1890,1764.5,1970.3,1942.9,1792.7,1798.4,1787.5,1915.3,1996.6,1877.1,1725.5,1809.4,1925.7,1821,1796.9
1956.6,1953.1,1839.7,1838.9,1974.3,1907.2,1868.9,1891.6,1942.7,1699,1792,2033.9,2000.7,2028.2,2028,1890,1764.5,1970.3,1942.9,1792.7,1798.4,1787.5,1915.3,1996.6,1877.1,1725.5,1809.4,1925.7,1821,1796.9
1956.6,1953.1,1839.7,1838.9,1974.3,1907.2,1868.9,1891.6,1942.7,1699,1792,2033.9,2000.7,2028.2,2028,1890,1764.5,1970.3,1942.9,1792.7,1798.4,1787.5,1915.3,1996.6,1877.1,1725.5,1807.5,1925.7,1821,1796.9
1956.6,1953.1,1839.7,1838.9,1974.3,1907.2,1868.9,1878.4,1942.7,1699,1792,2033.9,2000.7,2028.2,2028,1890,1764.5,1970.3,1942.9,1792.7,1798.4,1787.5,1915.3,1996.6,1877.1,1725.5,1807.5,1925.7,1821,1796.9
1956.6,1953.1,1839.7,1838.9,1974.3,1907.2,1868.9,1878.4,1942.7,1699,1792,2033.9,2000.7,2028.2,2028,1890,1764.5,1970.3,1942.9,1792.7,1798.4,1787.5,1915.3,1996.6,1877.1,1725.5,1807.5,1925.7,1821,1796.9
1956.6,1953.1,1839.7,1838.9,1974.3,1907.2,1868.9,1878.4,1942.7,1699,1792,2033.9,2000.7,2028.2,2028,1890,1764.5,1970.3,1942.9,1792.7,1798.4,1787.5,1915.3,1996.6,1877.1,1725.5,1807.5,1925.7,1821,1796.9
1956.6,1953.1,1839.7,1838.9,1974.3,1907.2,1868.9,1878.4,1942.7,1699,1792,2033.9,2000.7,2028.2,2028,1890,1764.5,1970.3,1942.9,1792.7,1798.4,1782.3,1915.3,1996.6,1877.1,1725.5,1807.5,1925.7,1821,1796.9
1956.6,1953.1,1839.7,1838.9,1974.3,1906.8,1868.9,1878.4,1942.7,1699,1792,2033.9,2000.7,2028.2,2028,1890,1764.5,1970.3,1942.9,1792.7,1798.4,1782.3,1915.3,1996.6,1877.1,1725.5,1807.5,1925.7,1821,1796.9
1956.6,1953.1,1839.7,1838.9,1974.3,1906.8,1868.9,1878.4,1942.7,1699,1792,2033.9,2000.7,2028.2,2028,1890,1764.5,1970.3,1942.9,1792.7,1798.4,1778.9,1915.3,1996.6,1877.1,1725.5,1807.5,1925.7,1821,1796.9
1956.6,1953.1,1839.7,1838.9,1974.3,1906.8,1868.9,1878.4,1942.7,1695.1,1792,2033.9,2000.7,2028.2,2028,1890,1764.5,1970.3,1942.9,1792.7,1798.4,1778.9,1915.3,1996.6,1877.1,1725.5,1807.5,1925.7,1821,1796.9
1956.6,1953.1,1839.7,1838.9,1974.3,1906.8,1868.9,1871.2,1942.7,1694.3,1792,2033.9,2000.7,2028.2,2028,1890,1764.5,1970.3,1942.9,1792.7,1798.4,1777.6,1915.3,1996.6,1877.1,1725.5,1807.5,1925.7,1821,1796.9
1956.6,1953.1,1839.7,1838.9,1974.3,1906.8,1868.9,1871.2,1942.7,1694,1792,2033.9,2000.7,2028.2,2028,1890,1764.5,1970.3,1942.9,1792.7,1798.4,1777.6,1915.3,1996.6,1877.1,1725.5,1807.5,1925.7,1821,1796.9
1956.6,1953.1,1839.7,1837.9,1974.3,1906.8,1868.9,1871.2,1942.7,1694,1775.8,2033.9,2000.7,2028.2,2028,1890,1764.5,1970.3,1942.9,1792.7,1798.4,1775,1915.3,1996.6,1877.1,1725.5,1807,1925.7,1821,1796.9
1956.6,1953.1,1839.7,1835.9,1974.3,1906.8,1868.9,1871.2,1942.7,1692.6,1775.8,2033.9,2000.7,2028.2,2028,1890,1764.5,1969.6,1942.9,1792.7,1798.4,1775,1915.3,1996.6,1877.1,1725.5,1807,1925.7,1821,1796.9
1956.6,1953.1,1839.7,1835.2,1974.3,1906.8,1868.9,1869.7,1942.7,1692.6,1775.8,2033.9,2000.7,2028.2,2028,1890,1764.5,1969.6,1942.9,1792.7,1798.4,1775,1915.3,1996.6,1877.1,1725.5,1807,1925.7,1821,1796.9
1956.6,1953.1,1839.7,1830.5,1974.3,1906.8,1868.9,1865.7,1942.7,1692.6,1775.8,2033.9,2000.7,2028.2,2028,1890,1764.5,1969.6,1942.9,1792.7,1798.4,1775,1915.3,1996.6,1877.1,1725.5,1807,1925.7,1821,1796.9
1956.6,1953.1,1839.7,1830.5,1974.3,1906.8,1868.9,1865.7,1942.7,1692.6,1775.8,2033.9,2000.7,2028.2,2028,1890,1764.5,1969.6,1942.9,1792.7,1798.4,1775,1915.3,1996.6,1877.1,1713.8,1807,1925.7,1821,1796.9
1956.6,1953.1,1839.7,1830.5,1974.3,1906.8,1868.9,1865.7,1942.7,1692.6,1775.8,2033.9,2000.7,2028.2,2028,1890,1764.5,1969.6,1942.9,1792.7,1798.4,1775,1915.3,1996.6,1877.1,1713.8,1807,1925.7,1821,1796.9
1956.6,1953.1,1839.7,1830.5,1974.3,1906.8,1868.9,1865.7,1942.7,1691.3,1775.8,2033.9,2000.7,2028.2,2028,1890,1764.5,1968.4,1942.9,1792.7,1798.4,1775,1915.3,1996.6,1877.1,1713.8,1807,1925.7,1821,1796.9
1956.6,1953.1,1839.7,1830.5,1974.3,1906.8,1868.9,1865.7,1942.7,1690.3,1775.8,2033.9,2000.7,2028.2,2028,1890,1764.5,1961.8,1942.9,1792.7,1798.4,1773.3,1915.3,1996.6,1877.1,1713.8,1807,1925.7,1821,1796.9
1956.6,1953.1,1839.7,1830.5,1974.3,1906.8,1868.9,1865.7,1942.7,1690.3,1775.8,2033.9,2000.7,2028.2,2028,1890,1764.5,1961.8,1942.9,1792.7,1798.4,1773.3,1915.3,1996.6,1877.1,1713.8,1807,1925.7,1821,1796.9
1956.6,1953.1,1839.7,1830.5,1974.3,1906.8,1868.9,1865.7,1942.7,1686.2,1775.8,2033.9,2000.7,2028.2,2028,1890,1764.5,1961,1942.9,1792.7,1798.4,1773.3,1915.3,1996.6,1877.1,1713.8,1807,1925.7,1821,1796.9
1956.6,1953.1,1839.7,1830.5,1974.3,1906.8,1868.9,1865.7,1942.7,1684.3,1775.8,2033.9,2000.7,2028.2,2028,1890,1764.5,1960.7,1942.9,1792.7,1798.4,1773.3,1915.3,1996.6,1877.1,1713.8,1804.8,1925.7,1821,1796.9
1956.6,1953.1,1839.7,1830.5,1974.3,1906.8,1868.9,1865.7,1942.7,1676.8,1775.8,2033.9,2000.7,2028.2,2028,1890,1764.5,1955.9,1942.9,1792.7,1798.4,1773.3,1915.3,1996.6,1877.1,1713.8,1804.8,1925.7,1821,1796.9
1956.6,1953.1,1839.7,1830.5,1974.3,1906.8,1868.9,1865.7,1942.7,1676.7,1775.8,2033.9,2000.7,2028.2,2028,1890,1764.5,1955.9,1942.9,1792.7,1798.4,1773.2,1915.3,1996.6,1877.1,1713.8,1804.8,1925.7,1821,1796.9
1956.6,1953.1,1839.7,1830.5,1974.3,1902.8,1868.9,1865.7,1942.7,1676.7,1775.8,2033.9,2000.7,2028.2,2028,1890,1764.5,1955.9,1942.9,1792.7,1798.4,1773.2,1915.3,1996.6,1877.1,1713.8,1804.8,1925.7,1821,1796.9
1956.6,1953.1,1839.7,1830.5,1974.3,1902.8,1868.9,1865.7,1942.7,1673.5,1775.8,2033.9,2000.7,2028.2,2028,1890,1764.5,1955.9,1942.9,1792.7,1798.4,1771.9,1915.3,1996.6,1877.1,1713.8,1804.8,1925.7,1821,1796.9
1956.6,1953.1,1839.7,1830.5,1974.3,1902.6,1868.9,1865.7,1942.7,1672.5,1775.8,2033.9,2000.7,2028.2,2028,1890,1764.5,1955.5,1942.9,1792.7,1798.4,1771.5,1915.3,1996.6,1877.1,1713.8,1804.8,1925.7,1821,1796.9
1956.6,1953.1,1839.7,1830.5,1974.3,1902.6,1868.9,1865.7,1942.7,1672.5,1775.8,2033.9,2000.7,2028.2,2028,1890,1764.5,1955.5,1942.9,1792.7,1798.4,1770.1,1915.3,1996.6,1877.1,1713.8,1804.8,1925.7,1821,1796.9
1956.6,1953.1,1839.7,1830.5,1974.3,1902.6,1868.9,1865.7,1942.7,1672.5,1775.8,2033.9,2000.7,2028.2,2028,1890,1764.5,1954.6,1942.9,1792.7,1798.4,1769.4,1915.3,1996.6,1877.1,1713.8,1804.8,1925.7,1821,1796.9
1956.6,1953.1,1839.7,1830.5,1974.3,1902.6,1868.9,1841.7,1942.7,1672,1775.8,2033.9,2000.7,2028.2,2028,1890,1764.5,1954.6,1942.9,1792.7,1798.4,1769.4,1915.3,1996.6,1877.1,1713.8,1804.2,1925.7,1821,1796.9
1956.6,1953.1,1839.7,1830.5,1974.3,1902.6,1868.9,1841.7,1942.7,1671.8,1775.8,2033.9,2000.7,2028.2,2028,1890,1747.6,1954.6,1942.9,1792.7,1798.4,1769.4,1915.3,1996.6,1877.1,1713.8,1804.2,1925.7,1821,1796.9
1956.6,1953.1,1839.7,1830.5,1974.3,1902,1868.9,1841.7,1942.7,1669.6,1775.8,2033.9,2000.7,2028.2,2028,1890,1747.6,1954.6,1942.9,1792.7,1798.4,1769.4,1915.3,1996.6,1877.1,1713.8,1803.9,1925.7,1821,1796.9
1956.6,1953.1,1839.7,1830.5,1974.3,1902,1868.9,1841.7,1942.7,1669.6,1775.8,2033.9,2000.7,2028.2,2028,1890,1747.6,1951.7,1942.9,1792.7,1798.4,1769.4,1915.3,1996.6,1877.1,1713.8,1803.9,1925.7,1821,1796.9
1956.6,1953.1,1839.7,1828.9,1974.3,1897.4,1868.9,1841.7,1942.7,1663.2,1775.8,2033.9,2000.7,2028.2,2028,1890,1747.6,1949.7,1942.9,1792.7,1798.4,1768,1915.3,1996.6,1877.1,1713.8,1803.9,1925.7,1821,1796.9
1956.6,1953.1,1839.7,1828.9,1974.3,1897.4,1868.9,1841.7,1942.7,1663.2,1775.8,2033.9,2000.7,2028.2,2028,1890,1747.6,1949.7,1942.9,1792.7,1798.4,1767.5,1915.3,1996.6,1877.1,1713.8,1803.7,1925.7,1821,1796.9
1956.6,1953.1,1839.7,1828.9,1974.3,1896.2,1868.9,1841.7,1942.7,1661.6,1775.8,2033.9,2000.7,2028.2,2028,1890,1747.6,1949.7,1942.9,1792.7,1798.4,1767.5,1915.3,1996.6,1877.1,1713.8,1799.2,1925.7,1821,1796.9
1956.6,1953.1,1839.7,1827.2,1974.3,1896.2,1868.9,1841.7,1942.7,1660.5,1775.8,2033.9,2000.7,2028.2,2028,1890,1747.6,1949.7,1942.9,1792.7,1798.4,1767.5,1915.3,1996.6,1877.1,1713.8,1799.2,1925.7,1821,1796.9
1956.6,1953.1,1839.7,1827,1974.3,1895.5,1868.9,1841.7,1942.7,1660.4,1775.8,2033.9,2000.7,2028.2,2028,1890,1747.6,1949.7,1942.9,1792.7,1798.4,1767.5,1915.3,1996.6,1877.1,1713.8,1799.2,1925.7,1821,1796.9
1956.6,1953.1,1839.7,1827,1974.3,1881.8,1868.9,1841.7,1942.7,1653.1,1775.8,2033.9,2000.7,2028.2,2028,1890,1747.6,1949.7,1942.9,1792.7,1798.4,1764.7,1915.3,1996.6,1877.1,1713.8,1797.5,1925.7,1821,1796.9
1956.6,1953.1,1839.7,1827,1974.3,1881.8,1868.9,1841.7,1942.7,1651.9,1775.8,2033.9,2000.7,2028.2,2028,1890,1747.6,1949.7,1942.9,1792.7,1798.4,1764.7,1915.3,1996.6,1877.1,1709.3,1797.5,1925.7,1821,1796.9
1956.6,1953.1,1839.7,1825.2,1974.3,1881.8,1868.9,1841.7,1942.7,1650.7,1775.8,2033.9,2000.7,2028.2,2028,1890,1747.6,1949.7,1942.9,1792.7,1798.4,1764.7,1915.3,1996.6,1877.1,1706,1794.8,1925.7,1821,1796.9
1956.6,1953.1,1839.7,1825.2,1974.3,1881.6,1868.9,1841.7,1942.7,1650.7,1775.8,2033.9,2000.7,2028.2,2028,1890,1747.6,1949.7,1942.9,1792.7,1798.4,1764.7,1915.3,1996.6,1877.1,1706,1794.8,1925.7,1821,1796.9
1956.6,1953.1,1839.7,1825.2,1974.3,1881.6,1868.9,1841.7,1942.7,1650.7,1775.8,2033.9,2000.7,2028.2,2028,1890,1747.6,1949.3,1942.9,1792.7,1798.4,1760.3,1915.3,1996.6,1877.1,1706,1794.8,1925.7,1821,1796.9
1956.6,1953.1,1839.7,1825.2,1974.3,1875.9,1868.9,1841.7,1942.7,1650.7,1775.8,2033.9,2000.7,2028.2,2028,1890,1747.6,1949.3,1942.9,1792.7,1798.4,1760.2,1915.3,1996.6,1877.1,1706,1794.7,1925.7,1821,1796.9
1956.6,1953.1,1839.7,1824.9,1974.3,1875.9,1868.9,1841.7,1942.7,1650.7,1775.8,2033.9,2000.7,2028.2,2028,1890,1747.6,1948.3,1942.9,1792.7,1798.4,1760.2,1915.3,1996.6,1877.1,1706,1794.7,1925.7,1821,1796.9
1956.6,1953.1,1839.7,1824.9,1974.3,1875.9,1868.9,1841.7,1942.7,1650.7,1775.8,2033.9,2000.7,2028.2,2028,1890,1743.8,1948.3,1942.9,1792.7,1798.4,1756.7,1915.3,1996.6,1877.1,1706,1794.7,1925.7,1821,1796.9
1956.6,1953.1,1839.7,1824.7,1974.3,1875.9,1868.9,1841.7,1942.7,1649.4,1775.8,2033.9,2000.7,2028.2,2028,1890,1743.8,1948.3,1942.9,1792.7,1798.4,1756.7,1915.3,1996.6,1877.1,1706,1794.7,1925.7,1821,1796.9
1956.6,1953.1,1839.7,1824.7,1974.3,1875.9,1868.9,1841.7,1942.7,1649.4,1775.8,2033.9,2000.7,2028.2,2028,1890,1733.1,1948.3,1942.9,1792.7,1798.4,1751.1,1915.3,1996.6,1877.1,1706,1794.7,1925.7,1821,1796.9
1956.6,1953.1,1839.7,1824.7,1974.3,1875.9,1868.9,1841.7,1942.7,1649.4,1775.8,2033.9,2000.7,2028.2,2028,1890,1733.1,1939.1,1942.9,1792.7,1798.4,1751.1,1915.3,1996.6,1877.1,1706,1793.1,1925.7,1821,1796.9
1956.6,1953.1,1839.7,1822.7,1974.3,1869.2,1868.9,1841.7,1942.7,1645.7,1775.8,2033.9,2000.7,2028.2,2028,1890,1733.1,1939.1,1942.9,1792.7,1798.4,1751.1,1915.3,1996.6,1877.1,1706,1793.1,1925.7,1821,1796.9
1956.6,1953.1,1839.7,1822.7,1974.3,1869.2,1868.9,1841.7,1942.7,1641.6,1775.8,2033.9,2000.7,2028.2,2028,1890,1733.1,1939.1,1942.9,1792.7,1798.4,1751.1,1915.3,1996.6,1877.1,1706,1793.1,1925.7,1821,1796.9
1956.6,1953.1,1839.7,1822.7,1974.3,1869.2,1868.9,1841.7,1942.7,1638.6,1775.8,2033.9,2000.7,2028.2,2028,1890,1733.1,1939.1,1942.9,1792.7,1798.4,1751.1,1915.3,1996.6,1877.1,1706,1793.1,1925.7,1821,1796.9
1956.6,1953.1,1839.7,1822.1,1974.3,1869.2,1868.9,1841.7,1942.7,1633.5,1775.8,2033.9,2000.7,2028.2,2028,1890,1727,1939,1942.9,1792.7,1798.4,1750.5,1915.3,1996.6,1877.1,1706,1793.1,1925.7,1821,1796.9
1956.6,1953.1,1839.7,1822.1,1974.3,1869.2,1868.9,1841.7,1942.7,1633.5,1775.8,2033.9,2000.7,2028.2,2028,1890,1727,1939,1942.9,1792.7,1798.4,1750.1,1915.3,1996.6,1877.1,1704.7,1793.1,1925.7,1821,1796.9
1956.6,1953.1,1839.7,1821.1,1974.3,1869.2,1868.9,1841.7,1942.7,1632.5,1775.8,2033.9,2000.7,2028.2,2028,1890,1727,1939,1942.9,1792.7,1798.4,1749.8,1915.3,1996.6,1877.1,1704.7,1793.1,1925.7,1821,1796.9
1956.6,1953.1,1839.7,1820.3,1974.3,1869.2,1868.9,1841.7,1942.7,1632.5,1775.8,2033.9,2000.7,2028.2,2028,1890,1722,1939,1942.9,1792.7,1798.4,1749.7,1915.3,1996.6,1877.1,1704.7,1793.1,1925.7,1821,1796.9
1956.6,1953.1,1839.7,1819.9,1974.3,1869.2,1868.9,1841.7,1942.7,1627.6,1775.8,2033.9,2000.7,2028.2,2028,1890,1717.4,1939,1942.9,1792.7,1798.4,1749.7,1915.3,1996.6,1877.1,1704.7,1793.1,1925.7,1821,1796.9
1956.6,1953.1,1839.7,1819.9,1974.3,1869.2,1868.9,1841.7,1942.7,1627.6,1775.8,2033.9,2000.7,2028.2,2028,1890,1710,1939,1942.9,1792.7,1798.4,1749.7,1915.3,1996.6,1877.1,1704.7,1793.1,1925.7,1821,1796.9
1956.6,1953.1,1839.7,1819.9,1974.3,1869.2,1868.9,1841.7,1942.7,1627.6,1775.8,2033.9,2000.7,2028.2,2028,1890,1694.7,1939,1942.9,1792.7,1798.4,1749.7,1915.3,1996.6,1877.1,1704.7,1793.1,1925.7,1821,1796.9
1956.6,1953.1,1839.7,1819.9,1974.3,1869.2,1868.9,1841.7,1942.7,1627.6,1775.8,2033.9,2000.7,2028.2,2028,1890,1692.3,1937.6,1942.9,1792.7,1798.4,1749.7,1915.3,1996.6,1877.1,1704.7,1793.1,1925.7,1821,1796.9
1956.6,1953.1,1839.7,1819.9,1974.3,1869.2,1868.9,1841.7,1942.7,1627.6,1775.8,2033.9,2000.7,2028.2,2028,1890,1692.3,1937.6,1942.9,1792.7,1798.4,1749.4,1915.3,1996.6,1877.1,1704.7,1793.1,1925.7,1821,1796.9
1956.6,1953.1,1839.7,1819.9,1974.3,1869.2,1868.9,1841.7,1942.7,1627.6,1775.8,2033.9,2000.7,2028.2,2028,1890,1692.1,1937.1,1942.9,1792.7,1798.4,1749.4,1915.3,1996.6,1877.1,1704.7,1793.1,1925.7,1821,1796.9
1956.6,1953.1,1839.7,1819.9,1974.3,1863.4,1868.9,1841.7,1942.7,1627.6,1775.8,2033.9,2000.7,2028.2,2028,1890,1681.3,1937.1,1942.9,1792.7,1798.4,1749.4,1915.3,1996.6,1877.1,1704.7,1793.1,1925.7,1821,1796.9
1956.6,1953.1,1839.7,1819.9,1974.3,1863.4,1868.9,1841.7,1942.7,1627.6,1775.8,2033.9,2000.7,2028.2,2028,1890,1681.3,1935,1942.9,1792.7,1798.4,1749.4,1915.3,1996.6,1877.1,1704.7,1793.1,1925.7,1821,1796.9
1956.6,1953.1,1839.7,1819.9,1974.3,1863.4,1868.9,1841.7,1942.7,1627.6,1775.8,2033.9,2000.7,2028.2,2028,1890,1681.3,1935,1942.9,1792.7,1798.4,1749.4,1915.3,1996.6,1877.1,1704.7,1793.1,1925.7,1821,1796.9
1956.6,1953.1,1839.7,1819.9,1974.3,1863.4,1868.9,1841.7,1942.7,1627.6,1775.8,2033.9,2000.7,2028.2,2028,1890,1658.9,1935,1942.9,1792.7,1798.4,1749.4,1915.3,1996.6,1877.1,1704.7,1793.1,1925.7,1821,1796.9
1956.6,1953.1,1839.7,1819.9,1974.3,1863.4,1868.9,1841.7,1942.7,1627.6,1775.8,2033.9,2000.7,2028.2,2028,1890,1658.9,1935,1942.9,1792.7,1798.4,1749.3,1915.3,1996.6,1877.1,1704.7,1793.1,1925.7,1821,1796.9
1956.6,1953.1,1839.7,1819.9,1974.3,1863.4,1868.9,1841.7,1942.7,1627.6,1775.8,2033.9,2000.7,2028.2,2028,1890,1658.9,1935,1942.9,1792.7,1798.4,1749.2,1915.3,1996.6,1877.1,1703.4,1793.1,1925.7,1821,1796.9
1956.6,1953.1,1839.7,1819.9,1974.3,1863.4,1868.9,1841.7,1942.7,1627.4,1775.8,2033.9,2000.7,2028.2,2028,1890,1658.9,1935,1942.9,1792.7,1798.4,1748.4,1915.3,1996.6,1877.1,1703.4,1793.1,1925.7,1821,1796.9
1956.6,1953.1,1839.7,1819.9,1974.3,1863.4,1868.9,1841.7,1942.7,1627.4,1775.8,2033.9,2000.7,2028.2,2028,1890,1658.9,1935,1942.9,1792.7,1798.4,1748.1,1915.3,1996.6,1877.1,1703.4,1793.1,1925.7,1821,1796.9
