2157,2645.8,2532.3,2709.8,2197.6,2430.3,2457.7,2067.2,2534.2,2485.7,2500.6,2324.8,2368.5,2360.7,2413.9,2485.6,2495.6,2359.4,2236.4,2433.1,2490,2299.8,2196.2,2463.3,2558.3,2598.5,2304.5,2416.9,2256.8,2339.1
1651.9,2055.7,1973.8,1958.1,1530.9,1723.3,1837.4,1653.9,1945.5,1792.6,1858.6,1735.2,1800.1,1810.6,1872.5,1894.2,1908.6,1673.1,1698.4,1746.7,1899.3,1779,1849.5,1929.6,2004.4,2050.1,2212.1,1887.4,1692,1742.9
1155.1,1541.2,1372,1442.2,1100,1331.2,1311.4,1071.5,1369,1187.5,1342.8,1182.8,1366.2,1306.4,1264.3,1370.2,1305.8,1350.6,1123,1191.6,1391.7,1283.7,1358.4,1155,1448.4,1413.4,1575.6,1267.9,1119.7,899.47
701.61,597.36,1016.7,1216.6,824.66,1116.4,1005.7,820.69,1167,939.08,1124.8,963.74,1149.2,556.26,968.43,1155.2,1038.9,1047.1,784.91,1087,1183.4,247.48,1200.1,905.25,1181.9,651.4,1214.9,1166.2,973.73,499.02
225.61,295.05,361.96,582.54,339.85,865.28,894.66,543.1,1070.1,826.65,960.52,894.59,1076.8,498.42,815.59,1009.9,915.36,471.23,112.42,600.38,541.8,212.31,1134.3,776.32,1042.1,510.47,423.13,90.614,921.35,214.52
197.65,146.68,221.94,526.33,137.97,111.53,109.19,255.53,984.58,764.71,193.43,428.28,957.27,224.49,711.77,991.64,159.81,352.46,90.933,200.56,245.37,68.853,1071.4,708.96,190.55,330.86,71.387,80.805,662.04,172.71
104.05,130.66,109.46,128.14,68.598,42.602,84.563,192.78,871.29,721.87,181.74,209.79,148.82,164.65,514.8,814.03,142.99,184.56,79.852,106.92,166.54,48.951,908.94,480.41,171.52,330.86,59.919,76.024,82.776,73.837
43.768,123.85,57.608,117.93,59.199,34.038,40.345,165.74,234.57,698.77,96.241,100.91,90.06,103.87,362.45,127.56,124.94,90.575,19.99,57.15,77.41,32.952,37.6,87.086,60.847,147.26,12.177,70.312,34.526,65.744
35.415,114.38,53.444,113.26,35.291,27.435,37.774,25.356,43.033,673.41,96.241,67.292,54.625,46.163,168.07,51.312,22.331,48.254,19.99,43.424,36.599,29.931,3.1775,60.056,42.595,73.563,2.5552,49.285,33.982,65.744
2.7902,17.098,52.447,109.61,19.863,23.443,34.981,23.542,17.255,624.84,78.53,32.646,54.625,44.053,120.6,49.067,5.9956,44.655,16.843,19.168,18.335,3.5965,0.39267,32.062,25.095,38.11,1.9956,6.1875,29.678,59.285
1.846,14.833,51.782,106.67,18.907,20.91,26.864,22.724,7.0854,84.68,26.34,17.304,35.172,18.178,90.726,19.729,2.2272,42.856,6.9764,12.625,10.363,0.94885,0.045099,28.352,24.899,36.868,0.21608,4.0239,7.7391,40.958
1.5307,6.6231,49.42,97.174,15.442,4.1946,17.278,13.112,6.7785,12.24,26.063,8.9397,14.359,17.323,82.78,19.021,1.9997,6.649,5.6864,3.0977,7.6783,0.49277,0.041989,19.838,23.569,36.486,0.12613,1.8625,3.1081,19.85
0.72413,3.3915,6.6183,79.265,6.1344,3.527,8.4391,5.2616,2.0968,1.713,10.499,6.9062,9.1873,7.1138,46.289,10.061,1.5827,6.6473,1.6238,3.0977,3.8736,0.33177,0.0078403,12.83,6.4941,4.3837,0.084083,0.89319,2.8197,16.866
0.6216,1.6241,6.0246,57.326,4.7668,3.3481,7.8235,4.4267,1.9694,1.4394,4.6216,3.9941,8.0838,6.8893,45.409,9.9268,0.35466,5.1609,1.5975,2.4214,2.1156,0.30218,0.0047314,7.6372,6.2356,4.1461,0.053154,0.44362,2.7894,16.087
0.40211,0.82526,5.7199,30.273,2.9272,1.5739,5.454,2.8111,0.78535,0.55825,2.0871,3.7622,2.901,6.8643,45.409,5.1364,0.30255,2.5448,0.34186,1.7808,1.7268,0.2019,0.001935,4.492,5.9404,2.3138,0.034352,0.34557,2.7894,16.087
0.22054,0.52472,5.5237,12.704,2.5846,0.32836,3.4094,2.0792,0.75262,0.40006,1.0134,0.43585,2.7283,4.9887,45.409,5.1144,0.14813,1.3717,0.34186,1.7588,0.9953,0.048884,0.0011428,2.7,2.3835,1.5664,0.034352,0.16095,2.7894,13.781
0.20199,0.52472,5.1458,5.2171,1.2253,0.27655,3.1624,1.8623,0.30013,0.17172,0.4716,0.43149,1.4811,0.58743,45.409,5.0984,0.1201,1.1075,0.34186,1.2879,0.97379,0.015179,0.00087246,1.0618,1.0116,1.2603,0.034352,0.077148,2.6358,11.491
0.18944,0.52432,4.1395,2.6217,0.66466,0.1675,2.6178,0.61246,0.2011,0.061245,0.39473,0.21527,1.3961,0.58244,45.409,5.0838,0.065876,0.58109,0.34186,0.57455,0.95602,0.014121,0.0005641,0.2301,0.76211,0.67296,0.033135,0.038478,1.2248,10.11
0.14434,0.29978,1.6987,1.3558,0.63815,0.16313,1.304,0.46856,0.18848,0.056253,0.19815,0.10953,1.0382,0.56036,45.409,4.1177,0.064819,0.48689,0.23162,0.3724,0.92258,0.012674,0.00039654,0.14861,0.42339,0.34031,0.0090005,0.031542,0.84611,8.4227
0.083808,0.053722,0.66184,1.3191,0.36808,0.085419,0.57698,0.082732,0.11188,0.020397,0.1577,0.10059,0.91823,0.33181,21.819,0.26586,0.063048,0.257,0.20128,0.3724,0.89958,0.0040916,0.00029025,0.053843,0.41158,0.33064,0.0083748,0.015269,0.35568,6.5396
0.018552,0.019867,0.13744,1.2744,0.22532,0.021461,0.52791,0.030451,0.068527,0.016336,0.075418,0.041414,0.47238,0.031881,16.385,0.016852,0.0092838,0.1268,0.13324,0.33898,0.85427,0.0013298,1.3133e-05,0.039182,0.38561,0.29079,0.0078119,0.0072014,0.31021,4.9171
0.016217,0.0158,0.11015,1.2569,0.22197,0.0046428,0.51319,0.011573,0.055118,0.011337,0.036513,0.020347,0.39952,0.0037924,12.802,0.0017898,0.0089368,0.1252,0.13324,0.2637,0.83174,0.0010038,1.0096e-05,0.01589,0.35936,0.15462,0.0073027,0.0060627,0.29373,3.685
0.010247,0.007977,0.079961,0.74151,0.21914,0.0042488,0.48954,0.0045198,0.035688,0.0076514,0.035706,0.010703,0.20522,0.0023313,11.648,0.0017827,0.004019,0.096221,0.13324,0.033155,0.7856,0.00047175,8.5002e-06,0.013566,0.30731,0.070861,0.0068459,0.0029229,0.25713,2.3533
0.0086143,0.0050137,0.068075,0.65775,0.15429,0.0020341,0.21677,0.0036772,0.022222,0.0046365,0.032996,0.0054905,0.14639,0.0010012,10.271,0.00072166,0.0030608,0.044894,0.052732,0.025869,0.71472,0.00022571,5.5561e-06,0.011692,0.12766,0.06666,0.0064262,0.0027856,0.22485,2.3481
0.0085412,0.0039761,0.044544,0.40149,0.079125,0.00082281,0.21006,0.00074556,0.020791,0.0026821,0.0043144,0.0051544,0.10389,0.00043227,9.508,0.00052541,0.001085,0.021718,0.017173,0.019436,0.67132,0.00011465,3.5488e-06,0.0044398,0.11615,0.03614,0.0064262,0.0023804,0.21536,1.9794
0.0082026,0.002208,0.031005,0.3912,0.03995,0.00078453,0.21006,0.00067342,0.020397,0.0015728,0.0042652,0.0026097,0.094344,0.0001878,8.2846,0.00048544,0.0010556,0.011598,0.013824,0.0089978,0.65491,5.5698e-05,3.1185e-06,0.0022086,0.082148,0.034114,0.0062172,0.0022508,0.1827,1.9794
0.0079715,0.000387,0.028727,0.37754,0.039871,0.00054098,0.20545,0.0005765,0.020025,0.00085662,0.0041414,0.0025069,0.038375,8.4183e-05,8.2846,4.924e-05,0.0010488,0.011363,0.013542,0.0070355,0.59338,4.5372e-05,2.1877e-06,0.0020561,0.057367,0.018135,0.004747,0.0019617,0.1766,0.87681
0.0073725,0.00013393,0.0099217,0.29758,0.0098969,0.00034878,0.16753,0.00035005,0.019713,0.00047523,0.0031738,0.00232,0.03694,3.7434e-05,7.2047,4.9053e-05,0.00092523,0.0090132,0.0077546,0.0050385,0.40685,2.4545e-05,1.8681e-06,0.0017899,0.044,0.017304,0.001065,0.001018,0.16764,0.21776
0.0036449,0.00012879,0.0058057,0.2881,0.009202,0.00022715,0.15961,0.00014924,0.019366,0.00028496,0.001386,0.0010995,0.035639,2.8137e-05,5.0566,4.8915e-05,0.00051258,0.0040542,0.0077324,0.0018598,0.21508,1.2524e-05,6.8327e-07,0.0011052,0.040314,0.014582,0.00065702,0.00079372,0.11485,0.20008
0.0020532,4.2072e-05,0.0058057,0.28769,0.0066362,0.00018361,0.15323,0.00014166,0.019099,0.00018146,0.00071862,0.0010995,0.033384,1.2598e-05,4.3349,4.8783e-05,0.00048929,0.0019764,0.0077125,0.0017805,0.091471,1.0532e-05,4.7445e-07,0.00056744,0.014946,0.00060608,0.00057181,0.00070638,0.11159,0.16125
0.001498,4.087e-05,0.0057158,0.20889,0.0066072,0.00018361,0.14992,5.8954e-05,0.018855,0.00014304,9.16e-05,0.00051882,0.018286,5.7035e-06,2.473,4.8654e-05,0.00047879,0.00097257,0.0077125,0.00065129,0.049834,5.0589e-06,1.767e-07,0.0004416,0.013865,2.562e-05,0.00048204,0.00048857,0.087925,0.16125
0.001439,4.003e-05,0.0034675,0.18771,0.0065925,0.00011108,0.13185,5.7185e-05,0.018635,0.00013112,8.521e-05,7.1214e-05,0.0071058,5.1803e-06,1.8338,4.8526e-05,0.00047879,0.00090601,0.0031961,0.00058641,0.015904,4.4015e-06,1.2092e-07,0.00034387,0.013211,2.5132e-05,0.00045755,0.00035688,0.084204,0.16125
0.0012833,3.8315e-05,0.003147,0.10683,0.0054273,7.296e-05,0.12624,4.9035e-05,0.018433,0.0001195,8.2292e-05,6.9858e-05,0.0044208,2.3026e-06,1.3198,4.6726e-05,0.00030996,0.00066585,0.0030888,0.00050364,0.0034213,1.1764e-06,1.1643e-07,0.00026901,0.004501,1.7193e-05,0.00020687,0.00033152,0.071012,0.16125
0.0012344,1.3507e-05,0.0027767,0.10438,0.0027037,4.4393e-05,0.12397,3.4063e-05,0.018251,0.0001078,4.2587e-05,6.932e-05,0.00018315,2.1336e-06,1.3198,1.2706e-06,0.00018886,0.00060518,0.0029579,0.00050364,0.0017073,5.2068e-07,1.0585e-07,7.4221e-05,0.0043295,8.7662e-06,0.00010551,0.00023943,0.060749,0.16125
0.00094752,7.2335e-06,0.0021723,0.099606,0.0026477,4.2078e-05,0.11838,2.2572e-05,0.018079,0.00010246,7.7575e-06,6.909e-05,8.1711e-06,1.925e-06,1.1921,3.578e-08,0.00016326,0.00045596,0.0012501,0.00046139,0.00061808,4.5041e-07,1.0083e-07,6.7344e-05,0.0040815,4.7031e-06,3.4045e-05,0.00021106,0.034494,0.16125
0.00085516,7.0714e-06,0.0016124,0.090456,0.0026231,2.8057e-05,0.11758,2.1048e-05,0.017938,9.3753e-05,6.8342e-06,5.7106e-05,3.5775e-07,1.4492e-06,0.92501,3.475e-08,0.00010451,0.00038056,0.0012475,8.293e-05,8.2153e-05,1.892e-07,7.6014e-08,6.5563e-05,0.0031644,4.1616e-06,3.4045e-05,0.00014242,0.0071085,0.16125
0.0006597,5.7089e-06,0.0012312,0.082454,0.0025483,2.3012e-05,0.11568,1.7001e-05,0.017802,8.8414e-05,1.2103e-06,2.8232e-05,5.8656e-08,1.3291e-06,0.72612,9.7e-10,9.4191e-05,0.00028916,0.0012396,7.8672e-05,3.9433e-05,1.7744e-07,6.507e-08,4.5636e-05,0.0023721,2.2668e-06,3.0537e-05,0.00010608,0.0016908,0.16125
0.00055285,2.0617e-06,0.0012013,0.074556,0.0021033,2.2256e-05,0.10127,1.2795e-05,0.017686,8.7294e-05,9.5299e-07,1.522e-05,1.0033e-08,1.0449e-06,0.16512,9.67e-10,5.8507e-05,0.00023198,0.0012396,7.7134e-05,2.1924e-05,1.4658e-07,4.8255e-08,4.4777e-05,0.0022531,1.9584e-06,1.7033e-05,7.0573e-05,0.0011425,0.16125
0.00038908,2.0329e-06,0.0011459,0.069637,0.0016226,1.0169e-05,0.09501,1.0165e-05,0.017551,8.6019e-05,7.2014e-07,7.6119e-06,9.13e-09,1.0065e-06,0.036354,9.65e-10,3.4105e-05,0.00018342,0.00050653,7.116e-05,1.5004e-05,1.12e-07,3.9707e-08,4.4777e-05,0.0015648,1.0864e-06,1.4475e-05,5.0494e-05,0.00077899,0.16125
0.00035826,1.7414e-06,0.0011165,0.055592,0.0013244,8.0899e-06,0.086367,7.4943e-06,0.01547,8.107e-05,5.2316e-07,7.3097e-06,4.652e-09,9.3204e-07,0.00909,9.62e-10,9.1917e-07,0.00013834,0.00036745,1.1531e-05,1.143e-05,1.048e-07,3.2306e-08,2.2248e-05,0.0014943,1.04e-06,1.2391e-05,4.5816e-05,0.00043748,0.16125
0.00031811,1.7129e-06,0.001063,0.051568,0.0012701,4.4391e-06,0.070819,5.6348e-06,0.0097539,7.6355e-05,5.0383e-07,7.0398e-06,4.4e-09,7.8529e-07,0.0024932,6.36e-10,1.8318e-08,0.00010301,0.00025851,1.9314e-06,8.1106e-06,8.3335e-08,3.0924e-08,1.5897e-05,0.0014346,9.4331e-07,5.7293e-06,3.4767e-05,0.00020831,0.16125
0.00024283,1.6572e-06,0.0010379,0.036221,0.00025273,2.2847e-06,0.067435,4.3058e-06,0.0093012,7.5413e-05,4.8106e-07,5.6842e-06,1.71e-10,7.0873e-07,0.00047901,5.9e-11,3.622e-09,9.3439e-05,0.00011575,1.5777e-06,5.7921e-06,6.764e-08,2.5074e-08,1.3462e-05,0.0011524,6.7772e-07,5.0738e-06,3.4415e-05,4.0019e-05,0.16125
0.00023153,3.4963e-08,0.00098861,0.035546,4.9754e-05,2.1455e-06,0.060807,1.8735e-06,0.0092423,6.3752e-05,4.6438e-07,8.7936e-07,8.2e-11,6.4834e-07,0.00043584,5e-12,3.438e-09,7.9856e-05,0.00011575,8.8455e-07,5.6789e-06,1.3933e-08,2.2477e-08,1.1178e-05,0.0011002,5.8388e-07,2.5036e-06,3.0187e-05,5.8703e-06,0.16125
0.00023153,1.7688e-08,0.00093922,0.034629,3.3236e-05,1.8905e-06,0.058477,6.9071e-07,0.009183,5.9661e-05,4.3709e-07,4.3837e-07,3e-12,5.417e-07,0.00023869,0,2.356e-09,7.217e-05,3.586e-05,4.9411e-07,4.8383e-06,1.2707e-08,1.702e-08,8.5586e-06,0.00077842,3.7992e-07,2.0487e-06,2.3062e-05,9.7724e-07,0.16125
0.00022548,1.4892e-08,0.00091715,0.025551,3.1492e-05,1.4641e-06,0.04475,4.1467e-07,0.0091529,4.9597e-05,4.1961e-07,2.2015e-07,0,4.9969e-07,0.00016445,0,2.356e-09,6.1712e-05,3.5418e-05,1.8899e-07,4.6594e-06,8.562e-09,1.621e-08,3.9794e-06,0.0007067,3.6427e-07,1.0815e-06,2.1661e-05,2.1937e-07,0.16125
0.00017037,7.83e-09,0.00086997,0.02407,2.3748e-05,1.1347e-06,0.043139,2.5414e-07,0.0091529,4.9076e-05,4.0835e-07,2.1863e-07,0,4.5102e-07,0.00010712,0,2.124e-09,5.6508e-05,3.1449e-05,4.2434e-08,4.2638e-06,7.674e-09,1.5297e-08,2.9012e-06,0.00048022,3.0142e-07,6.667e-07,1.6152e-05,6.262e-08,0.16125
0.00016294,7.443e-09,0.00085231,0.016703,2.1159e-05,6.772e-07,0.037248,1.5441e-07,0.0088198,4.8561e-05,3.3364e-07,1.1117e-07,0,4.3516e-07,6.9615e-05,0,1.385e-09,5.5883e-05,2.7928e-05,9.587e-09,4.1262e-06,4.869e-09,1.2398e-08,2.5113e-06,0.00045905,2.9856e-07,4.1878e-07,1.4289e-05,2.1548e-08,0.16125
0.00015976,7.24e-09,0.00083382,0.015793,1.3377e-05,5.8953e-07,0.035573,1.255e-07,0.0083114,4.809e-05,3.1146e-07,1.0302e-07,0,4.1382e-07,3.852e-05,0,1.385e-09,5.5266e-05,2.4802e-05,4.666e-09,3.7395e-06,4.586e-09,1.121e-08,1.9592e-06,0.00036605,2.814e-07,2.6137e-07,1.3171e-05,1.6348e-08,0.16125
0.00015637,4.402e-09,0.00079258,0.01034,1.1807e-05,3.0063e-07,0.026963,6.9174e-08,0.005173,4.5819e-05,3.0766e-07,5.1814e-08,0,3.9864e-07,2.4621e-05,0,1.385e-09,5.3462e-05,2.2028e-05,3.095e-09,3.6902e-06,2.758e-09,1.0289e-08,1.7679e-06,0.0003495,2.1e-07,2.4816e-07,1.2229e-05,1.2957e-08,0.16125
0.00015093,4.078e-09,0.00077548,0.0094795,6.9646e-06,1.6423e-07,0.024356,3.9089e-08,0.0047259,4.5478e-05,3.0431e-07,2.628e-08,0,3.3974e-07,1.5497e-05,0,1.385e-09,5.0998e-05,1.9083e-05,1.447e-09,3.4235e-06,2.597e-09,9.562e-09,1.1939e-06,0.00028232,2.0234e-07,1.8872e-07,1.0853e-05,9.613e-09,0.16125
0.00011623,2.3e-09,0.00073763,0.006992,6.0523e-06,8.5296e-08,0.018966,2.6341e-08,0.0035995,4.4483e-05,3.0241e-07,2.441e-08,0,3.2881e-07,9.4986e-06,0,1.385e-09,3.7771e-05,1.1186e-06,1.005e-09,2.5253e-06,1.87e-09,9.454e-09,1.0094e-06,0.0002617,1.9307e-07,1.1078e-07,1.0196e-05,8.112e-09,0.16125
0.00011136,2.203e-09,0.00069993,0.0065017,3.5352e-06,7.4972e-08,0.018073,2.0034e-08,0.0033597,4.4057e-05,2.971e-07,1.2434e-08,0,3.2333e-07,5.2362e-06,0,1.385e-09,3.4952e-05,9.9443e-07,7.94e-10,2.3732e-06,1.792e-09,7.507e-09,8.0774e-07,0.00016589,1.6117e-07,7.0057e-08,8.6416e-06,3.935e-09,0.16125
0.00010856,1.548e-09,0.00068621,0.0055007,3.1194e-06,6.2478e-08,0.01395,1.5693e-08,0.0031621,4.016e-05,2.8513e-07,6.225e-09,0,2.9879e-07,4.2518e-06,0,1.385e-09,2.8718e-05,8.8434e-07,7.94e-10,2.0093e-06,1.474e-09,7.386e-09,7.5884e-07,0.00015583,1.5199e-07,5.3424e-08,7.664e-06,3.302e-09,0.16125
0.00010561,1.442e-09,0.00067054,0.0046477,2.0064e-06,2.6143e-08,0.013003,1.2035e-08,0.0022206,3.9545e-05,2.5029e-07,5.817e-09,0,2.6913e-07,2.6287e-06,0,9.88e-10,2.8405e-05,7.8677e-07,4.56e-10,1.9415e-06,4.96e-10,6.499e-09,6.0908e-07,0.00012178,1.0895e-07,3.8478e-08,6.1046e-06,2.335e-09,0.16125
0.00010482,1.361e-09,0.00063929,0.0044019,1.9629e-06,2.5355e-08,0.012846,4.567e-09,0.0019305,3.9241e-05,2.4872e-07,2.957e-09,0,2.5338e-07,1.5912e-06,0,7.68e-10,2.5323e-05,7.0038e-07,3.25e-10,1.8995e-06,4.42e-10,4.608e-09,5.3703e-07,0.0001166,8.7017e-08,3.4071e-08,5.4825e-06,2.295e-09,0.16125
0.00010267,7.46e-10,0.00062397,0.0037364,1.6102e-06,2.4155e-08,0.01233,4.439e-09,0.0018347,3.7782e-05,2.399e-07,2.747e-09,0,2.2834e-07,8.4851e-07,0,5.25e-10,1.7895e-05,6.2391e-07,2.69e-10,1.8619e-06,2.81e-10,3.283e-09,4.7154e-07,8.9417e-05,3.3764e-08,3.0258e-08,4.4141e-06,2.228e-09,0.16125
6.9454e-05,6.94e-10,0.00059371,0.0035499,1.4601e-06,1.9957e-08,0.01188,4.439e-09,0.00148,3.6434e-05,2.1805e-07,1.407e-09,0,2.0379e-07,3.4842e-07,0,3.26e-10,1.2645e-05,5.5627e-07,1.97e-10,1.8054e-06,2.68e-10,2.222e-09,3.9691e-07,8.5321e-05,1.2398e-08,2.345e-08,3.2442e-06,1.861e-09,0.16125
3.9577e-05,6.63e-10,0.00056273,0.0033287,9.6543e-07,8.188e-09,0.010419,4.099e-09,0.0014697,3.0858e-05,2.1614e-07,1.353e-09,0,1.9083e-07,1.9488e-07,0,3.02e-10,1e-05,4.9651e-07,1.67e-10,1.744e-06,2.23e-10,1.372e-09,2.8058e-07,6.4664e-05,1.0059e-08,1.5946e-08,2.6614e-06,1.508e-09,0.16125
3.4365e-05,3.44e-10,0.00055191,0.0022929,8.522e-07,2.94e-09,0.0095649,3.656e-09,0.0014583,2.9516e-05,2.0939e-07,1.303e-09,0,1.6582e-07,1.0666e-07,0,2.7e-10,8.3594e-06,4.4377e-07,9.2e-11,1.714e-06,2.16e-10,8.53e-10,2.6538e-07,6.2568e-05,7.639e-09,1.5414e-08,2.1989e-06,1.473e-09,0.16125
2.9579e-05,3.24e-10,0.0005228,0.0021815,4.8555e-07,5.54e-10,0.0072945,1.452e-09,0.0014168,2.4462e-05,1.9123e-07,1.089e-09,0,1.4471e-07,6.0281e-08,0,2.3e-10,7.913e-06,3.973e-07,7.4e-11,1.531e-06,1.79e-10,5.31e-10,2.2055e-07,6.1321e-05,6.007e-09,1.5414e-08,1.7126e-06,1.423e-09,0.16125
2.7741e-05,1.74e-10,0.00051187,0.0019306,4.1392e-07,4.23e-10,0.0061856,1.342e-09,0.0013881,2.3301e-05,1.908e-07,5e-11,0,1.3455e-07,3.564e-08,0,2.3e-10,6.7682e-06,3.5643e-07,7.2e-11,1.4173e-06,1.72e-10,2.88e-10,1.9822e-07,5.0483e-05,5.264e-09,6.449e-09,1.1805e-06,1.128e-09,0.16125
2.063e-05,1.53e-10,0.00048441,0.0015463,2.3416e-07,4.16e-10,0.0046228,1.261e-09,0.0013536,1.9343e-05,1.903e-07,7e-12,0,1.125e-07,2.0125e-08,0,2.3e-10,6.5226e-06,3.2055e-07,5.8e-11,1.1372e-06,1.47e-10,1.16e-10,1.4683e-07,5.0045e-05,3.29e-09,5.839e-09,9.5012e-07,1.112e-09,0.16125
1.9834e-05,1.53e-10,0.00047582,0.0014634,2.1739e-07,3.26e-10,0.0042079,1.024e-09,0.0011907,1.9187e-05,1.8975e-07,6e-12,0,1.0048e-07,1.1973e-08,0,1.52e-10,5.9544e-06,2.8917e-07,4.6e-11,1.0997e-06,1.44e-10,6.9e-11,1.3333e-07,4.6463e-05,2.138e-09,5.295e-09,8.1014e-07,1.014e-09,0.16125
1.9047e-05,1.53e-10,0.0004645,0.0012578,1.5389e-07,1.67e-10,0.0032181,9.18e-10,0.0010828,1.8697e-05,1.8952e-07,3e-12,0,8.5924e-08,7.71e-09,0,2.3e-11,5.3303e-06,2.6178e-07,3.9e-11,1.0343e-06,1.38e-10,2.5e-11,9.5309e-08,3.0878e-05,1.371e-09,1.158e-09,6.3719e-07,9.79e-10,0.16125
1.8472e-05,1.53e-10,0.00044155,0.00099512,1.397e-07,1.06e-10,0.002994,8.53e-10,0.0010059,1.7156e-05,1.8304e-07,3e-12,0,7.2711e-08,2.396e-09,0,2e-12,4.2919e-06,2.3799e-07,2.8e-11,1.0212e-06,1.13e-10,6e-12,8.6657e-08,2.8071e-05,1.223e-09,2.49e-10,4.8323e-07,6.1e-10,0.16125
1.774e-05,1.12e-10,0.0004313,0.00091172,9.7581e-08,1.5e-11,0.0028401,6.86e-10,0.000742,1.5563e-05,1.5361e-07,3e-12,0,6.5279e-08,4.09e-10,0,1e-12,3.8949e-06,2.1741e-07,2.4e-11,9.2343e-07,1.06e-10,2e-12,7.0072e-08,1.6235e-05,5.41e-10,2.28e-10,4.2792e-07,5.75e-10,0.16125
1.2723e-05,8.4e-11,0.00040977,0.00056509,9.4536e-08,1.1e-11,0.0026962,9.6e-11,0.0006896,1.512e-05,1.4905e-07,3e-12,0,5.3088e-08,2.62e-10,0,1e-12,3.2367e-06,1.997e-07,2e-11,8.1593e-07,7.9e-11,1e-12,5.781e-08,1.4862e-05,4.81e-10,1.96e-10,3.4595e-07,4.94e-10,0.16125
1.2225e-05,7.5e-11,0.00039998,0.00052916,8.1418e-08,1e-11,0.0026453,8.5e-11,0.00055323,1.3961e-05,1.4873e-07,2e-12,0,4.4285e-08,4.2e-11,0,0,2.8765e-06,1.8455e-07,1.8e-11,7.0686e-07,7.5e-11,1e-12,5.3208e-08,1.172e-05,4.42e-10,1.32e-10,2.9479e-07,3.49e-10,0.16125
1.1815e-05,5.4e-11,0.00037955,0.00050321,7.9134e-08,9e-12,0.002497,6.9e-11,0.00049363,1.3809e-05,1.4846e-07,0,0,3.6426e-08,2.4e-11,0,0,2.3926e-06,1.7167e-07,1.6e-11,7.0424e-07,6.2e-11,0,4.5284e-08,1.1613e-05,2.28e-10,1.2e-10,2.3519e-07,3.17e-10,0.16125
1.1498e-05,5.4e-11,0.00037133,0.00043144,6.5386e-08,6e-12,0.002448,4.8e-11,0.00039674,1.3235e-05,1.4484e-07,0,0,3.0151e-08,1.5e-11,0,0,2.1033e-06,1.6079e-07,1.4e-11,6.4611e-07,6e-11,0,3.7717e-08,1.0959e-05,2.14e-10,1.09e-10,1.9693e-07,2.57e-10,0.16125
1.1236e-05,5.4e-11,0.00035141,0.00036984,6.3765e-08,5e-12,0.0023079,3.5e-11,0.00039434,1.0778e-05,1.4443e-07,0,0,2.4948e-08,1.1e-11,0,0,1.9761e-06,1.5166e-07,1.2e-11,6.2094e-07,4.8e-11,0,3.2588e-08,1.0849e-05,2.04e-10,4.4e-11,1.5629e-07,2.4e-10,0.16125
1.1018e-05,5.4e-11,0.00034468,0.00031614,5.7194e-08,3e-12,0.0022583,2.9e-11,0.00029564,1.0635e-05,1.4422e-07,0,0,2.0212e-08,1.1e-11,0,0,1.8002e-06,1.4406e-07,1e-11,5.6336e-07,4.5e-11,0,2.3063e-08,9.7228e-06,2.01e-10,1.8e-11,1.2725e-07,1.86e-10,0.16125
1.0835e-05,5.4e-11,0.00032563,0.00030095,5.6406e-08,1e-12,0.0021183,2.4e-11,0.00026598,1.0546e-05,1.4418e-07,0,0,1.638e-08,1.1e-11,0,0,1.5682e-06,1.3778e-07,9e-12,5.4378e-07,2.9e-11,0,1.7759e-08,9.4914e-06,1.73e-10,1.6e-11,1.0251e-07,1.41e-10,0.16125
1.0597e-05,5.4e-11,0.0003202,0.00027394,5.5718e-08,0,0.0020946,1.8e-11,0.00021096,1.0434e-05,1.433e-07,0,0,1.3205e-08,5e-12,0,0,1.535e-06,1.3262e-07,8e-12,5.2244e-07,2.6e-11,0,1.4784e-08,9.4585e-06,1.64e-10,1e-11,8.2225e-08,1e-10,0.16125
1.0475e-05,5.4e-11,0.00030691,0.00020158,5.5132e-08,0,0.0020497,1.5e-11,0.00021096,9.7208e-06,1.4065e-07,0,0,1.0747e-08,4e-12,0,0,1.4836e-06,1.284e-07,7e-12,4.9555e-07,1.8e-11,0,1.3574e-08,8.5454e-06,1.41e-10,9e-12,6.7005e-08,7.3e-11,0.16125
1.0353e-05,5.4e-11,0.00026358,0.00018774,5.184e-08,0,0.0019116,1.2e-11,0.00016873,9.5464e-06,1.3968e-07,0,0,8.529e-09,2e-12,0,0,1.4836e-06,1.2498e-07,7e-12,4.1764e-07,1.4e-11,0,1.1262e-08,8.4712e-06,6.1e-11,8e-12,5.4683e-08,6.1e-11,0.16125
1.0111e-05,5.4e-11,0.00026358,0.00013846,4.7668e-08,0,0.0012988,1e-11,0.00014073,7.9406e-06,1.3875e-07,0,0,6.69e-09,1e-12,0,0,1.3887e-06,1.0222e-07,6e-12,3.954e-07,1.4e-11,0,1.04e-08,8.2484e-06,6.1e-11,8e-12,4.3032e-08,5.6e-11,0.16125
8.9931e-06,5.4e-11,0.00022259,0.00012716,4.603e-08,0,0.0012231,9e-12,0.00011746,7.7269e-06,1.347e-07,0,0,5.315e-09,1e-12,0,0,1.3476e-06,5.6581e-08,5e-12,3.8455e-07,1.1e-11,0,9.253e-09,6.4727e-06,5.4e-11,7e-12,3.432e-08,5.1e-11,0.16125
5.8242e-06,5.4e-11,0.00021034,8.2603e-05,4.1004e-08,0,0.0012008,8e-12,9.7495e-05,7.6234e-06,1.2245e-07,0,0,4.093e-09,0,0,0,1.0998e-06,3.6677e-08,5e-12,3.4447e-07,6e-12,0,7.069e-09,6.1676e-06,4e-11,7e-12,2.7989e-08,4.4e-11,0.16125
5.7163e-06,5.4e-11,0.00020733,7.8738e-05,3.9624e-08,0,0.0011854,7e-12,9.4907e-05,7.4339e-06,1.2085e-07,0,0,3.196e-09,0,0,0,1.0174e-06,3.5497e-08,3e-12,3.2436e-07,4e-12,0,6.543e-09,4.9667e-06,2.3e-11,6e-12,2.2923e-08,3.6e-11,0.16125
4.3512e-06,5.4e-11,0.00019111,7.3859e-05,3.1295e-08,0,0.00084189,6e-12,9.1723e-05,7.2444e-06,1.1911e-07,0,0,2.374e-09,0,0,0,9.0919e-07,3.4538e-08,3e-12,2.9841e-07,3e-12,0,4.899e-09,4.8749e-06,2.1e-11,6e-12,1.872e-08,3.3e-11,0.16125
4.2131e-06,5.4e-11,0.0001794,5.6018e-05,3.055e-08,0,0.00067681,5e-12,8.2452e-05,6.9284e-06,1.1547e-07,0,0,1.859e-09,0,0,0,8.8546e-07,3.3763e-08,3e-12,2.4853e-07,2e-12,0,4.315e-09,4.5828e-06,2.1e-11,6e-12,1.5399e-08,3.1e-11,0.16125
4.0934e-06,5.4e-11,0.00016657,5.0582e-05,2.3722e-08,0,0.00045679,4e-12,6.8134e-05,6.6778e-06,1.0446e-07,0,0,1.429e-09,0,0,0,8.1358e-07,3.314e-08,2e-12,2.1657e-07,1e-12,0,3.484e-09,4.0174e-06,2e-11,3e-12,1.2709e-08,3e-11,0.16125
3.9945e-06,5.4e-11,0.00016235,4.667e-05,2.1959e-08,0,0.0003097,3e-12,6.577e-05,5.8455e-06,1.0158e-07,0,0,1.108e-09,0,0,0,7.4405e-07,3.264e-08,1e-12,1.955e-07,1e-12,0,3.259e-09,3.9421e-06,2e-11,0,1.0506e-08,2.8e-11,0.16125
2.4037e-06,5.4e-11,0.00016152,3.8406e-05,1.6387e-08,0,0.00030668,2e-12,5.7351e-05,5.7381e-06,9.182e-08,0,0,8.61e-10,0,0,0,6.0327e-07,3.2241e-08,0,1.7811e-07,1e-12,0,3.13e-09,3.6912e-06,1.7e-11,0,8.755e-09,2.8e-11,0.16125
1.8728e-06,5.4e-11,0.00015214,3.3542e-05,1.5059e-08,0,0.00030367,2e-12,5.3296e-05,5.5969e-06,8.6599e-08,0,0,6.56e-10,0,0,0,5.4276e-07,3.1923e-08,0,1.6036e-07,1e-12,0,3.071e-09,2.3461e-06,9e-12,0,7.335e-09,2.6e-11,0.16125
1.2241e-06,5.4e-11,0.00012851,2.3808e-05,1.2125e-08,0,0.00019536,1e-12,5.2648e-05,4.9767e-06,7.9048e-08,0,0,5.02e-10,0,0,0,4.6889e-07,3.167e-08,0,1.3205e-07,0,0,2.861e-09,2.2675e-06,7e-12,0,6.214e-09,2.5e-11,0.16125
1.1912e-06,5.4e-11,0.00011344,2.3101e-05,1.2109e-08,0,0.00013235,1e-12,4.7467e-05,4.9406e-06,7.5522e-08,0,0,3.84e-10,0,0,0,4.1985e-07,3.1469e-08,0,1.1511e-07,0,0,2.843e-09,2.1745e-06,7e-12,0,5.268e-09,2.2e-11,0.16125
1.1651e-06,5.4e-11,9.7074e-05,2.1083e-05,1.1949e-08,0,0.00013094,1e-12,3.705e-05,4.9179e-06,7.1112e-08,0,0,2.92e-10,0,0,0,3.748e-07,3.1309e-08,0,1.0624e-07,0,0,2.793e-09,2.1247e-06,7e-12,0,4.52e-09,2e-11,0.16125
1.1098e-06,5.4e-11,8.7663e-05,1.7739e-05,1.0494e-08,0,0.00012109,0,3.5717e-05,4.6004e-06,5.496e-08,0,0,2.23e-10,0,0,0,3.0548e-07,3.1183e-08,0,9.5431e-08,0,0,2.672e-09,1.6352e-06,6e-12,0,3.876e-09,1.9e-11,0.16125
7.2248e-07,5.4e-11,8.4561e-05,1.606e-05,9.857e-09,0,0.00011987,0,3.4743e-05,4.5788e-06,5.2478e-08,0,0,1.7e-10,0,0,0,2.4157e-07,3.1083e-08,0,8.9592e-08,0,0,2.495e-09,1.5882e-06,5e-12,0,3.352e-09,1.8e-11,0.16125
6.9354e-07,5.4e-11,7.4503e-05,1.069e-05,9.196e-09,0,0.00011894,0,2.9264e-05,4.5364e-06,4.9555e-08,0,0,1.3e-10,0,0,0,2.2077e-07,3.1005e-08,0,8.3682e-08,0,0,2.015e-09,1.5402e-06,5e-12,0,2.858e-09,1.7e-11,0.16125
6.7108e-07,5.4e-11,6.7768e-05,9.7796e-06,8.952e-09,0,0.00011733,0,2.8037e-05,4.5242e-06,4.4764e-08,0,0,9.9e-11,0,0,0,1.9765e-07,3.0942e-08,0,7.5528e-08,0,0,1.953e-09,1.4786e-06,4e-12,0,2.441e-09,1.5e-11,0.16125
6.4537e-07,5.4e-11,6.4934e-05,7.2672e-06,6.901e-09,0,0.00010564,0,2.5506e-05,4.4752e-06,4.2214e-08,0,0,7.6e-11,0,0,0,1.7524e-07,3.0893e-08,0,7.2496e-08,0,0,1.841e-09,1.1238e-06,3e-12,0,2.083e-09,1.4e-11,0.16125
6.3042e-07,5.4e-11,6.2815e-05,5.6887e-06,6.63e-09,0,9.8787e-05,0,2.1763e-05,4.4572e-06,3.8305e-08,0,0,5.6e-11,0,0,0,7.2549e-08,3.0854e-08,0,6.5142e-08,0,0,1.531e-09,1.055e-06,2e-12,0,1.795e-09,1.2e-11,0.16125
6.109e-07,5.4e-11,5.5424e-05,4.7822e-06,6.077e-09,0,9.6681e-05,0,1.7954e-05,4.434e-06,3.6116e-08,0,0,4.2e-11,0,0,0,6.2011e-08,3.0824e-08,0,6.0028e-08,0,0,1.27e-09,9.613e-07,1e-12,0,1.547e-09,1.1e-11,0.16125
5.9362e-07,5.4e-11,5.2736e-05,3.0554e-06,5.31e-09,0,8.5759e-05,0,1.7138e-05,4.2598e-06,3.2724e-08,0,0,3.2e-11,0,0,0,5.9185e-08,3.0799e-08,0,5.5378e-08,0,0,1.175e-09,8.7582e-07,1e-12,0,1.308e-09,9e-12,0.16125
4.5909e-07,5.4e-11,4.8575e-05,2.0203e-06,5.248e-09,0,8.4037e-05,0,1.5565e-05,4.0844e-06,3.091e-08,0,0,2.4e-11,0,0,0,4.8881e-08,3.078e-08,0,5.2131e-08,0,0,8.95e-10,7.754e-07,1e-12,0,1.151e-09,8e-12,0.16125
4.4122e-07,5.4e-11,4.0717e-05,1.564e-06,5.164e-09,0,8.3437e-05,0,1.4876e-05,3.997e-06,2.7423e-08,0,0,1.8e-11,0,0,0,4.4511e-08,3.0765e-08,0,4.7883e-08,0,0,7.66e-10,7.406e-07,0,0,1.004e-09,7e-12,0.16125
4.2375e-07,5.4e-11,3.4037e-05,1.1404e-06,5.004e-09,0,7.875e-05,0,1.3763e-05,3.9067e-06,2.6833e-08,0,0,1.4e-11,0,0,0,3.8874e-08,3.0753e-08,0,4.4029e-08,0,0,6.12e-10,5.7611e-07,0,0,8.75e-10,6e-12,0.16125
4.0712e-07,5.4e-11,3.1629e-05,7.6136e-07,4.677e-09,0,7.0915e-05,0,1.22e-05,3.5488e-06,2.5701e-08,0,0,1.1e-11,0,0,0,1.2265e-08,3.0744e-08,0,3.9985e-08,0,0,5.99e-10,5.4886e-07,0,0,7.57e-10,5e-12,0.16125
3.9161e-07,5.4e-11,2.7739e-05,4.7643e-07,4.337e-09,0,6.9824e-05,0,1.1467e-05,3.4935e-06,2.4591e-08,0,0,8e-12,0,0,0,4.555e-09,3.0737e-08,0,3.7001e-08,0,0,4.82e-10,4.8078e-07,0,0,6.61e-10,4e-12,0.16125
3.7354e-07,5.4e-11,2.5127e-05,3.0554e-07,4.001e-09,0,6.8159e-05,0,1.0473e-05,3.468e-06,2.3288e-08,0,0,6e-12,0,0,0,3.903e-09,3.0731e-08,0,2.9911e-08,0,0,4.68e-10,4.2071e-07,0,0,5.72e-10,4e-12,0.16125
2.788e-07,5.4e-11,2.3339e-05,1.8089e-07,3.372e-09,0,6.6542e-05,0,9.3448e-06,3.4421e-06,1.9744e-08,0,0,5e-12,0,0,0,3.903e-09,3.0726e-08,0,2.6637e-08,0,0,3.7e-10,4.1324e-07,0,0,4.96e-10,3e-12,0.16125
2.7096e-07,5.4e-11,2.1557e-05,1.1211e-07,2.89e-09,0,6.316e-05,0,8.1051e-06,3.4344e-06,1.673e-08,0,0,4e-12,0,0,0,3.903e-09,3.0723e-08,0,2.279e-08,0,0,3.7e-10,3.7891e-07,0,0,4.2e-10,3e-12,0.16125
2.6423e-07,5.4e-11,1.9819e-05,6.5915e-08,2.776e-09,0,5.2598e-05,0,7.1865e-06,3.2475e-06,9.254e-09,0,0,3e-12,0,0,0,3.526e-09,3.072e-08,0,1.9969e-08,0,0,2.69e-10,3.7473e-07,0,0,3.67e-10,2e-12,0.16125
1.9487e-07,5.4e-11,1.6965e-05,6.1087e-08,2.276e-09,0,4.9452e-05,0,6.0393e-06,3.1963e-06,7.906e-09,0,0,2e-12,0,0,0,3.139e-09,3.0718e-08,0,1.7067e-08,0,0,2.39e-10,3.3797e-07,0,0,3.16e-10,2e-12,0.16125
1.5216e-07,5.4e-11,1.598e-05,3.7788e-08,2.143e-09,0,4.9224e-05,0,5.4525e-06,3.1005e-06,6.502e-09,0,0,2e-12,0,0,0,2.535e-09,3.0716e-08,0,1.4314e-08,0,0,2.11e-10,3.1792e-07,0,0,2.72e-10,2e-12,0.16125
1.1601e-07,5.4e-11,1.44e-05,2.4325e-08,1.709e-09,0,4.4837e-05,0,4.7173e-06,3.0902e-06,5.563e-09,0,0,1e-12,0,0,0,2.172e-09,3.0714e-08,0,1.1313e-08,0,0,1.98e-10,3.0006e-07,0,0,2.39e-10,1e-12,0.16125
8.9066e-08,5.4e-11,1.3327e-05,1.7699e-08,1.69e-09,0,4.2484e-05,0,4.0449e-06,3.0902e-06,4.752e-09,0,0,1e-12,0,0,0,1.934e-09,3.0713e-08,0,9.904e-09,0,0,1.82e-10,2.8384e-07,0,0,2.05e-10,1e-12,0.16125
8.5954e-08,5.4e-11,1.1487e-05,9.006e-09,1.682e-09,0,2.663e-05,0,3.575e-06,3.0573e-06,3.312e-09,0,0,1e-12,0,0,0,1.811e-09,3.0712e-08,0,8.474e-09,0,0,1.79e-10,2.7766e-07,0,0,1.78e-10,1e-12,0.16125
8.3124e-08,5.4e-11,1.1211e-05,6.853e-09,1.654e-09,0,1.8633e-05,0,3.1576e-06,2.9599e-06,2.614e-09,0,0,0,0,0,0,1.601e-09,1.3999e-08,0,7.35e-09,0,0,1.77e-10,2.3335e-07,0,0,1.54e-10,1e-12,0.16125
6.325e-08,5.4e-11,9.9091e-06,3.469e-09,1.641e-09,0,1.8378e-05,0,2.7974e-06,2.9327e-06,2.189e-09,0,0,0,0,0,0,1.466e-09,1.636e-09,0,6.004e-09,0,0,1.74e-10,2.2918e-07,0,0,1.32e-10,1e-12,0.16125
6.0989e-08,5.4e-11,9.471e-06,3.073e-09,1.612e-09,0,1.8121e-05,0,2.3588e-06,2.8556e-06,1.652e-09,0,0,0,0,0,0,1.345e-09,1.91e-10,0,4.813e-09,0,0,1.73e-10,2.0423e-07,0,0,1.15e-10,1e-12,0.16125
5.9016e-08,5.4e-11,8.89e-06,1.59e-09,1.483e-09,0,1.7169e-05,0,2.0406e-06,2.7107e-06,1.571e-09,0,0,0,0,0,0,1.345e-09,2.2e-11,0,4.076e-09,0,0,1.69e-10,1.9495e-07,0,0,9.9e-11,1e-12,0.16125
5.724e-08,5.4e-11,7.7204e-06,1.412e-09,1.463e-09,0,1.0813e-05,0,1.7616e-06,2.5248e-06,1.349e-09,0,0,0,0,0,0,1.345e-09,2e-12,0,3.419e-09,0,0,1.59e-10,1.874e-07,0,0,8.6e-11,1e-12,0.16125
4.3455e-08,5.4e-11,6.6519e-06,7.4e-10,1.454e-09,0,1.0358e-05,0,1.4756e-06,2.2657e-06,1.129e-09,0,0,0,0,0,0,1.091e-09,0,0,2.885e-09,0,0,1.55e-10,1.5013e-07,0,0,7.5e-11,1e-12,0.16125
4.211e-08,5.4e-11,6.2875e-06,3.86e-10,1.429e-09,0,1.012e-05,0,1.2526e-06,2.0165e-06,8.51e-10,0,0,0,0,0,0,9.37e-10,0,0,2.429e-09,0,0,1.48e-10,1.4489e-07,0,0,6.5e-11,1e-12,0.16125
4.1153e-08,4.3e-11,5.4529e-06,2.14e-10,1.405e-09,0,9.8651e-06,0,1.058e-06,1.936e-06,5.18e-10,0,0,0,0,0,0,9.37e-10,0,0,2.051e-09,0,0,1.45e-10,1.2133e-07,0,0,5.6e-11,1e-12,0.16125
4.0447e-08,4.3e-11,4.991e-06,1.18e-10,1.395e-09,0,9.6297e-06,0,8.6789e-07,1.7342e-06,5.01e-10,0,0,0,0,0,0,9.37e-10,0,0,1.736e-09,0,0,1.38e-10,1.1268e-07,0,0,4.8e-11,1e-12,0.16125
3.9475e-08,4.3e-11,4.5029e-06,6.5e-11,1.345e-09,0,9.3591e-06,0,7.5634e-07,1.7052e-06,3.4e-10,0,0,0,0,0,0,9.37e-10,0,0,1.475e-09,0,0,1.35e-10,8.6115e-08,0,0,4.2e-11,1e-12,0.16125
2.9843e-08,4.3e-11,3.9116e-06,3.5e-11,1.101e-09,0,9.0254e-06,0,6.4475e-07,1.6873e-06,2.01e-10,0,0,0,0,0,0,9.37e-10,0,0,1.247e-09,0,0,1.26e-10,8.2958e-08,0,0,3.7e-11,1e-12,0.16125
2.5768e-08,4.3e-11,3.3954e-06,2e-11,1.051e-09,0,8.6634e-06,0,5.2134e-07,1.6597e-06,1.28e-10,0,0,0,0,0,0,9.37e-10,0,0,1.057e-09,0,0,1.25e-10,6.8969e-08,0,0,3.3e-11,1e-12,0.16125
2.3256e-08,4.3e-11,3.0617e-06,1.4e-11,9e-10,0,7.6341e-06,0,4.5575e-07,1.5088e-06,1.14e-10,0,0,0,0,0,0,9.37e-10,0,0,9e-10,0,0,1.18e-10,6.4974e-08,0,0,2.8e-11,1e-12,0.16125
1.7883e-08,4.3e-11,2.7116e-06,7e-12,8.8e-10,0,7.3028e-06,0,3.4758e-07,1.4845e-06,9.9e-11,0,0,0,0,0,0,9.37e-10,0,0,7.68e-10,0,0,1.15e-10,4.9108e-08,0,0,2.4e-11,1e-12,0.16125
1.7523e-08,4.3e-11,2.3897e-06,4e-12,8.61e-10,0,6.3417e-06,0,2.9925e-07,1.395e-06,7.7e-11,0,0,0,0,0,0,9.37e-10,0,0,6.54e-10,0,0,9.8e-11,4.4407e-08,0,0,2e-11,1e-12,0.16125
1.3282e-08,4.3e-11,2.0118e-06,4e-12,8.06e-10,0,5.6677e-06,0,2.39e-07,1.3339e-06,5.8e-11,0,0,0,0,0,0,9.37e-10,0,0,5.56e-10,0,0,9.3e-11,3.2424e-08,0,0,1.8e-11,1e-12,0.16125
1.2903e-08,4.3e-11,1.7669e-06,4e-12,7.81e-10,0,4.925e-06,0,1.9078e-07,1.1884e-06,3.8e-11,0,0,0,0,0,0,9.37e-10,0,0,4.76e-10,0,0,8.7e-11,3.0496e-08,0,0,1.6e-11,1e-12,0.16125
1.2543e-08,4.3e-11,1.5522e-06,4e-12,7.68e-10,0,4.7646e-06,0,1.472e-07,1.1809e-06,3.3e-11,0,0,0,0,0,0,9.37e-10,0,0,4.08e-10,0,0,8.2e-11,2.5549e-08,0,0,1.4e-11,1e-12,0.16125
1.1648e-08,4.3e-11,1.3422e-06,4e-12,7.42e-10,0,4.4826e-06,0,1.1573e-07,1.1393e-06,3e-11,0,0,0,0,0,0,9.37e-10,0,0,3.51e-10,0,0,7.8e-11,2.36e-08,0,0,1.2e-11,0,0.16125
1.0902e-08,4.3e-11,1.1583e-06,2e-12,6.21e-10,0,4.358e-06,0,9.3223e-08,1.0955e-06,2.6e-11,0,0,0,0,0,0,9.37e-10,0,0,3.02e-10,0,0,7.3e-11,1.6674e-08,0,0,1.1e-11,0,0.16125
1.0469e-08,4.3e-11,9.8634e-07,1e-12,5.97e-10,0,4.0791e-06,0,7.6266e-08,9.4628e-07,1.8e-11,0,0,0,0,0,0,9.37e-10,0,0,2.6e-10,0,0,7e-11,1.5824e-08,0,0,9e-12,0,0.16125
1.0325e-08,4.3e-11,8.129e-07,1e-12,5.4e-10,0,3.9653e-06,0,6.1663e-08,9.4371e-07,1.6e-11,0,0,0,0,0,0,9.37e-10,0,0,2.25e-10,0,0,6.7e-11,1.4152e-08,0,0,8e-12,0,0.16125
9.533e-09,4.3e-11,6.7098e-07,1e-12,4.82e-10,0,3.8634e-06,0,5.0325e-08,9.3647e-07,1.4e-11,0,0,0,0,0,0,9.37e-10,0,0,1.95e-10,0,0,6.4e-11,1.2614e-08,0,0,7e-12,0,0.16125
9.414e-09,4.3e-11,5.6917e-07,0,4.52e-10,0,3.7637e-06,0,4.1126e-08,8.8133e-07,1.3e-11,0,0,0,0,0,0,9.37e-10,0,0,1.7e-10,0,0,5.9e-11,1.194e-08,0,0,6e-12,0,0.16125
9.01e-09,4.3e-11,4.8715e-07,0,4.01e-10,0,3.3907e-06,0,3.3764e-08,8.537e-07,1.2e-11,0,0,0,0,0,0,9.37e-10,0,0,1.48e-10,0,0,5.7e-11,1.0615e-08,0,0,5e-12,0,0.16125
8.948e-09,4.3e-11,4.1316e-07,0,3.82e-10,0,3.1376e-06,0,2.7868e-08,7.9033e-07,1e-11,0,0,0,0,0,0,9.37e-10,0,0,1.29e-10,0,0,5.4e-11,8.487e-09,0,0,4e-12,0,0.16125
8.706e-09,4.3e-11,3.4987e-07,0,3.72e-10,0,2.9326e-06,0,2.3034e-08,7.4944e-07,8e-12,0,0,0,0,0,0,9.37e-10,0,0,1.14e-10,0,0,5.2e-11,7.761e-09,0,0,4e-12,0,0.16125
6.578e-09,4.3e-11,2.9737e-07,0,3.38e-10,0,2.8601e-06,0,1.933e-08,7.1813e-07,6e-12,0,0,0,0,0,0,9.37e-10,0,0,9.9e-11,0,0,4.8e-11,6.132e-09,0,0,2e-12,0,0.16125
6.445e-09,4.3e-11,2.5219e-07,0,3.24e-10,0,2.7831e-06,0,1.6125e-08,6.3101e-07,5e-12,0,0,0,0,0,0,9.37e-10,0,0,8.7e-11,0,0,4.3e-11,4.831e-09,0,0,2e-12,0,0.16125
6.286e-09,4.3e-11,2.1398e-07,0,2.94e-10,0,2.7302e-06,0,1.3658e-08,6.0467e-07,5e-12,0,0,0,0,0,0,9.37e-10,0,0,7.7e-11,0,0,4e-11,4.595e-09,0,0,1e-12,0,0.16125
6.181e-09,4.3e-11,1.8152e-07,0,2.94e-10,0,2.6717e-06,0,1.1512e-08,5.51e-07,5e-12,0,0,0,0,0,0,9.37e-10,0,0,6.8e-11,0,0,3.7e-11,4.378e-09,0,0,1e-12,0,0.16125
6.024e-09,4.3e-11,1.5281e-07,0,2.81e-10,0,2.4486e-06,0,9.808e-09,5.3574e-07,4e-12,0,0,0,0,0,0,9.37e-10,0,0,6e-11,0,0,3.4e-11,4.178e-09,0,0,1e-12,0,0.16125
4.502e-09,4.3e-11,1.2799e-07,0,2.76e-10,0,2.2449e-06,0,8.323e-09,5.2415e-07,4e-12,0,0,0,0,0,0,9.37e-10,0,0,5.4e-11,0,0,3.1e-11,3.983e-09,0,0,1e-12,0,0.16125
4.407e-09,4.3e-11,1.0828e-07,0,2.76e-10,0,2.1557e-06,0,7.029e-09,5.2239e-07,4e-12,0,0,0,0,0,0,9.37e-10,0,0,4.7e-11,0,0,2.7e-11,3.174e-09,0,0,1e-12,0,0.16125
4.324e-09,4.3e-11,9.1354e-08,0,2.69e-10,0,2.1179e-06,0,5.949e-09,5.1714e-07,2e-12,0,0,0,0,0,0,9.37e-10,0,0,4.2e-11,0,0,2.5e-11,2.987e-09,0,0,0,0,0.16125
4.243e-09,4.3e-11,7.6969e-08,0,2.64e-10,0,2.0833e-06,0,5.025e-09,5.1346e-07,2e-12,0,0,0,0,0,0,9.37e-10,0,0,3.7e-11,0,0,2.3e-11,2.578e-09,0,0,0,0,0.16125
4.144e-09,4.3e-11,6.496e-08,0,2.63e-10,0,2.0314e-06,0,4.333e-09,5.1129e-07,1e-12,0,0,0,0,0,0,9.37e-10,0,0,3.3e-11,0,0,2.2e-11,2.229e-09,0,0,0,0,0.16125
3.021e-09,4.3e-11,5.4335e-08,0,2.61e-10,0,1.8997e-06,0,3.707e-09,4.7477e-07,1e-12,0,0,0,0,0,0,9.37e-10,0,0,3e-11,0,0,2e-11,2.126e-09,0,0,0,0,0.16125
2.473e-09,4.3e-11,4.537e-08,0,2.59e-10,0,1.768e-06,0,3.151e-09,4.7166e-07,1e-12,0,0,0,0,0,0,9.37e-10,0,0,2.7e-11,0,0,1.9e-11,2.021e-09,0,0,0,0,0.16125
1.552e-09,4.3e-11,3.789e-08,0,2.58e-10,0,1.6182e-06,0,2.697e-09,4.7006e-07,1e-12,0,0,0,0,0,0,9.37e-10,0,0,2.4e-11,0,0,1.8e-11,1.727e-09,0,0,0,0,0.16125
1.507e-09,4.3e-11,3.1539e-08,0,2.38e-10,0,1.5147e-06,0,2.276e-09,4.3225e-07,1e-12,0,0,0,0,0,0,9.37e-10,0,0,2.1e-11,0,0,1.6e-11,1.65e-09,0,0,0,0,0.16125
1.482e-09,4.3e-11,2.6205e-08,0,2.3e-10,0,1.4184e-06,0,1.949e-09,4.0644e-07,1e-12,0,0,0,0,0,0,9.37e-10,0,0,1.9e-11,0,0,1.5e-11,1.396e-09,0,0,0,0,0.16125
1.455e-09,4.3e-11,2.1723e-08,0,2.05e-10,0,1.1889e-06,0,1.667e-09,3.8427e-07,1e-12,0,0,0,0,0,0,9.37e-10,0,0,1.7e-11,0,0,1.4e-11,1.318e-09,0,0,0,0,0.16125
1.106e-09,4.3e-11,1.7935e-08,0,1.99e-10,0,1.1315e-06,0,1.407e-09,3.7256e-07,1e-12,0,0,0,0,0,0,9.37e-10,0,0,1.5e-11,0,0,1.3e-11,1.109e-09,0,0,0,0,0.16125
1.082e-09,4.3e-11,1.4917e-08,0,1.96e-10,0,1.0126e-06,0,1.213e-09,3.4962e-07,1e-12,0,0,0,0,0,0,9.37e-10,0,0,1.3e-11,0,0,1.2e-11,1.029e-09,0,0,0,0,0.16125
1.063e-09,4.3e-11,1.2396e-08,0,1.94e-10,0,9.4036e-07,0,1.031e-09,3.4436e-07,1e-12,0,0,0,0,0,0,9.37e-10,0,0,1.2e-11,0,0,1.1e-11,7.11e-10,0,0,0,0,0.16125
1.046e-09,4.3e-11,1.0283e-08,0,1.91e-10,0,8.5936e-07,0,8.81e-10,3.4213e-07,1e-12,0,0,0,0,0,0,9.37e-10,0,0,1e-11,0,0,1e-11,6.36e-10,0,0,0,0,0.16125
1.03e-09,4.3e-11,8.485e-09,0,1.86e-10,0,8.2477e-07,0,7.5e-10,3.376e-07,1e-12,0,0,0,0,0,0,9.37e-10,0,0,9e-12,0,0,9e-12,5.19e-10,0,0,0,0,0.068819
7.8e-10,4.3e-11,7.03e-09,0,1.86e-10,0,7.5055e-07,0,6.39e-10,3.3142e-07,1e-12,0,0,0,0,0,0,9.37e-10,0,0,8e-12,0,0,9e-12,4.21e-10,0,0,0,0,0.059245
7.68e-10,4.3e-11,5.816e-09,0,1.84e-10,0,6.5955e-07,0,5.43e-10,3.0628e-07,1e-12,0,0,0,0,0,0,9.37e-10,0,0,7e-12,0,0,8e-12,3.89e-10,0,0,0,0,0.052435
7.53e-10,4.3e-11,4.784e-09,0,1.58e-10,0,5.95e-07,0,4.62e-10,3.0174e-07,1e-12,0,0,0,0,0,0,9.37e-10,0,0,6e-12,0,0,8e-12,3.49e-10,0,0,0,0,0.04345
7.35e-10,4.3e-11,3.907e-09,0,1.57e-10,0,5.5791e-07,0,4.03e-10,2.9845e-07,1e-12,0,0,0,0,0,0,9.37e-10,0,0,6e-12,0,0,7e-12,3.12e-10,0,0,0,0,0.04345
5.54e-10,4e-11,3.201e-09,0,1.56e-10,0,5.2564e-07,0,3.44e-10,2.8956e-07,1e-12,0,0,0,0,0,0,9.37e-10,0,0,5e-12,0,0,7e-12,2.76e-10,0,0,0,0,0.036832
5.38e-10,3.9e-11,2.627e-09,0,1.55e-10,0,5.1263e-07,0,2.92e-10,2.7157e-07,1e-12,0,0,0,0,0,0,9.37e-10,0,0,4e-12,0,0,6e-12,2.6e-10,0,0,0,0,0.017212
5.26e-10,3.9e-11,2.157e-09,0,1.48e-10,0,4.9575e-07,0,2.5e-10,2.5358e-07,1e-12,0,0,0,0,0,0,9.37e-10,0,0,4e-12,0,0,5e-12,2.09e-10,0,0,0,0,0.0090599
5.16e-10,3.7e-11,1.758e-09,0,1.47e-10,0,4.7707e-07,0,2.16e-10,2.5051e-07,1e-12,0,0,0,0,0,0,9.37e-10,0,0,3e-12,0,0,5e-12,1.88e-10,0,0,0,0,0.0059289
5.05e-10,3.6e-11,1.438e-09,0,1.46e-10,0,4.1741e-07,0,1.84e-10,2.3548e-07,0,0,0,0,0,0,0,9.37e-10,0,0,3e-12,0,0,5e-12,1.42e-10,0,0,0,0,0.0035355
4.94e-10,3.5e-11,1.174e-09,0,1.46e-10,0,3.5987e-07,0,1.56e-10,2.3222e-07,0,0,0,0,0,0,0,9.37e-10,0,0,3e-12,0,0,5e-12,1.33e-10,0,0,0,0,0.0019435
4.63e-10,3.4e-11,9.47e-10,0,1.41e-10,0,3.2377e-07,0,1.31e-10,2.285e-07,0,0,0,0,0,0,0,9.37e-10,0,0,2e-12,0,0,4e-12,1.17e-10,0,0,0,0,0.001649
4.33e-10,3.4e-11,7.68e-10,0,1.36e-10,0,3.1588e-07,0,1.12e-10,2.2377e-07,0,0,0,0,0,0,0,9.37e-10,0,0,2e-12,0,0,4e-12,1.12e-10,0,0,0,0,0.001342
4.27e-10,3.3e-11,6.25e-10,0,1.26e-10,0,3.0812e-07,0,9.8e-11,2.157e-07,0,0,0,0,0,0,0,9.37e-10,0,0,2e-12,0,0,4e-12,1.06e-10,0,0,0,0,0.00070528
4.18e-10,3.3e-11,5.07e-10,0,1.2e-10,0,2.9785e-07,0,8.4e-11,2.0321e-07,0,0,0,0,0,0,0,9.37e-10,0,0,2e-12,0,0,4e-12,8.5e-11,0,0,0,0,0.00047693
3.09e-10,3.2e-11,4.1e-10,0,1.16e-10,0,2.7247e-07,0,7.1e-11,2.0116e-07,0,0,0,0,0,0,0,9.37e-10,0,0,1e-12,0,0,4e-12,7.9e-11,0,0,0,0,0.00041726
2.94e-10,3.2e-11,3.33e-10,0,1.02e-10,0,2.5385e-07,0,6e-11,1.9903e-07,0,0,0,0,0,0,0,9.37e-10,0,0,1e-12,0,0,4e-12,6.8e-11,0,0,0,0,0.00032747
2.91e-10,3.1e-11,2.7e-10,0,8.8e-11,0,2.336e-07,0,5.1e-11,1.9361e-07,0,0,0,0,0,0,0,9.37e-10,0,0,1e-12,0,0,3e-12,6.5e-11,0,0,0,0,0.00025739
2.89e-10,3.1e-11,2.19e-10,0,8.7e-11,0,2.195e-07,0,4.4e-11,1.8781e-07,0,0,0,0,0,0,0,9.37e-10,0,0,1e-12,0,0,3e-12,5.3e-11,0,0,0,0,0.00020247
2.88e-10,3e-11,1.77e-10,0,8.7e-11,0,2.0273e-07,0,3.7e-11,1.8218e-07,0,0,0,0,0,0,0,9.37e-10,0,0,1e-12,0,0,3e-12,4.6e-11,0,0,0,0,0.00015462
2.87e-10,3e-11,1.44e-10,0,8.6e-11,0,1.8865e-07,0,3.1e-11,1.7693e-07,0,0,0,0,0,0,0,9.37e-10,0,0,0,0,0,2e-12,4.3e-11,0,0,0,0,3.9598e-05
2.86e-10,3e-11,1.15e-10,0,8.6e-11,0,1.7965e-07,0,2.6e-11,1.7406e-07,0,0,0,0,0,0,0,9.37e-10,0,0,0,0,0,2e-12,4.1e-11,0,0,0,0,1.9711e-05
2.72e-10,3e-11,9.3e-11,0,8.6e-11,0,1.6172e-07,0,2.3e-11,1.6818e-07,0,0,0,0,0,0,0,9.37e-10,0,0,0,0,0,2e-12,3.9e-11,0,0,0,0,6.9314e-06
2.68e-10,3e-11,7.5e-11,0,8.6e-11,0,1.5409e-07,0,2.1e-11,1.639e-07,0,0,0,0,0,0,0,9.37e-10,0,0,0,0,0,2e-12,2.9e-11,0,0,0,0,1.7488e-06
2.66e-10,3e-11,6.1e-11,0,7.7e-11,0,1.4495e-07,0,1.7e-11,1.5598e-07,0,0,0,0,0,0,0,9.37e-10,0,0,0,0,0,2e-12,2.8e-11,0,0,0,0,1.7031e-06
2.62e-10,2.9e-11,5e-11,0,7.7e-11,0,1.3216e-07,0,1.5e-11,1.5378e-07,0,0,0,0,0,0,0,9.37e-10,0,0,0,0,0,2e-12,2.6e-11,0,0,0,0,2.9965e-07
1.96e-10,2.9e-11,4.1e-11,0,7.6e-11,0,1.2418e-07,0,1.3e-11,1.4641e-07,0,0,0,0,0,0,0,9.37e-10,0,0,0,0,0,2e-12,2.5e-11,0,0,0,0,1.6638e-07
1.94e-10,2.9e-11,3.3e-11,0,7.6e-11,0,1.1591e-07,0,1.1e-11,1.3737e-07,0,0,0,0,0,0,0,9.37e-10,0,0,0,0,0,2e-12,2.4e-11,0,0,0,0,9.9021e-08
1.93e-10,2.9e-11,2.7e-11,0,7.6e-11,0,1.1015e-07,0,9e-12,1.2772e-07,0,0,0,0,0,0,0,9.37e-10,0,0,0,0,0,2e-12,2e-11,0,0,0,0,5.6552e-08
1.92e-10,2.9e-11,2.2e-11,0,7.5e-11,0,9.9917e-08,0,8e-12,1.1961e-07,0,0,0,0,0,0,0,9.37e-10,0,0,0,0,0,2e-12,1.8e-11,0,0,0,0,3.43e-08
1.9e-10,2.9e-11,1.7e-11,0,7.5e-11,0,8.8713e-08,0,6e-12,1.1476e-07,0,0,0,0,0,0,0,9.37e-10,0,0,0,0,0,2e-12,1.3e-11,0,0,0,0,3.0402e-08
1.87e-10,2.9e-11,1.4e-11,0,7.4e-11,0,8.2292e-08,0,5e-12,1.0564e-07,0,0,0,0,0,0,0,9.37e-10,0,0,0,0,0,2e-12,1.1e-11,0,0,0,0,1.9569e-08
1.4e-10,2.9e-11,1.2e-11,0,7.4e-11,0,7.397e-08,0,5e-12,1.026e-07,0,0,0,0,0,0,0,9.37e-10,0,0,0,0,0,2e-12,1e-11,0,0,0,0,7.086e-09
1.39e-10,2.9e-11,9e-12,0,7.4e-11,0,6.544e-08,0,4e-12,1.0135e-07,0,0,0,0,0,0,0,9.37e-10,0,0,0,0,0,1e-12,8e-12,0,0,0,0,4.311e-09
1.39e-10,2.9e-11,8e-12,0,7.2e-11,0,5.8741e-08,0,3e-12,9.9487e-08,0,0,0,0,0,0,0,9.37e-10,0,0,0,0,0,1e-12,7e-12,0,0,0,0,3.997e-09
1.39e-10,2.8e-11,6e-12,0,6.7e-11,0,5.6256e-08,0,2e-12,9.8502e-08,0,0,0,0,0,0,0,9.37e-10,0,0,0,0,0,1e-12,6e-12,0,0,0,0,3.088e-09
1.38e-10,2.8e-11,5e-12,0,6.3e-11,0,4.6818e-08,0,2e-12,9.7299e-08,0,0,0,0,0,0,0,9.37e-10,0,0,0,0,0,1e-12,6e-12,0,0,0,0,2.056e-09
1.37e-10,2.8e-11,4e-12,0,6e-11,0,4.2474e-08,0,1e-12,9.3809e-08,0,0,0,0,0,0,0,9.37e-10,0,0,0,0,0,0,6e-12,0,0,0,0,1.592e-09
1.37e-10,2.8e-11,3e-12,0,5.7e-11,0,3.8083e-08,0,1e-12,9.2543e-08,0,0,0,0,0,0,0,9.37e-10,0,0,0,0,0,0,4e-12,0,0,0,0,1.047e-09
1.36e-10,2.7e-11,3e-12,0,5.4e-11,0,3.6038e-08,0,1e-12,9.1204e-08,0,0,0,0,0,0,0,9.37e-10,0,0,0,0,0,0,4e-12,0,0,0,0,9.23e-10
1.35e-10,2.6e-11,2e-12,0,5.2e-11,0,3.4744e-08,0,0,8.7394e-08,0,0,0,0,0,0,0,9.37e-10,0,0,0,0,0,0,4e-12,0,0,0,0,9.23e-10
1.33e-10,2.2e-11,2e-12,0,5e-11,0,3.333e-08,0,0,8.4571e-08,0,0,0,0,0,0,0,9.37e-10,0,0,0,0,0,0,3e-12,0,0,0,0,5.73e-10
1.33e-10,2.2e-11,1e-12,0,4.9e-11,0,3.1348e-08,0,0,8.1039e-08,0,0,0,0,0,0,0,9.37e-10,0,0,0,0,0,0,2e-12,0,0,0,0,4.48e-10
