2388.1,2208.1,2290.9,2058.2,2429.6,2434.6,2730.2,2462.7,2284,2468.4,2311.3,2476.7,2244.9,2422.7,2286.9,2547.4,2541.1,2723.6,2539.7,2306.1,2293.8,2317,2233.2,2076.3,2391.1,2449,2490.8,2500.6,2480.3,2604.9
2385,2208.1,2290.9,2058.2,2139.8,2434.6,2514.8,2462.7,2151.3,2468.4,2311.2,2464,2220.3,2325.4,2240.8,2495.6,2289.2,2405.4,2539.7,2172.4,2293.8,2308.2,2233.2,2076.3,2284.6,2428,2490.8,2500.6,2454.6,2539.9
2154,2208.1,2290.9,2058.2,2139.8,2434.6,2514.8,2461.5,2151.3,2468.4,2311.2,2464,2132.8,2325.4,2240.8,2495.6,2289.2,2359.1,2539.7,2172.4,2293.8,2281.2,2210.1,2071.8,2284.6,2282.4,2430.8,2500.6,2454.2,2539.9
2154,2208.1,2290.9,2039.1,2139.3,2430.6,2514.8,2425,2150.6,2468.4,2311.2,2366,2129.7,2325.4,2240.8,2495.6,2289.2,2359.1,2539.7,2172.4,2293.8,2202.6,2210.1,2071.8,2284.6,2282.4,2430.8,2427.5,2452.7,2497.4
2154,2208.1,2290.9,2021.4,2139.3,2345.8,2514.8,2425,2146.5,2432,2304.5,2325.3,2129.7,2325.4,2240.8,2443.5,2282.7,2359.1,2539.7,2172.4,2293.8,2202.6,2210.1,2071.8,2172.8,2246.3,2386.6,2427.5,2392.8,2497.4
2154,2208.1,2290.9,1852.3,2139.3,2272.2,2424.9,2425,2146.5,2432,2304.5,2325.3,2129.7,2321.4,2240.8,2443.5,2282.7,2359.1,2278.9,2172.4,2293.8,2202.6,2210.1,2071.8,2172.8,2246.3,2386.6,2376.8,2202.3,2497.4
2139.3,2208.1,2222.1,1848,2139.3,2097.8,2424.9,2425,2144.9,2432,2304.5,2291.1,2129.7,2261.7,2240.8,2399.1,2282.7,2359.1,2278.9,2172.4,2293.8,2202.6,2210.1,2071.8,2172.8,2229.2,2386.6,2376.8,2201.4,2497.4
2139.3,2208.1,2222.1,1848,2136.8,2097.8,2424.9,2321.1,2136.7,2432,2304.5,2291.1,2129.7,2221.7,2240.8,2399.1,2282.7,2359.1,2278.9,2172.4,2293.8,2133.2,2167.4,2071.8,2172.8,2175,2386.6,2288.1,2177.8,2497.4
2139.3,2208.1,2222.1,1848,2123.1,2097.8,2424.9,2304.7,2129.6,2432,2272.8,2291.1,2116.1,2213.9,2193.3,2391.9,2282.7,2359.1,2278.9,2172.4,2293.8,2133.2,2117.2,2071.8,2172.8,2113.2,2386.6,2253.1,2177.8,2396.5
2136.5,2208.1,2222.1,1848,2123.1,2097.8,2424.9,2288.8,2129.6,2419.2,2219.9,2291.1,2116.1,2168,2193.3,2350.5,2264.3,2359.1,2278.9,2172.4,2293.8,2133.2,2106.8,2071.8,2172.8,2064.2,2386.6,2253.1,2177.5,2396.5
2136.5,2208.1,2222.1,1848,2103.3,2097.8,2424.9,2234.9,2102,2334.7,2219.9,2291.1,2116.1,2140.2,2075.8,2341.5,2251.1,2359.1,2278.9,2172.4,2293.8,2133.2,2106.8,2071.8,2172.8,2064.2,2386.6,2250.3,2177.5,2396.5
2136.5,2208.1,2222.1,1848,2102.2,2097.8,2424.9,2210.9,2102,2322.1,2213.4,2291.1,2116.1,2116.4,2075.8,2341.5,2243.3,2314.5,2278.9,2172.4,2272.3,2088.5,2106.8,2071.8,2172.8,2040.4,2386.6,2250.3,2177.3,2396.5
2136.5,2208.1,2222.1,1848,2101.1,2097.8,2424.9,2194.6,2102,2322.1,2209.2,2291.1,2116.1,2116.4,2036.3,2341.5,2243.3,2314.5,2278.9,2172.4,2272.3,2088.5,2056.6,2071.8,2172.8,2025.7,2386.6,2192.1,2177.3,2396.5
2136.5,2208.1,2222.1,1848,2101.1,2097.8,2419.3,2194.6,2102,2322.1,2209.2,2283.1,2116.1,2116.4,2021,2337.6,2239.1,2314.5,2278.9,2172.4,2237,2088.5,2056.6,2071.8,2172.8,2025.7,2386.6,2192.1,2177.3,2396.5
2136.5,2208.1,2222.1,1848,2101.1,2097.8,2419.3,2174.4,2102,2322.1,2141.7,2283.1,2116.1,2110.7,2021,2311.5,2238.7,2314.5,2278.9,2172.4,2237,2088.5,2056.6,2052.5,2172.8,2025.7,2386.6,2192.1,2173.6,2396.5
2111,2208.1,2222.1,1848,2101.1,2097.8,2419.3,2174.4,2102,2322.1,2114.7,2283.1,2110,2100,2021,2306.2,2238.7,2265.2,2278.9,2172.4,2237,2088.5,2056.6,2052.5,2172.8,2025.7,2386.6,2192.1,2173.6,2375.4
2110.4,2208.1,2222.1,1848,2078.9,2097.8,2419.3,2174.4,2102,2322.1,2098.1,2283.1,2080.7,2100,2021,2274.7,2238.7,2265.2,2278.9,2172.4,2237,2088.5,2056.6,2046.6,2172.8,2025.7,2386.6,2192.1,2173.6,2344.7
2108.3,2208.1,2222.1,1848,2078.9,2097.8,2390.6,2174.4,2102,2322.1,2082.2,2283.1,2080.3,2100,2021,2274.7,2238.3,2255.8,2278.9,2172.4,2237,2088.5,2055.2,2041.8,2172.8,2025.7,2386.6,2192.1,2171,2332
2108.3,2208.1,2222.1,1848,2078.9,2097.8,2390.6,2174.4,2102,2322.1,2082.2,2283.1,2080.3,2100,2021,2272.9,2238.3,2247.3,2278.9,2172.4,2165.3,2074,2020.7,2022.5,2139,2025.7,2386.6,2171.4,2171,2317.7
2108.3,2208.1,2222.1,1848,2078.9,2097.8,2377.5,2174.4,2102,2322.1,2082.2,2283.1,2080.3,2100,2021,2272.9,2238.3,2235.9,2278.9,2172.4,2165.3,2074,2020.7,2019.6,2139,2025.7,2386.6,2171.4,2171,2285.7
2108.3,2208.1,2222.1,1848,2078.9,2097.8,2377.5,2174.4,2102,2322.1,2082.2,2283.1,2080.3,2100,2019.2,2256,2236.7,2235.9,2278.9,2172.4,2150.7,2074,2020.7,2019.6,2139,2025.4,2386.6,2171.4,2171,2280.1
2108.3,2208.1,2222.1,1848,2078.9,2097.8,2346.3,2174.3,2102,2322.1,2082.2,2283.1,2072.8,2100,2019.2,2249.5,2236.5,2235.9,2239.2,2172.4,2149.7,2074,1991.1,2019,2139,2025.4,2386.6,2169.1,2171,2269.6
2108.3,2208.1,2222.1,1848,2078.9,2097.8,2328.4,2174.3,2102,2322.1,2082.2,2283.1,2072.8,2100,2019.2,2249.1,2236.5,2233.2,2239.2,2172.4,2141.3,2074,1991.1,2004,2139,2025,2386.6,2161,2171,2266.1
2108.3,2208.1,2222.1,1848,2057.5,2097.8,2307.7,2173.4,2102,2322.1,2082.2,2283.1,2072.8,2100,2019.2,2245.7,2236.5,2217,2239.2,2172.4,2141.3,2074,1991.1,2004,2139,2025,2386.6,2161,2171,2266.1
2108.3,2208.1,2222.1,1848,2057.5,2097.8,2299.9,2173.4,2102,2322.1,2077.1,2283.1,2072.8,2100,2019.2,2245.7,2236.5,2217,2239.2,2172.4,2141.3,2074,1991.1,2004,2139,2025,2326.8,2161,2152.3,2246.6
2108.3,2208.1,2222.1,1848,2057.5,2097.8,2281.7,2173.4,2102,2322.1,2077.1,2283.1,2072.8,2100,2019.2,2245.7,2236.5,2217,2239.2,2172.4,2141.3,2074,1976.6,2004,2139,2025,2305.6,2161,2152.3,2246.1
2108.3,2208.1,2222.1,1848,2057.5,2097.8,2281.7,2173.4,2102,2322.1,2074.5,2283.1,2072.8,2100,2019.2,2242.5,2235.1,2201,2239.2,2172.4,2085.7,2074,1976.6,2004,2139,2024.5,2291.4,2161,2152.3,2243
2108.3,2208.1,2222.1,1848,2057.5,2097.8,2263.3,2173.4,2102,2322.1,2074.5,2283.1,2070.4,2100,2018.6,2242,2235.1,2197.5,2239.2,2172.4,2085.7,2074,1976.6,2004,2139,2024.4,2291.4,2161,2152.3,2228.2
2108.3,2208.1,2222.1,1848,2057.5,2097.8,2263.3,2173.4,2102,2322.1,2074.5,2283.1,2070.4,2089.5,2017.3,2240.9,2235.1,2197.5,2239.2,2172.4,2078.6,2074,1975.8,2004,2139,2024.4,2291.4,2161,2152.3,2194.5
2108.3,2208.1,2222.1,1848,2057.5,2097.8,2263.3,2173.4,2102,2322.1,2074.5,2283.1,2069.3,2089.5,2017.3,2240.9,2235.1,2196.3,2239.2,2172.4,2078.6,2074,1975.8,2004,2139,2024.4,2270.1,2161,2152.3,2194.5
2108.3,2208.1,2222.1,1848,2057.5,2097.8,2263.3,2173.4,2102,2322.1,2073.2,2283.1,2069.3,2089.5,2017.3,2239.2,2235.1,2195.4,2239.2,2172.4,2078.6,2074,1975.8,2004,2139,2024.3,2270.1,2161,2152.3,2185.8
2108.3,2208.1,2222.1,1848,2057.5,2097.8,2263.3,2173.4,2102,2322.1,2063.1,2283.1,2057.4,2089.5,2017.3,2238.5,2235.1,2192.2,2239.2,2172.4,2078.6,2074,1975.8,2004,2139,2024.1,2252.4,2161,2152.3,2185.8
2108.3,2208.1,2210.4,1848,2057.3,2097.8,2263.3,2173.4,2102,2322.1,2063.1,2283.1,2057.4,2089.5,2016.9,2237.6,2234.4,2190.3,2239.2,2172.4,2078.6,2074,1975.8,2004,2139,2024.1,2248.9,2161,2152.3,2177.4
2108.3,2208.1,2210.4,1848,2057.3,2097.8,2263.3,2173.4,2102,2322.1,2063.1,2283.1,2047.7,2089.5,2015.5,2237.6,2234.4,2190.3,2239.2,2172.4,2078.6,2074,1971.4,2004,2139,2023.8,2240.5,2158.6,2152.3,2161.3
2108.3,2208.1,2210.4,1848,2057.3,2097.8,2263.3,2173.4,2102,2322.1,2063.1,2283.1,2046.2,2089.5,2015.5,2237.4,2234.4,2186.8,2239.2,2172.4,2078.6,2074,1971.4,2004,2139,2022.7,2235.3,2158.6,2152.3,2161.3
2108.3,2208.1,2210.4,1848,2057.3,2097.8,2263.3,2173.4,2102,2322.1,2063.1,2283.1,2046.1,2087.1,2015.5,2233.6,2234.4,2186.8,2239.2,2172.4,2078.6,2074,1971.4,2004,2139,2022.7,2224.3,2152.2,2152.3,2155.4
2108.3,2208.1,2210.4,1848,2057.3,2097.8,2263.3,2173.4,2102,2322.1,2063.1,2283.1,2045.9,2086.9,2015.5,2233.6,2234.4,2186.8,2239.2,2172.4,2078.6,2074,1971.4,2004,2139,2022.7,2224.3,2152.2,2152.3,2154.2
2104,2208.1,2210.4,1848,2057.2,2097.8,2263.3,2172.5,2102,2322.1,2063.1,2283.1,2045.9,2076.2,2015.5,2233.6,2234.4,2186.8,2239.2,2172.4,2078.6,2074,1971.4,2004,2139,2022.7,2224.3,2148.7,2152.3,2154.2
2104,2208.1,2209.7,1848,2057.2,2097.8,2263.3,2172.5,2102,2322.1,2063.1,2283.1,2044.1,2076.2,2015.5,2233.6,2234.2,2186.8,2239.2,2172.4,2078.6,2060.4,1971.4,2004,2139,2022.7,2218.8,2148.7,2152.3,2154.1
2104,2208.1,2209.7,1848,2057.2,2097.8,2263.3,2171,2102,2322.1,2063.1,2283.1,2044.1,2076.2,2015.2,2233.6,2233.4,2186.8,2239.2,2172.4,2078.6,2060.4,1971.4,2004,2139,2022.7,2206.9,2148.7,2152.3,2149.4
2104,2208.1,2209.7,1848,2057.2,2097.8,2263.3,2170.9,2102,2322.1,2063.1,2283.1,2044.1,2076.2,2015.2,2233.6,2233.4,2186.8,2239.2,2172.4,2078.6,2060.4,1971.4,2004,2139,2022.7,2200.7,2145.5,2152.3,2139.2
2104,2208.1,2209.7,1848,2057.2,2097.8,2263.3,2162.1,2102,2322.1,2063.1,2266.1,2044.1,2072.6,2015.2,2233.6,2232,2186.8,2239.2,2172.4,2078.6,2054.9,1949.2,2004,2139,2022.3,2200.7,2145.5,2152.3,2122.2
2104,2208.1,2209.7,1848,2057.2,2097.8,2263.3,2162.1,2102,2322.1,2063.1,2266.1,2044.1,2072.6,2015.2,2229.9,2232,2186.8,2239.2,2172.4,2078.6,2054.9,1949.2,2004,2139,2022.3,2200.7,2144.5,2152.3,2122.2
2104,2208.1,2209.7,1848,2057.2,2097.8,2263.3,2162.1,2102,2322.1,2063.1,2266.1,2044.1,2072.6,2015.2,2229.9,2232,2186.8,2239.2,2172.4,2077.8,2054.9,1945.6,2004,2139,2022.3,2200.7,2144.5,2152.3,2120.5
2104,2208.1,2209.7,1848,2057.2,2097.8,2263.3,2162.1,2102,2322.1,2063.1,2265.9,2044.1,2072.6,2015.2,2229.6,2232,2186.8,2239.2,2172.4,2064.2,2040.6,1945.6,2004,2139,2022.3,2200,2144.5,2152.3,2118.6
2104,2208.1,2209.7,1848,2057.2,2097.8,2263.3,2162.1,2102,2322.1,2063.1,2263.4,2043.1,2072.6,2015.2,2229.6,2226.2,2186.8,2239.2,2172.4,2064.2,2034.2,1945.6,2004,2139,2022.3,2200,2144.5,2152.3,2118.6
2100.7,2208.1,2204.1,1848,2057.2,2097.8,2263.3,2162.1,2102,2322.1,2062.7,2261,2043.1,2072.6,2015.2,2229.3,2201.8,2185.5,2239.2,2172.4,2064.2,2030.6,1945.6,2004,2139,2022.3,2200,2144.5,2152.3,2118.6
2100.7,2208.1,2204.1,1848,2057.2,2097.8,2263.3,2162.1,2102,2322.1,2062.6,2258.4,2043.1,2072.6,2015.2,2225,2201.8,2185.5,2239.2,2172.4,2064.2,2028,1945.6,2004,2139,2022.3,2200,2144.5,2152.3,2112.4
2092.8,2208.1,2204.1,1848,2057.1,2097.8,2263.3,2162.1,2102,2322.1,2057,2257.8,2043.1,2048.2,2015.2,2225,2200.1,2185.5,2239.2,2172.4,2064.2,2028,1945.6,2004,2139,2022.3,2200,2144.5,2152.3,2112.4
2092.8,2208.1,2204.1,1848,2056.3,2097.8,2263.3,2162.1,2102,2322.1,2057,2249.2,2043.1,2048.2,2015.2,2224.2,2200.1,2185.5,2239.2,2172.4,2064.2,2028,1944.9,2004,2139,2022.3,2197.6,2144.5,2152.3,2107.9
2092.8,2208.1,2204.1,1848,2056.3,2097.8,2261.1,2162.1,2102,2322.1,2057,2246.5,2043.1,2048.2,2015.2,2222.7,2200.1,2185.5,2239.2,2172.4,2064.2,2028,1944.9,2004,2139,2022.3,2195.3,2144.5,2152.3,2107.9
2092.8,2208.1,2204.1,1848,2056.3,2097.8,2261.1,2162.1,2102,2322.1,2057,2246.1,2043.1,2047.6,2015.2,2222.7,2198.4,2184.7,2239.2,2172.4,2064.2,2021.8,1944.5,2004,2139,2022.3,2195.3,2144.5,2152.3,2107.9
2077.1,2208.1,2204.1,1848,2056.3,2097.8,2257,2162.1,2102,2322.1,2057,2246.1,2043.1,2017.1,2015.2,2221.9,2198.4,2184.7,2239.2,2172.4,2064.2,1987.4,1929.7,2004,2139,2022.3,2194.9,2144.4,2152.3,2107.9
2074.6,2208.1,2200.5,1848,2056.3,2097.8,2256.6,2152.1,2102,2322.1,2057,2244,2040.8,2017.1,2015.2,2221.4,2196.9,2184.7,2239.2,2172.4,2064.2,1987.4,1908.3,2003.6,2139,2022.3,2191.9,2144.4,2152.3,2105.9
2074.6,2208.1,2200.5,1848,2056.3,2097.8,2256.6,2152.1,2102,2322.1,2055.5,2232,2040.8,2017.1,2015.2,2221.4,2196.9,2184.7,2239.2,2172.4,2064.2,1987.4,1908.3,2003.6,2139,2022,2191.9,2144.4,2152.3,2105.5
2074.6,2208.1,2200.5,1848,2056.3,2097.8,2256.6,2152.1,2102,2322.1,2055.4,2232,2040.6,2017.1,2015.2,2218.1,2193.6,2184.7,2239.2,2172.4,2053,1987.4,1908.3,2000.2,2139,2021.1,2191.9,2144.4,2152.3,2105.5
2074.6,2208.1,2200.5,1848,2056.3,2097.8,2256.6,2145.5,2102,2322.1,2051.6,2232,2040.3,2017.1,2015.2,2218,2193.6,2184.7,2239.2,2172.4,2053,1987.4,1908.3,2000.2,2139,2021.1,2191.9,2144.4,2152.3,2105.5
2072.6,2208.1,2200.5,1848,2056.3,2097.8,2256.6,2145.5,2102,2322.1,2051.6,2232,2040.3,2017.1,2015.2,2213.2,2193.6,2183.2,2239.2,2172.4,2053,1987.4,1908.3,2000.2,2139,2021.1,2191.9,2144.4,2152.3,2105.5
2072.6,2208.1,2180.1,1848,2056.3,2097.8,2256.6,2145.5,2102,2322.1,2048.1,2232,2039.5,2016.3,2015.2,2212,2186.6,2181.9,2239.2,2172.4,2053,1987.4,1908.3,2000.2,2139,2021.1,2191.9,2144.4,2152.3,2105.5
2067.9,2208.1,2162.1,1848,2056.3,2097.8,2256.6,2145.5,2102,2322.1,2048.1,2232,2039.5,2015.3,2015.2,2206.1,2186.6,2181.9,2239.2,2172.4,2053,1986.2,1908.3,2000.2,2139,2020.4,2191.4,2144.4,2152.3,2102.9
2053.8,2208.1,2162.1,1848,2056.1,2097.8,2256.6,2145.5,2102,2322.1,2048.1,2232,2039.5,2011.5,2015.2,2199.9,2186.3,2180.1,2239.2,2172.4,2053,1986.2,1908.3,1999.3,2139,2020.4,2191.4,2144.4,2152.3,2102.9
2047.3,2208.1,2162.1,1848,2044.1,2097.8,2256.6,2143.7,2102,2322.1,2048.1,2232,2039.5,1998,2015.2,2199.9,2186.3,2180,2239.2,2172.4,2053,1982.8,1908.3,1998.2,2139,2020.4,2191.4,2144.4,2152.3,2102.9
2047.3,2208.1,2146.5,1848,2043.5,2097.8,2256.6,2143.3,2102,2322.1,2048.1,2231,2039.5,1998,2015.2,2197.3,2172,2180,2239.2,2172.4,2053,1982.8,1908.3,1996.6,2139,2019.6,2191.4,2144.4,2152.3,2102.9
2047.3,2208.1,2145.1,1848,2043.1,2097.8,2256.6,2143.3,2102,2322.1,2047,2231,2039.5,1998,2015.2,2197.2,2170.8,2177.9,2239.2,2172.4,2053,1981.2,1905.4,1996.6,2139,2018.1,2191.4,2144.3,2152.3,2102.9
2047.3,2208.1,2125,1848,2043.1,2097.8,2256.6,2141.2,2101.6,2322.1,2036.1,2231,2039.5,1998,2015.2,2192.9,2170.8,2177.9,2239.2,2172.4,2053,1980.6,1888.5,1996.6,2139,2017.9,2191.4,2144.3,2152.3,2102.9
2047.3,2208.1,2125,1848,2043.1,2097.8,2256.5,2141.2,2100.5,2322.1,2036.1,2220.2,2039,1998,2015.2,2192.4,2153.3,2176,2239.2,2172.4,2053,1975.4,1888.5,1996.6,2139,2017.9,2191.4,2144.3,2152.3,2102.9
2047.3,2208.1,2125,1848,2019.9,2097.8,2255.2,2141.2,2100.5,2322.1,2036.1,2215.5,2038.7,1998,2015.2,2192.4,2153.3,2176,2239.2,2172.4,2053,1975.4,1885.3,1996.6,2135,2017.8,2191.4,2144.3,2152.3,2102.9
2047.3,2208.1,2124.1,1848,2019.9,2097.8,2252.1,2140,2098.6,2322.1,2036.1,2215.5,2038.7,1993.8,2015.2,2192.4,2153.3,2176,2239.2,2172.4,2053,1975.4,1885.3,1993.4,2135,2017.8,2191.4,2144.3,2152.3,2102.9
2047.3,2208.1,2124.1,1848,2019.9,2096.5,2248.9,2140,2098.6,2322.1,2036.1,2215.5,2038.7,1993.6,2015.2,2192.4,2142.7,2174.3,2239.2,2172.4,2053,1971.3,1885.3,1993,2135,2017.8,2191.4,2136.7,2152.3,2102.9
2047,2208.1,2123.6,1848,2018.8,2096.5,2248.7,2128.3,2095.5,2322.1,2036.1,2215.5,2038.6,1993.6,2015.2,2192.4,2142.7,2174.3,2239.2,2172.4,2053,1971.3,1885.3,1990.4,2135,2017.8,2191.4,2136.7,2152.3,2102.9
2043.8,2208.1,2123.6,1848,2018.8,2094,2248.7,2128.3,2095.5,2322.1,2034.4,2215.5,2038.6,1991.3,2015.2,2187.4,2140.4,2166,2239.2,2172.4,2053,1971.3,1885.3,1989.2,2135,2017.8,2191.4,2136.7,2152.3,2102.9
2043.8,2208.1,2122.3,1848,2018.3,2094,2247.5,2128.3,2093.7,2322.1,2034.4,2215.5,2037.6,1987.8,2015.2,2187.4,2140.4,2166,2239.2,2172.4,2053,1971.3,1885.3,1989.2,2135,2017.8,2191.4,2136.7,2152.3,2102.9
2043.8,2208.1,2120.9,1848,2018.1,2094,2244.5,2118.5,2093.7,2322.1,2030.3,2215.5,2037.4,1987.5,2015.2,2187.4,2140.4,2166,2239.2,2172.4,2053,1970.9,1885.3,1988.8,2135,2016.7,2191.4,2136.7,2152.3,2102.9
2043.8,2208.1,2120.9,1848,2005.4,2094,2244.5,2118.5,2093.7,2322.1,2029.1,2215.5,2037.1,1987.4,2015.2,2186.4,2140.4,2165.5,2239.2,2172.4,2053,1970.9,1884.3,1987.5,2135,2016.7,2191.3,2136.7,2152.3,2102.9
2043.8,2208.1,2120.9,1848,2005.4,2094,2244.5,2118.5,2093.7,2322.1,2029.1,2215.5,2037,1977.7,2015.2,2183.7,2135.1,2165.5,2239.2,2172.4,2053,1967.6,1884.3,1986.2,2135,2016.7,2191.3,2136.7,2152.3,2101.2
2043.8,2208.1,2120.9,1848,2005.4,2082.3,2243.4,2118.5,2083.8,2322.1,2029.1,2201.8,2037,1977.7,2015.2,2182.6,2134.4,2165.5,2239.2,2172.4,2053,1967.6,1884.3,1986.2,2135,2016,2191.3,2136.7,2152.3,2101.2
2042.9,2208.1,2120.9,1848,2005.4,2070.3,2238.5,2118.5,2083.8,2322.1,2029.1,2201.8,2037,1977.7,2014.8,2182.6,2134.4,2165.5,2239.2,2172.4,2053,1967.6,1884.3,1986.2,2128.1,2013,2191,2136.7,2152.3,2101.2
2042.9,2208.1,2120.9,1848,2005.3,2069.4,2238.5,2118.5,2083.8,2322.1,2029.1,2201.8,2036.7,1975,2012.7,2174.7,2129.4,2165.5,2239.2,2172.4,2053,1967.6,1884.3,1986.2,2128.1,2013,2191,2136.7,2152.3,2099.7
2042.9,2208.1,2120.9,1848,2001.9,2069.4,2229,2118.5,2083.8,2322.1,2029.1,2200.8,2035.8,1974.9,2012.7,2160.8,2129.4,2165,2239.2,2172.4,2053,1967.6,1884.3,1986.2,2128.1,2012.3,2191,2136.7,2152.3,2099.7
2042.9,2208.1,2120.4,1848,2000.6,2069.4,2215.9,2118.5,2083.8,2322.1,2029.1,2192.9,2035.8,1972.7,2012.7,2158.8,2099,2165,2239.2,2172.4,2053,1967.6,1884.3,1979.9,2084.2,2011.2,2191,2136.7,2147.2,2099.7
2042.9,2208.1,2120.4,1848,2000.6,2065.9,2215.9,2118.5,2083.8,2322.1,2029.1,2192.9,2035.8,1972.7,2012.7,2157.1,2096.7,2165,2239.2,2172.4,2053,1967.6,1884.3,1978.8,2084.2,2011.2,2189.6,2136.7,2147.2,2099.7
2042.9,2208.1,2120.4,1848,2000.6,2062.3,2215.9,2118.5,2083.8,2322.1,2029.1,2192.7,2035.8,1972.7,2012.7,2154.2,2096.4,2165,2239.2,2172.4,2053,1967.6,1884.3,1976.5,2084.2,2005.6,2189.6,2136.7,2147.2,2099.7
2042.9,2208.1,2120.4,1848,2000.6,2062.3,2215.9,2118.5,2061.5,2322.1,2029.1,2192.7,2035.8,1972.7,2012.7,2150.6,2094.9,2165,2239.2,2172.4,2053,1967.3,1884.3,1976.5,2084.2,2005.6,2189.6,2136.7,2147.2,2099.7
2042.9,2208.1,2119.8,1848,2000.6,2062.3,2215.9,2118.5,2061.5,2322.1,2029.1,2192.7,2035.8,1972.7,2012.7,2150.6,2089.4,2164.8,2239.2,2172.4,2053,1966.8,1884.3,1976.1,2084.2,2005.6,2189.6,2136.7,2147.2,2099.7
2042.9,2208.1,2119.8,1848,2000.6,2062.3,2214.4,2118.5,2061.5,2322.1,2029.1,2192.5,2035.8,1972.7,2012.7,2148.9,2089.4,2163.9,2239.2,2172.4,2053,1966.8,1884.3,1976.1,2084.2,2001.7,2189.6,2136.7,2147.2,2099.7
2042.9,2208.1,2118.1,1848,1999,2062.3,2214.4,2118.5,2061.5,2322.1,2029.1,2192.5,2035.8,1972.7,2012.7,2148,2089.4,2163.9,2239.2,2172.4,2053,1965.9,1884.3,1976.1,2084.2,2001.4,2189.2,2136.7,2147.2,2099.7
2042.9,2193.9,2118.1,1848,1999,2062.3,2211,2118.5,2061.5,2322.1,2029.1,2192.5,2035.8,1969.2,2012.7,2148,2089.4,2163.9,2239.2,2172.4,2042.6,1959.9,1884.3,1976.1,2084.2,2000.3,2189.2,2136.7,2147.2,2099.7
2042.9,2193.9,2118.1,1848,1997.8,2062.3,2210.8,2118.5,2056.4,2322.1,2029.1,2187,2035.4,1969.2,2012.7,2148,2089.4,2163.9,2239.2,2172.4,2042.6,1959.6,1884.1,1975.9,2071.9,2000.3,2188.2,2136.7,2147.2,2099.7
2042.9,2193.9,2118.1,1848,1997.6,2062.3,2209.2,2118.5,2053.6,2322.1,2027.1,2187,2035.3,1969.1,2012.7,2148,2089.4,2163.2,2239.2,2172.4,2042.6,1959.6,1883.8,1975.4,2071.5,2000.3,2186.3,2136.7,2147.2,2098.9
2042.9,2185.7,2118.1,1848,1997.6,2062.3,2209.1,2117.5,2053.6,2322.1,2027.1,2186,2035.3,1969.1,2012.7,2147.9,2089.4,2163.2,2239.2,2172.4,2042.6,1959.6,1883.2,1975.4,2071.5,1995.2,2186.3,2136.7,2147.2,2098.9
2042.9,2176.4,2118.1,1848,1990.9,2053.8,2207,2117.5,2052.3,2322.1,2027.1,2186,2035.2,1968.6,2012.7,2147.6,2086.4,2162.9,2239.2,2172.4,2042.6,1959.6,1883.2,1968.5,2070.4,1991.8,2186.3,2136.7,2146.5,2098.9
2042.9,2176.4,2118.1,1848,1990.9,2053.8,2207,2117.5,2052.3,2322.1,2026.7,2185.3,2035,1967.8,2010.8,2144.4,2086.4,2162.7,2239.2,2172.4,2042.6,1959.6,1883.1,1968.5,2065.2,1991.7,2186.3,2136.7,2143.4,2098.9
2042.6,2175.7,2118.1,1848,1986,2053.8,2207,2117.5,2052.3,2322.1,2026.7,2185.3,2035,1967.7,2010.8,2144,2086.4,2160.8,2239.2,2172.4,2042.6,1959.6,1882.9,1968.5,2065.2,1976.9,2186.3,2136.7,2140.8,2098.9
2042.6,2175.7,2118.1,1848,1983.9,2053.8,2207,2112.2,2052.3,2322.1,2023.8,2185.3,2035,1966.7,2010.8,2144,2086.4,2158.8,2239.2,2172.4,2042.6,1959.6,1882.9,1968.5,2065.2,1976.9,2186.3,2136.7,2140.2,2098.9
2042.6,2175.7,2118.1,1848,1983.9,2053.8,2207,2108.8,2051.6,2322.1,2023.8,2185.2,2035,1965.5,2010.8,2144,2086.4,2158.8,2239.2,2172.4,2042.6,1959.6,1882.9,1968.5,2065.2,1976.9,2186.3,2136.7,2139.7,2096.5
2042.6,2175.7,2118.1,1848,1983.9,2053.8,2201.1,2108.8,2051.6,2322.1,2021.4,2185.2,2035,1962.6,2010.8,2143.7,2086.4,2158.8,2239.2,2172.4,2042.6,1959.6,1882.7,1968.5,2065.2,1976.9,2186.3,2136.7,2139.7,2096.5
2042.4,2173.7,2118.1,1848,1983.9,2053.8,2200.1,2108.8,2051.6,2322.1,2021,2185.2,2034.6,1962.6,2010.8,2142.7,2083.8,2158.4,2239.2,2172.4,2042.6,1959.6,1881.5,1968.5,2065.2,1976.9,2186.3,2136.7,2139.7,2096.5
2042.4,2168.2,2118.1,1848,1983.9,2053.8,2197.9,2108.8,2049.5,2322.1,2021,2185.2,2034.4,1962.2,1996.1,2142.7,2083.1,2158.4,2239.2,2172.4,2042.6,1959.6,1879.9,1968.5,2065.2,1976.9,2186.3,2136.7,2139.7,2094.7
2041.7,2166.8,2118.1,1848,1983.9,2053.8,2182.7,2108.8,2049.5,2322.1,2010.9,2185.2,2034.4,1961.5,1996.1,2142.3,2083.1,2158.4,2239.2,2172.4,2042.6,1959.6,1879.9,1963.8,2065.2,1970.7,2186.3,2136.7,2139.4,2094.7
2039.8,2166.2,2118.1,1848,1983.9,2053.8,2182.7,2108.8,2049.1,2322.1,2010.9,2185.2,2034.4,1961.5,1996.1,2142.3,2083.1,2158.4,2239.2,2172.4,2042.6,1959.5,1879.9,1963.8,2065.2,1970.4,2185.1,2136.7,2133.9,2094.7
2039.8,2166.2,2118.1,1848,1983.9,2053.8,2182.7,2108.8,2048,2322.1,2010.9,2185.2,2034.4,1961.5,1996.1,2142.3,2083,2158.4,2239.2,2172.4,2042.6,1959.5,1879.9,1959.4,2065.2,1969.8,2184.7,2136.7,2133.9,2094.7
2039.8,2166.2,2118.1,1848,1983.9,2053.8,2182.7,2108.8,2048,2322.1,2010.1,2185.1,2034.3,1961.5,1996.1,2142.1,2081.6,2158.4,2239.2,2172.4,2038.5,1959.1,1879.9,1959.3,2065.2,1969.8,2184.7,2136.7,2131.2,2093.6
2039.8,2166.2,2118.1,1848,1983.9,2053.8,2182.7,2103.3,2047.1,2322.1,2010.1,2185.1,2034,1961.5,1996.1,2142.1,2081.6,2157.9,2239.2,2172.4,2038.5,1959,1878.8,1959.3,2065.2,1966.6,2182.8,2136.7,2131.1,2093.6
2039.8,2166.2,2118.1,1848,1983.9,2053.8,2181.9,2103,2047.1,2322.1,2009.5,2184.8,2033.9,1961.5,1996.1,2140.5,2078.5,2156.6,2239.2,2172.4,2038.5,1955,1878.8,1956.3,2065.2,1966.6,2182.8,2136.7,2130.6,2093.6
2039.8,2164.6,2118.1,1848,1983.9,2053.8,2181.4,2103,2046.8,2322.1,2009,2184.8,2033.9,1961.5,1996.1,2140.5,2075.9,2156.6,2239.2,2172.4,2038.4,1955,1878.8,1956.3,2065.2,1966.6,2182.8,2124.6,2128.8,2093.6
2039.8,2164.6,2118.1,1848,1983.9,2053.8,2181.4,2103,2046.1,2322.1,2009,2183.4,2033.6,1961.5,1996.1,2139.9,2075.9,2156.1,2239.2,2172.4,2038.3,1955,1878.8,1956.3,2065.2,1965.6,2182.4,2124.6,2128.8,2093.6
2039.8,2161.7,2118.1,1848,1983.9,2053.8,2181.4,2103,2046.1,2322.1,2009,2183.4,2033.6,1961.5,1996.1,2139.9,2075.9,2156.1,2239.2,2172.4,2038.3,1955,1878.8,1956.3,2065.2,1964.7,2182.1,2124.6,2128.7,2093.6
2039.8,2160.9,2118,1848,1983.9,2053.8,2181,2103,2046.1,2322.1,2008.9,2183.4,2033.6,1961.5,1996.1,2132,2075.9,2155.8,2239.2,2172.4,2038.3,1955,1878.8,1956.3,2065.2,1964.7,2182.1,2124.6,2126.5,2093.6
2039.3,2160.9,2118,1848,1983.9,2053.8,2180.7,2103,2046.1,2322.1,2008.9,2183.4,2033.6,1961.5,1996.1,2131.7,2075.9,2155.8,2239.2,2172.4,2038.1,1955,1878.8,1956.3,2065.2,1964.7,2182.1,2124.6,2126.5,2093.6
2039.3,2159.8,2118,1848,1983.8,2053.8,2180.2,2103,2045.9,2322.1,2007.6,2183.4,2033.6,1961.5,1996.1,2131.2,2075.7,2155.5,2239.2,2172.4,2038.1,1955,1878.8,1956.3,2065.2,1964.7,2182.1,2124.6,2124.4,2093.6
2039.1,2159.8,2117.2,1848,1983.8,2053.8,2179.9,2103,2045.3,2322.1,2003.6,2183.3,2033.6,1961.5,1996.1,2130.9,2075.7,2155.5,2239.2,2172.4,2038.1,1955,1878.8,1955.8,2065.2,1964.7,2182.1,2124.6,2119.3,2093.6
2038.7,2158.6,2116,1848,1983.8,2053.7,2179.7,2101.9,2045.3,2322.1,1995.7,2183.3,2033.5,1961.5,1996.1,2128.7,2075.7,2155.4,2239.2,2172.4,2037,1955,1878.8,1955.7,2065.2,1964.7,2182.1,2124.6,2117.4,2093.6
2038.7,2154.5,2116,1848,1983.8,2053.7,2179.7,2101.9,2045.3,2322.1,1995.7,2183.3,2033.5,1961.5,1996.1,2128.7,2075.7,2155.4,2239.2,2172.4,2037,1955,1878.8,1955,2065.2,1964.7,2182.1,2124.6,2113.1,2093.6
2038.7,2154.5,2114.6,1848,1982.4,2052.9,2176.7,2101.9,2045,2322.1,1995.7,2183.3,2027.5,1961.5,1996.1,2128.7,2075.7,2155.4,2239.2,2172.4,2036.6,1955,1878.8,1955,2065.2,1964.7,2182.1,2124.6,2113.1,2093.1
2038.7,2154.5,2114.6,1848,1978.1,2052.9,2166.9,2094.5,2044.1,2322.1,1990.4,2183.3,2027.5,1961.5,1996.1,2128.7,2075.7,2155.4,2239.2,2172.4,2036.6,1955,1877.8,1955,2065.2,1964.7,2182.1,2114.1,2081,2093.1
2037.4,2145.5,2114.6,1848,1978.1,2052.5,2165.5,2094.5,2043.7,2322.1,1990.4,2183.3,2027.5,1961.5,1996.1,2128.7,2075.7,2155.4,2239.2,2172.4,2036.6,1955,1877.8,1955,2065.2,1964.2,2170.2,2114.1,2081,2091.4
2037.4,2142.6,2114.6,1848,1978.1,2052.5,2164.6,2094.5,2043.7,2322.1,1990,2183.3,2027.5,1961.5,1996.1,2127.9,2075.7,2155.4,2239.2,2172.4,2036.6,1955,1877.8,1955,2065.2,1964.2,2170.2,2114.1,2081,2089.6
2037.4,2142.3,2114.6,1848,1978.1,2050.5,2163.8,2094.5,2043.4,2322.1,1989.7,2183.3,2027.5,1961.5,1996.1,2127.9,2075.7,2155.4,2239.2,2172.4,2036.6,1955,1877.8,1955,2065.2,1964.2,2170.2,2114.1,2081,2089.6
2037.4,2142.3,2114.6,1848,1978.1,2046.3,2163.5,2094.5,2043.4,2322.1,1989.7,2183.3,2027.3,1961.5,1996.1,2127.6,2075.7,2155.4,2239.2,2172.4,2036.6,1955,1877.8,1955,2065.2,1964.2,2169.8,2114.1,2081,2088.5
2037.4,2142.3,2114.6,1848,1978.1,2045.3,2163.5,2082.3,2042.3,2322.1,1989.7,2183.3,2027.2,1961.5,1996.1,2127.2,2075.7,2155.4,2239.2,2172.4,2036.1,1954.8,1877.8,1955,2065.2,1964.2,2169.8,2114.1,2081,2086.6
2037.4,2142.3,2114.6,1848,1978.1,2045.3,2162.9,2082.3,2042.3,2322.1,1989.2,2183.3,2027.2,1961.3,1996.1,2126.5,2075.7,2155.4,2239.2,2172.4,2036,1953.4,1877.8,1954.7,2065.2,1964.2,2169.8,2114.1,2081,2086.6
2037.4,2142.3,2114.6,1848,1978.1,2044.4,2162.9,2082.3,2042.3,2322.1,1987.7,2183.3,2027.2,1960.1,1996.1,2126.5,2075.7,2155.4,2239.2,2172.4,2036,1953.4,1877.8,1953.8,2065.2,1964.2,2169.8,2114.1,2079.3,2086.6
2037.4,2142.3,2114.6,1848,1978.1,2035.9,2162.9,2082.3,2029.8,2322.1,1987.7,2183.2,2027.2,1960.1,1996.1,2126.2,2075.7,2155.4,2239.2,2172.4,2034.5,1953.4,1877.7,1953.8,2065.2,1964.2,2169.8,2114.1,2079.3,2086.6
2037.4,2138.7,2113.9,1848,1978.1,2035.9,2162.6,2082.3,2029.8,2322.1,1987.7,2182.4,2026.9,1959.2,1996.1,2125.2,2075.7,2155.4,2239.2,2172.4,2034.4,1953.4,1877.7,1953.2,2065.2,1964.2,2164.4,2114.1,2075.9,2086.6
2037.4,2138.7,2113.9,1848,1978.1,2035.9,2162.6,2082.3,2029.8,2322.1,1987.7,2182.4,2026.7,1959.1,1996.1,2125,2075.7,2155.2,2239.2,2172.4,2031.4,1953.4,1877.7,1953.2,2065.2,1964.2,2164.4,2114.1,2068.5,2086.4
2037.4,2134.4,2113.5,1848,1978.1,2035.9,2162.6,2082.3,2029.8,2322.1,1986.8,2182.4,2026.7,1959.1,1996.1,2123.3,2075.7,2155.2,2239.2,2172.4,2031.4,1953.4,1877.7,1946,2065.2,1964.2,2164.4,2114.1,2062.6,2086.3
2037.3,2134.4,2109.3,1848,1978.1,2035.9,2162.3,2082.3,2029.8,2322.1,1982.9,2182.4,2026.7,1959.1,1996.1,2123.3,2075.7,2155.2,2239.2,2172.4,2031.4,1953.4,1877.7,1945.6,2065.2,1964.2,2164.4,2114.1,2059.9,2083.5
2037.3,2133.5,2109.3,1848,1978.1,2035.9,2162.2,2080.5,2029.8,2322.1,1982.9,2182.4,2026.7,1956.4,1996.1,2122.5,2075.7,2155.2,2239.2,2172.4,2031.4,1953.4,1877.7,1945.2,2065.2,1964.2,2164.4,2114.1,2043.9,2082.6
2037.1,2130.2,2109.3,1848,1978.1,2035.8,2162,2075.1,2029.8,2322.1,1982.9,2182.4,2026.7,1956.4,1996.1,2122.3,2075.7,2155.2,2239.2,2172.4,2031.4,1953.4,1877.7,1945.2,2065.2,1964.2,2161.6,2114.1,2043.9,2082.6
2037.1,2127,2107.7,1848,1978.1,2033.7,2162,2075.1,2029.8,2322.1,1982.9,2182,2026.5,1956.4,1996.1,2122.3,2075.7,2155.2,2239.2,2172.4,2031.4,1953.4,1877.7,1945,2065.2,1964.2,2159.7,2114.1,2040.9,2082.6
2037.1,2125.5,2106.7,1848,1978.1,2033.7,2162,2075.1,2029.8,2322.1,1982.9,2182,2026.5,1956.4,1996.1,2122.3,2075.7,2155.1,2239.2,2172.4,2031.2,1953.4,1877.7,1945,2065.2,1958.5,2156.6,2114.1,2037.4,2081.9
2037,2124.9,2105.9,1848,1978.1,2033.7,2161.5,2075.1,2029.8,2322.1,1982.9,2182,2026.5,1955.8,1996.1,2121.4,2075.7,2154.7,2239.2,2172.4,2029.1,1953.4,1877.7,1944.8,2065.2,1958.4,2153.5,2114.1,2029.5,2081.9
2037,2124.6,2105.9,1848,1978.1,2033.7,2161.5,2075.1,2029.8,2322.1,1982.9,2182,2026.5,1955.8,1996.1,2121,2075.7,2154.7,2239.2,2172.4,2029.1,1948.8,1877.7,1944.8,2036.8,1958.4,2153.5,2114.1,2029.2,2072.8
2037,2120.8,2105.5,1848,1978.1,2032.6,2161.5,2073.5,2029.8,2322.1,1982.9,2181.6,2026.5,1955.8,1996.1,2121,2075.7,2154.7,2239.2,2172.4,2029.1,1948.8,1877.7,1944.8,2036.8,1958.4,2151.4,2114.1,2029.2,2072.8
2037,2120.8,2105.5,1840.4,1978.1,2032.6,2161.5,2073.5,2029.8,2322.1,1982.9,2181.6,2026.5,1955.8,1996.1,2120.1,2075.7,2154.7,2239.2,2172.4,2028.8,1948.8,1877.7,1944.7,2026.2,1958.2,2148.8,2114.1,2029.2,2072.8
2036.8,2118.3,2105.5,1840.4,1978.1,2032.6,2161.5,2073.5,2029.8,2322.1,1982.9,2181.6,2026.5,1955.8,1996.1,2120.1,2075.7,2154.3,2239.2,2172.4,2028.8,1947.6,1877.7,1944.7,2026.2,1953.5,2148.7,2114.1,2029.2,2072.8
2036.2,2118.3,2105.5,1840.4,1978.1,2032.6,2161.3,2073.5,2029.8,2322.1,1982.7,2181.6,2026.5,1955.8,1996.1,2119.8,2075.7,2154.3,2239.2,2172.4,2028.8,1947.6,1877.7,1944.5,2026.2,1953.5,2147.4,2114.1,2029.2,2072.8
2036.2,2116,2105.5,1840.4,1978.1,2032.6,2161.3,2072.3,2029.8,2322.1,1981.7,2181.6,2026.5,1955.5,1996.1,2119.8,2075.7,2154.3,2239.2,2172.4,2028.8,1947.6,1877.7,1944.5,2024.9,1950.9,2147.4,2114.1,2029.1,2072.8
2031.6,2116,2105.5,1836.4,1978.1,2032.6,2161.2,2071.4,2029.8,2322.1,1981.7,2181.6,2026.4,1955.2,1996.1,2119.8,2075.7,2153.4,2239.2,2172.4,2028.5,1947.6,1877.5,1944.4,2022.8,1949.4,2147.4,2114.1,2029,2072.8
2031.6,2115.8,2105.5,1836.4,1978.1,2032.5,2161.2,2070.1,2029.8,2322.1,1981.7,2180.8,2026.4,1951.1,1996.1,2118.6,2075.7,2153.4,2239.2,2172.4,2028.5,1947.6,1877.5,1944.4,2022.8,1949.4,2145.5,2114.1,2028,2072.8
2031.1,2114.6,2105.5,1836.4,1978.1,2032.5,2160.9,2070.1,2029.8,2322.1,1981.7,2180.7,2026.4,1951.1,1996.1,2118.6,2075.7,2153.4,2239.2,2172.4,2028.5,1947.6,1877.5,1944.4,2022.8,1949.4,2144.6,2099.5,2025.9,2072.8
2030.8,2112.3,2105.5,1836.4,1978.1,2032.5,2160.7,2070.1,2029.8,2322.1,1981.7,2179.7,2026.4,1951.1,1996.1,2118.3,2075.7,2153.4,2239.2,2172.4,2028.5,1939.7,1877.5,1944.4,2022.8,1949.4,2144.6,2099.5,2025.7,2072.8
2030.6,2108.9,2104.7,1836.4,1978.1,2032.5,2160.4,2067,2029.8,2322.1,1981.7,2179.7,2026.4,1951.1,1996.1,2118,2075.7,2153.4,2239.2,2172.4,2028.5,1939.7,1877.5,1944.4,2022.8,1949.4,2143.9,2099.5,2025.2,2072.8
2030.3,2108.5,2104.7,1830.5,1978.1,2032.5,2160.2,2067,2029.8,2322.1,1981.7,2179.7,2026.4,1951.1,1996.1,2117.9,2075.7,2153.4,2239.2,2172.4,2028.5,1939.7,1877.5,1944.4,2020.3,1949.4,2143.9,2099.5,2022.2,2072.8
2030.3,2107.2,2104.1,1830.5,1978.1,2027,2160.1,2065.5,2029.8,2322.1,1981.7,2179.7,2026.2,1951.1,1996.1,2117.9,2075.7,2153.4,2239.2,2172.4,2028.5,1939.5,1877.5,1944.4,2020.3,1949.4,2143.9,2099.5,2022.2,2072.8
2029.8,2107.2,2103.1,1830.5,1978.1,2027,2160,2047.7,2029.8,2322.1,1981.7,2179.7,2026.2,1951.1,1996.1,2117.8,2075.7,2153.4,2239.2,2172.4,2028.5,1939.5,1877.5,1944.4,2020.3,1949.4,2143.9,2099.5,2022.2,2072.8
2029.8,2107.2,2103.1,1830.5,1978.1,2024.4,2159.8,2047.7,2029.8,2322.1,1979.2,2179.7,2026.1,1951.1,1996.1,2116.5,2075.7,2153.4,2239.2,2172.4,2028.5,1939.5,1877.4,1944.3,2020.3,1949.4,2143.9,2098.4,2022.2,2072.8
2029.8,2101.2,2103.1,1830.5,1978.1,2024.4,2159.7,2047.7,2029.8,2322.1,1979.2,2179.7,2026.1,1950.6,1990.6,2116.1,2075.7,2153.4,2239.2,2172.4,2028.5,1939.5,1877.4,1944.3,2020.3,1949.4,2143.5,2098.4,2021.3,2072.8
2029.8,2101.2,2103.1,1830.5,1978.1,2023.8,2159.6,2047.7,2029.8,2322.1,1979.2,2179.7,2026.1,1950.6,1989.5,2116.1,2075.7,2153.4,2239.2,2172.4,2028.5,1939.5,1876.8,1944.2,2019.7,1949.4,2142.3,2098.4,2021.1,2072.8
2029.8,2101.2,2103.1,1830.5,1978.1,2023.4,2159.5,2047.7,2029.8,2322.1,1979.2,2179.7,2026.1,1950.6,1982.5,2115.7,2075.7,2153.4,2239.2,2172.4,2028.5,1938.6,1876.8,1944.2,2018.6,1949.4,2142.3,2098.3,2019.1,2072.8
2029.8,2101.2,2103.1,1830.5,1978.1,2023.4,2153.6,2046.9,2029.8,2322.1,1979.2,2179.7,2026.1,1950.6,1978,2115.6,2075.7,2153.4,2239.2,2172.4,2028.5,1904.6,1876.8,1944.2,2018.6,1949.4,2142.3,2098.3,2019.1,2072.8
2029.8,2099.9,2100.1,1830.5,1978.1,2023.2,2153.6,2046.4,2029.8,2322.1,1979.2,2179.7,2025.8,1950.6,1978,2115.5,2075.7,2153.4,2239.2,2172.4,2028.5,1904.5,1876.8,1944.1,2018.6,1949.4,2141.5,2098.3,2019.1,2072.3
2029.8,2099.9,2100.1,1823.8,1978.1,2021.4,2152.9,2046.4,2029.8,2322.1,1979.2,2179.7,2025.8,1946.6,1977.8,2115.2,2075.7,2153.4,2239.2,2172.4,2028.5,1904.5,1876.8,1944.1,2018.6,1949.4,2141.5,2098.3,2018.6,2072.3
2029.8,2097.8,2100.1,1823.4,1978.1,2021.3,2152.3,2046.4,2029.8,2322.1,1979.2,2179.7,2025.8,1946.6,1972.7,2115.1,2075.7,2153.4,2239.2,2172.4,2028.5,1904.5,1876.8,1944,2018.6,1949.2,2141.5,2098.3,2018.6,2062.3
2029.8,2097.8,2099.5,1818,1978.1,2021.1,2152.1,2046.4,2029.8,2322.1,1979.2,2179.7,2025.3,1946.6,1972.7,2115,2075.7,2153.4,2239.2,2172.4,2028.5,1904.5,1876.8,1943.9,2018.6,1949.2,2141.5,2086.7,2016.8,2060.3
2029.8,2096.1,2099.1,1818,1978.1,2020.8,2152.1,2046.4,2029.8,2322.1,1979.2,2179,2025.3,1945.8,1972.7,2114.5,2075.7,2153.4,2239.2,2172.4,2028.5,1904.5,1876.8,1943.9,2018.6,1948.9,2141.5,2086.4,2016.7,2060.3
2029.6,2096.1,2096,1817.9,1978.1,2020.8,2152.1,2046.4,2029.8,2322.1,1979.2,2178.7,2025.2,1945.7,1972.7,2114.4,2075.7,2153.4,2239.2,2172.4,2028.5,1904.5,1876.8,1943.9,2018.6,1948.9,2141.5,2086.3,2015.6,2060.3
2029.6,2094.8,2095.9,1817.9,1978.1,2020.8,2152,2040.7,2029.8,2322.1,1978.9,2178.7,2024.8,1945.7,1972.7,2114.3,2075.7,2153.4,2239.2,2172.4,2028.5,1904.5,1876.8,1943.9,2018.1,1948.3,2141.5,2086.2,2015.4,2060.3
2029.5,2094.3,2095.7,1817.9,1978.1,2020.6,2151.9,2040.7,2029.8,2322.1,1978.2,2178.7,2024.8,1945.7,1972.7,2114.2,2075.7,2149.7,2239.2,2172.4,2028.5,1904.5,1876.8,1943.9,2018.1,1947.9,2141.5,2079,2015,2060.3
2029.5,2093.9,2095.6,1817.9,1978.1,2020.6,2141.9,2040.7,2029.8,2322.1,1978.2,2178,2024.8,1945.7,1972.7,2114.1,2075.7,2149.7,2239.2,2172.4,2028.5,1904.5,1876.8,1943.9,2018.1,1947.9,2141,2079,2014.7,2060.3
2029.4,2093.9,2094.9,1817.9,1978.1,2020,2141.9,2040.7,2029.8,2322.1,1978.2,2177.1,2024.8,1945.7,1972.7,2113.8,2068.9,2147.6,2239.2,2172.4,2028.5,1904.5,1876.8,1943.8,2016.8,1947.7,2140.4,2079,2014,2060.3
2029.4,2092.9,2094.7,1817.9,1978.1,2020,2141.9,2040.7,2029.8,2322.1,1978.2,2177.1,2024.8,1945.7,1972,2113.3,2068.9,2147.6,2239.2,2172.4,2028.5,1904.5,1876.8,1943.8,2016.8,1947.5,2140.4,2079,2013,2060.3
2029.4,2090.9,2094.7,1817.9,1978.1,2020,2141.9,2040.7,2029.8,2322.1,1977.3,2177.1,2024.8,1945.7,1972,2113.3,2068.9,2147.6,2239.2,2172.4,2028.5,1904.5,1876.8,1943.7,2016.8,1947.2,2137,2079,2012.6,2060.3
2029.4,2090.8,2094.7,1817.7,1978.1,2020,2141.9,2036.8,2029.8,2322.1,1977.3,2177.1,2024.8,1945.7,1970.2,2113.3,2061.9,2147.6,2239.2,2172.4,2028.5,1904.5,1874.8,1943.6,2016.8,1947.2,2137,2079,2012.6,2060.3
2026.2,2090.3,2094.1,1816.8,1978.1,2020,2141.9,2036.8,2029.8,2322.1,1977.3,2177.1,2024.8,1945.7,1958.6,2113.3,2061.9,2147.6,2239.2,2172.4,2028.5,1904.5,1874.8,1943.6,2016.8,1944.8,2137,2078.3,2012.6,2060.3
2026.2,2089.9,2094.1,1816.8,1978.1,2020,2141.9,2036.1,2029.8,2322.1,1977.3,2177.1,2024.8,1945.7,1958.6,2113.2,2060.4,2146,2239.2,2172.4,2028.5,1904.5,1874.8,1943.6,2016.8,1944.8,2137,2078.3,2011.9,2060.3
2026.2,2089.2,2091.1,1816.7,1978.1,2018.3,2141.9,2035.7,2028,2322.1,1973.6,2176.6,2024.8,1945.7,1958.6,2113.1,2060.4,2145.7,2239.2,2172.4,2028.5,1904.5,1874.8,1943.5,2016.8,1944.8,2137,2078.1,2011.6,2060.3
2025.6,2088.2,2091.1,1816.7,1978.1,2017.6,2141.9,2035.7,2028,2322.1,1973.6,2176.6,2024.8,1945.7,1956.4,2113,2060.4,2145.1,2239.2,2172.4,2028.5,1904.5,1874.8,1943.3,2016.8,1944.8,2137,2077.3,2011.4,2060.3
2025.6,2088.2,2091.1,1813.9,1978.1,2017.6,2141.9,2034.8,2028,2322.1,1973.6,2174.4,2024.8,1945.7,1955.4,2112.9,2059.1,2145.1,2239.2,2172.4,2028.5,1900.8,1874.8,1943.3,2016.8,1944.8,2136.4,2077.3,2011.3,2060.3
2025.6,2087.7,2091.1,1813.9,1978.1,2017.6,2141.9,2034.5,2028,2322.1,1971.8,2174.4,2024.8,1945.7,1954.6,2112.8,2058.4,2145.1,2239.2,2172.4,2028.5,1900.8,1874.8,1943.3,2016.8,1944.8,2135.9,2077.3,2010.5,2060.3
2025.6,2087.7,2091.1,1813.9,1978.1,2017.6,2141.9,2034.3,2028,2322.1,1971.7,2174.4,2024.8,1945.7,1954.6,2112.5,2058.4,2145.1,2239.2,2172.4,2028.5,1900.8,1874.8,1943.3,2016.8,1944.8,2135.3,2077.3,2009.2,2060.3
2025.4,2084.8,2090.6,1813.9,1978.1,2017.6,2141.9,2033.3,2023.7,2322.1,1971.7,2174.4,2024.8,1945.7,1954.6,2112.2,2058,2145.1,2239.2,2172.4,2028.5,1896.6,1874.8,1943.3,2016.8,1944.8,2135.3,2077.3,2009.2,2060.3
2024.8,2084.8,2090.6,1813.9,1978.1,2017.6,2141.9,2033.3,2022.5,2322.1,1971.7,2174.3,2024.8,1945.7,1954.6,2112.2,2058,2145.1,2239.2,2172.4,2028.5,1896.3,1874.5,1943.3,2014.3,1944.8,2135.3,2077.3,2008.4,2060.3
2024.8,2084.8,2089.6,1813.9,1978.1,2017.6,2141.9,2030.3,2022.1,2322.1,1971.7,2172.7,2024.8,1945.7,1954.5,2112,2057.8,2145.1,2239.2,2172.4,2028.5,1896.3,1872.2,1943.3,2014.3,1943.9,2133.9,2077.3,2008.4,2059.7
2024.8,2084.8,2089.6,1813.9,1978.1,2017.6,2141.9,2028.6,2012.5,2322.1,1971.7,2172,2024.8,1945.7,1954.3,2111.2,2056.5,2140.4,2239.2,2172.4,2028.5,1887.3,1871.7,1943.3,2014.3,1943.8,2133.9,2077,2008.3,2059.7
2024.8,2084.8,2089.6,1813.9,1978.1,2017.6,2141.9,2028.6,2010.9,2322.1,1971.7,2172,2024.8,1945.7,1954.2,2110.7,2056.5,2138.2,2239.2,2172.4,2028.5,1887.3,1870.2,1942.9,2007.6,1943.8,2133.9,2074.8,2007.8,2059.3
2024.7,2084.8,2088.5,1813.9,1978.1,2017.6,2141.9,2025.9,2008.1,2322.1,1971.7,2172,2024.8,1945.7,1949.2,2110.7,2056.2,2138.2,2239.2,2172.4,2028.5,1887.3,1870.2,1942.9,1989.6,1943.8,2133.9,2074.8,2007.4,2059.3
2024.7,2084.1,2087,1813.9,1978.1,2017.6,2141.9,2025.9,2004.2,2322.1,1971.7,2172,2024.8,1945.7,1949.2,2109.3,2053.4,2138.2,2239.2,2172.4,2028.5,1887.3,1870.2,1942.9,1989.6,1943.1,2131.9,2074.8,2007,2055.2
2024.7,2083.6,2087,1813.5,1978.1,2017.6,2141.9,2025.9,2003.5,2322.1,1971.7,2171.7,2024.8,1945.7,1948.5,2109.3,2053.2,2138.2,2239.2,2172.4,2028.5,1887.3,1870.2,1942.9,1989.6,1943.1,2131.6,2074.8,2007,2055.2
2024.5,2082.8,2084.1,1812.2,1978.1,2017.6,2141.9,2024.4,2000.9,2322.1,1971.7,2171.7,2024.8,1945.7,1948.3,2108.1,2053.2,2138.2,2239.2,2172.4,2028.5,1887.3,1870.2,1942.1,1989.6,1943.1,2131.6,2074.8,2006.7,2054.7
2024.4,2082.8,2084.1,1810.5,1978.1,2017.6,2141.9,2024.4,2000.7,2322.1,1971.7,2169.6,2024.8,1945.7,1948,2108.1,2053.2,2138.2,2239.2,2172.4,2028.5,1886.7,1870.2,1942.1,1989.6,1943.1,2131.4,2074.8,2006.6,2054.4
2024.4,2082.8,2084.1,1772.9,1978.1,2017.6,2141.9,2024.4,2000.7,2322.1,1971.7,2168.9,2024.8,1945.7,1948,2108.1,2053.2,2138.2,2239.2,2172.4,2028.5,1886.7,1870.2,1942.1,1989.6,1943.1,2130,2074.8,2006.3,2054.4
2024.1,2082.6,2084.1,1769.6,1978.1,2017.6,2141.9,2024.4,2000.1,2322.1,1971.7,2168.9,2024.8,1945.7,1946.5,2107.9,2053.2,2138.2,2239.2,2172.4,2028.5,1886.7,1870.2,1942.1,1989.6,1943.1,2127.7,2074.8,1999.8,2054.4
2021.5,2082,2084.1,1769.6,1978.1,2017.6,2141.9,2024.4,1997.5,2322.1,1971.7,2168.9,2024.8,1945.7,1945.9,2107.5,2053.2,2137.1,2239.2,2172.4,2028.5,1886.7,1870.2,1942.1,1989.6,1943.1,2127.7,2072.7,1999.8,2054.4
2020.6,2082,2083.8,1769.6,1978.1,2017.6,2141.9,2024.4,1997.5,2322.1,1971.7,2168.4,2024.8,1945.7,1945.1,2107.5,2053.2,2137.1,2239.2,2172.4,2028.5,1885.7,1870.2,1942.1,1989.6,1943.1,2127.6,2072.7,1999.3,2053.8
2019.8,2082,2083.6,1769.6,1978.1,2017.6,2141.9,2024.4,1997.5,2322.1,1971.7,2168.4,2024.8,1945.7,1944.7,2107.1,2053.2,2136.4,2239.2,2172.4,2028.5,1884.9,1870.2,1942.1,1989.6,1943.1,2127.2,2072.7,1999.3,2053.8
2019.7,2081.5,2082,1769.6,1978.1,2017.6,2141.9,2024.1,1994.9,2322.1,1971.7,2168.2,2024.8,1945.7,1944.7,2106.4,2053.2,2136.4,2239.2,2172.4,2028.5,1884.4,1870.2,1942.1,1989.6,1943.1,2127.2,2072.7,1998.5,2053.8
2019.7,2081.5,2081.2,1769.6,1978.1,2017.6,2141.9,2024.1,1994.9,2322.1,1971.7,2167.2,2024.8,1945.7,1942.1,2105.9,2053.2,2136.4,2239.2,2172.4,2028.5,1883.9,1870.2,1942.1,1989.6,1943.1,2127.2,2072.7,1997.8,2053.8
2019.5,2081.2,2080,1769.6,1978.1,2017.6,2141.9,2023.3,1994.8,2322.1,1971.7,2167.2,2024.8,1945.7,1942.1,2105.9,2053.2,2136.4,2239.2,2172.4,2028.5,1881.4,1870.2,1942.1,1989.6,1943.1,2127.2,2072.7,1995.4,2053.8
2019.5,2081.2,2080,1769.6,1978.1,2017.6,2141.9,2023.3,1993.5,2322.1,1971.7,2167.2,2024.8,1945.7,1942.1,2105.9,2051.3,2133.3,2239.2,2172.4,2028.3,1881.4,1870.2,1942.1,1989.6,1943.1,2127.2,2072.7,1995.4,2053.8
2019.5,2081.2,2077.5,1769.6,1978.1,2017.6,2141.9,2023.3,1993.5,2322.1,1971.7,2166.7,2024.8,1945.7,1942.1,2105.5,2051.3,2133.3,2239.2,2172.4,2028.3,1881.4,1870.2,1942.1,1989.6,1943.1,2127.1,2072.7,1995.4,2053.8
2019.5,2081,2077.4,1769.6,1978.1,2017.6,2141.9,2023.3,1993.5,2322.1,1971.7,2166,2024.8,1945.7,1942.1,2105.5,2051.3,2133.2,2239.2,2172.4,2028.2,1881.4,1870.2,1942.1,1989.6,1943.1,2127.1,2072.7,1994.2,2053.8
2019.5,2081,2076.9,1769.6,1978.1,2017.6,2141.9,2023.3,1993.5,2322.1,1971.7,2164.2,2024.8,1945.7,1942.1,2105,2051.3,2132.2,2239.2,2172.4,2028.1,1881.4,1870.2,1942.1,1989.6,1943,2127.1,2072.7,1994.2,2050.4
2019.5,2080.7,2076.5,1769.6,1978.1,2017.6,2141.9,2022.8,1993.2,2322.1,1971.7,2164.2,2024.8,1945.7,1934.1,2105,2051.3,2131.9,2239.2,2172.4,2027.6,1881.4,1870.2,1942.1,1989.6,1940.3,2125.8,2072.7,1994.2,2050.4
2019.5,2080.7,2076.5,1766.2,1978.1,2014.4,2141.9,2022.8,1992.1,2322.1,1971.7,2163.7,2024.8,1945.7,1934.1,2105,2051.3,2131.7,2239.2,2172.4,2027.3,1881.4,1870.2,1942.1,1989.6,1940.3,2124.6,2072.7,1994.2,2050.4
2018,2080.7,2073.6,1766.2,1978.1,2014.4,2141.9,2022.6,1992.1,2322.1,1971.7,2163.7,2024.8,1945.7,1933.9,2104.8,2051.3,2131.7,2239.2,2172.4,2027.3,1878.2,1868.4,1942.1,1989.6,1940.3,2124.6,2072.6,1991.6,2050.3
2018,2080.4,2068.5,1766.2,1978.1,2014.4,2141.9,2022.6,1990.1,2322.1,1971.7,2162.5,2024.8,1945.7,1933.9,2104.8,2051.3,2131.7,2239.2,2172.4,2027.3,1874.7,1868.4,1942.1,1989.6,1940.3,2124.6,2072.6,1990.8,2050.3
2017.9,2080.2,2067.7,1766.2,1978.1,2014.4,2141.6,2022.6,1990.1,2322.1,1971.7,2162.5,2024.8,1945.7,1933.9,2104.4,2051.3,2131.7,2239.2,2172.4,2027.3,1874.7,1868.4,1942.1,1989.6,1940.3,2124.6,2072.2,1990.7,2049.4
2017.9,2080.2,2067.7,1766.2,1978.1,2014.4,2141.6,2022.6,1990.1,2322.1,1971.7,2162.5,2024.8,1945.7,1933.7,2104.4,2051.3,2131.7,2239.2,2172.4,2027.2,1874.7,1868.4,1942.1,1989.6,1940.3,2124.6,2072.2,1990.6,2049.3
2017.9,2064.1,2067.7,1766.2,1978.1,2014.4,2141.6,2022.6,1990,2322.1,1971.7,2162.2,2024.8,1945.7,1933.7,2103.4,2051.3,2131.1,2239.2,2172.4,2027.1,1874.1,1868.4,1942.1,1989.6,1940.3,2124.6,2071.8,1987.6,2046.9
2017.9,2063.1,2067.7,1766.2,1978.1,2014.4,2141.2,2022.6,1989.9,2322.1,1971.7,2161.8,2024.8,1945.7,1933.7,2103.4,2051.3,2131.1,2239.2,2172.4,2027.1,1874.1,1868.2,1942.1,1989.6,1940.3,2124.6,2071.8,1987.6,2045.3
